path,bytes,sha256_at_snapshot,review_mode,findings,review_snapshot_utc
AGENTS.md,1268,e26658893c8272dee4920794e7fcfbff18b23da2434efed7b9cc3426d6acfbe0,full instruction review; added deployment-ownership rule observed; no deployment performed,ROOT-07,2026-10-04T02:58:11.098785+00:00
agent-experiment-guide/CHECKLISTS.md,3651,8a63dd88a6e584c0656e2884f35cb18e3fcc783ef9da2937f06bb4e3733af9f0,fully read,,2026-10-04T02:30:09.871374+00:00
agent-experiment-guide/GUIDE.md,26785,04b79555255e71b2fa97bbabf410d3938bdbd4eda5f0564d9dde95948a5f2565,fully read,GUIDE-001,2026-10-04T02:30:09.871374+00:00
agent-experiment-guide/HARNESS.md,10815,e54e7d7555488fb01cc8c573836a54c994b92944d1aef859d9882083cc2ed0c0,fully read,,2026-10-04T02:30:09.871374+00:00
agent-experiment-guide/LITERATURE.md,22606,043435bf0c4626933fee264a93104c0e0ca77ac1560c58add2d24ff11b09bb26,fully read,GUIDE-007,2026-10-04T02:30:09.871374+00:00
agent-experiment-guide/PACKAGE-MANIFEST.json,3315,c47fac7a289df3e29329fb7c77887f7b525299beccef5cf643d7810ccada7372,fully read and every inventory hash verified,,2026-10-04T02:30:09.871374+00:00
agent-experiment-guide/README.md,3346,d78dc4840196b52b6405d0dfac14dc77fcd941b3f897ec91127f550f43e439db,fully read,,2026-10-04T02:30:09.871374+00:00
agent-experiment-guide/SEARCH-LOG.md,5186,4817134bb818f448be3f486fe40360b0d3b5f78112641a3551e4afef137f5f0e,fully read,,2026-10-04T02:30:09.871374+00:00
agent-experiment-guide/VALIDATION.md,2855,6e82ee73ad7971ff4fd4410ce5e7bc4ea60917a4a92735cebb202a6a1b75b1f5,fully read,GUIDE-002,2026-10-04T02:30:09.871374+00:00
agent-experiment-guide/examples/collective-sensing/PROTOCOL.md,11794,09287eb40aeafbe4530fe325a0fe1ac984721747ea9daa18eb42eadb7af0862d,fully read,,2026-10-04T02:30:09.871374+00:00
agent-experiment-guide/examples/collective-sensing/RESULTS.md,2563,8401d8effa2becb1b694cfa787e463c349064da60d679778f098f726f5a466cd,fully read,,2026-10-04T02:30:09.871374+00:00
agent-experiment-guide/examples/collective-sensing/config.json,438,38ba39e0a591631af552c9f6fff4a28cf41b73edbbc0e70fa0ceb3ee744528f1,fully read,,2026-10-04T02:30:09.871374+00:00
agent-experiment-guide/examples/collective-sensing/output/config.resolved.json,438,eae9e08fe2097b550596d22c3f48131ab3549b7a49b8c3e8e97b531c184f492d,fully parsed and inspected,,2026-10-04T02:30:09.871374+00:00
agent-experiment-guide/examples/collective-sensing/output/events.jsonl,5959823,7d34d1f1be57c90286f24555c65ec8b5ff392ead966b96c7d4978b03ed994e45,all records parsed and semantically recomputed,,2026-10-04T02:30:09.871374+00:00
agent-experiment-guide/examples/collective-sensing/output/manifest.json,1323,2f10e0a5de8345a4e04fd7f006deb02ff9b753a7ddbe6eea988778512ef8eec4,fully read,,2026-10-04T02:30:09.871374+00:00
agent-experiment-guide/examples/collective-sensing/output/outcomes.jsonl,419663,958ae4c10222a34a016f38e4390e385270964a0d63f5bd1c8af2ee0e4a2f90de,all records parsed and semantically recomputed,,2026-10-04T02:30:09.871374+00:00
agent-experiment-guide/examples/collective-sensing/output/planned-runs.json,199683,0a9e346635db1ce73830bfa4b67eb0d4ff5abb8a1c5548ca8f4a05bd39acd415,all records structurally and relationally parsed,,2026-10-04T02:30:09.871374+00:00
agent-experiment-guide/examples/collective-sensing/output/summary.json,1504,bcbb23c3a5f55c98016f38e653a4f71e847711338e4a9fd0c3aaaa7ff775d6e4,fully read,,2026-10-04T02:30:09.871374+00:00
agent-experiment-guide/schemas/README.md,2782,0aecbb8231afd5233fb2988f9af7ba4991268a24ff2267d498bd677e0f37634c,fully read,,2026-10-04T02:30:09.871374+00:00
agent-experiment-guide/schemas/agent-definition.schema.json,3819,944bad6460cabb5d277ea12f757c4810e5fd96ba4a26d1fb226ab160864937e2,fully read,,2026-10-04T02:30:09.871374+00:00
agent-experiment-guide/schemas/context-access.schema.json,4782,0b53f528f81d15a59611cdadfe641e7ba4242a636d8938cb6e689ddc199931ab,fully read,,2026-10-04T02:30:09.871374+00:00
agent-experiment-guide/schemas/event.schema.json,1351,11c110cd16808385cf891d82c11867de2ef1a3456a36e09b07793a874e98c851,fully read,GUIDE-004,2026-10-04T02:30:09.871374+00:00
agent-experiment-guide/schemas/outcome.schema.json,1570,1d21f2506d16683f3a06d4702c96f1feae91c2a925da824e5f459a9ded5e2d0a,fully read,,2026-10-04T02:30:09.871374+00:00
agent-experiment-guide/schemas/run-config.schema.json,5532,2af4bba87ad8df86d9b1c1163b6278cb070878d085563b7eda87492f1a435f22,fully read,,2026-10-04T02:30:09.871374+00:00
agent-experiment-guide/schemas/toy-config.schema.json,1417,95d982e23ccafefabdb131811db577e0cab3a14c12be593b8901fef8cf9b99c0,fully read,GUIDE-005,2026-10-04T02:30:09.871374+00:00
agent-experiment-guide/scripts/contracts.py,2310,daf5e625d76324ce44bb3e78716f2b3085334e7325216ad3bb339c66f770a013,fully read,,2026-10-04T02:30:09.871374+00:00
agent-experiment-guide/scripts/toy_harness.py,9224,cd8aac0b13e58c08866d6cfde0c06fc81c8147a1f4c1e2a3aea121050b79d932,fully read,"GUIDE-001,GUIDE-003,GUIDE-005",2026-10-04T02:30:09.871374+00:00
agent-experiment-guide/scripts/validate.py,6350,e3774941d378d963fdf4cb033c240d60663cf4a56b106de4a588bf4f01edb44a,fully read,"GUIDE-001,GUIDE-002,GUIDE-003,GUIDE-004",2026-10-04T02:30:09.871374+00:00
agent-experiment-guide/templates/agent-definition.json,1240,83f4db755d5fff38120c663038deb2cb144095629d428691b83e0fbf06303cf1,fully read,GUIDE-006,2026-10-04T02:30:09.871374+00:00
agent-experiment-guide/templates/context-access.json,1657,c087d769b2f4923202d98696edcb3628420b710fdd9d212825a3de03c2f517ce,fully read,GUIDE-006,2026-10-04T02:30:09.871374+00:00
agent-experiment-guide/templates/protocol.md,4114,5d0e0b4e085712ffe6ff8e4e6bec90063380f608928d657e23af9105e053a0aa,fully read,,2026-10-04T02:30:09.871374+00:00
agent-experiment-guide/templates/run-config.json,2026,2f84632c577003a766bd688e2ca8863645e1a1f753f548f7e143491aa9e9dd35,fully read,"GUIDE-001,GUIDE-006",2026-10-04T02:30:09.871374+00:00
agent-swarm-influence-research.md,12521,768a75e162293f204cad25b9872ffb95c29a05b520560774bbd586e14a653027,full prose/source review,,2026-10-04T02:30:09.871374+00:00
avalon-swarm/.gitignore,19,862263fa1f46c20f0d1e4dac5ffcc75abd55c08211b2c3864c5f8764b9d87793,full substantive source/document review,,2026-10-04T02:30:09.871374+00:00
avalon-swarm/ADAPTER.md,3667,0fadc13778bf25d4389af2817c3111b74b832682b6e23e4d87b45298bbc33a76,full substantive source/document review,AV-07,2026-10-04T02:30:09.871374+00:00
avalon-swarm/PROTOCOL.md,18471,784a07075fb76024f940bc55a3f45f1d09455fc232e9d9501b96182612b161f4,full substantive source/document review,"AV-02,AV-04,AV-05",2026-10-04T02:30:09.871374+00:00
avalon-swarm/README.md,5933,1bd7ac795046093a17f05e7f9727ac49385f8c24d861f0132f0377b3e922d785,full substantive source/document review,AV-01,2026-10-04T02:30:09.871374+00:00
avalon-swarm/RESULTS.md,5108,55cb4f9bd50441f7dd4ac613ac45a199ed7dc298d7abd4e9da78e9691f3542a5,full substantive source/document review,AV-06,2026-10-04T02:30:09.871374+00:00
avalon-swarm/benchmark.py,25879,5722f63f375612e4dc3e2dbab68df5900d9f1cd162c24954633d8366678209b1,full substantive source/document review,"AV-01,AV-02,AV-03,AV-04,AV-05,AV-07",2026-10-04T02:30:09.871374+00:00
avalon-swarm/report.py,7499,df250e779deeec020ba44df2717260b24094503c08666a5fcdf4f806ae4d5513,full substantive source/document review,AV-06,2026-10-04T02:30:09.871374+00:00
avalon-swarm/results/consensus-v02/outcomes.jsonl,77673,2894fb85fb5e2f5e194087e420695a844e33db4d4eab0e8b7c2be3da374f2766,every event/outcome parsed; Regrowth decisions reconstructed; Avalon hash chains and terminal payloads verified; no raw log dumping,AV-05,2026-10-04T02:30:09.871374+00:00
avalon-swarm/results/consensus-v02/plan.json,4044,4493857984e3854710887d2464cd4e7b15759f3e5714740b61765fc441eafba5,every field parsed; assignments/qualifications/summary/manifests/receipt consistency checked,,2026-10-04T02:30:09.871374+00:00
avalon-swarm/results/consensus-v02/source.sha256,65,ed3c3eac84b770ab578cc158b58f8bce85e4f418044c7b3e6eb50997adfbe6dd,digest compared to corresponding current/archived source,,2026-10-04T02:30:09.871374+00:00
avalon-swarm/results/recovery-pilot/events-audit-0.jsonl,390243,7c33606856a0fc6afd41b7ded0559b84e500b8f323195fea7f0728433290b878,every event/outcome parsed; Regrowth decisions reconstructed; Avalon hash chains and terminal payloads verified; no raw log dumping,,2026-10-04T02:30:09.871374+00:00
avalon-swarm/results/recovery-pilot/events-audit-1.jsonl,608244,fe7450eb91db6f2997a248bb9df97c9a6b22d68b6ac2814c562eb1b42fc027e3,every event/outcome parsed; Regrowth decisions reconstructed; Avalon hash chains and terminal payloads verified; no raw log dumping,,2026-10-04T02:30:09.871374+00:00
avalon-swarm/results/recovery-pilot/events-audit-2.jsonl,550694,9342064862ddcfce515ca377ca5ee18052168b5193db4dbe0a519c478f07edc9,every event/outcome parsed; Regrowth decisions reconstructed; Avalon hash chains and terminal payloads verified; no raw log dumping,,2026-10-04T02:30:09.871374+00:00
avalon-swarm/results/recovery-pilot/events-audit-3.jsonl,499013,d47979297e8282ed00fa48f94d0a2e416c4b88167c5e41c0567bc9a5cba82dcf,every event/outcome parsed; Regrowth decisions reconstructed; Avalon hash chains and terminal payloads verified; no raw log dumping,,2026-10-04T02:30:09.871374+00:00
avalon-swarm/results/recovery-pilot/events-audit-4.jsonl,444896,71f906a6cfa2cb0d4887d3a4630b3bc2601bc8cc971990d0d3d00903c23a7e5c,every event/outcome parsed; Regrowth decisions reconstructed; Avalon hash chains and terminal payloads verified; no raw log dumping,,2026-10-04T02:30:09.871374+00:00
avalon-swarm/results/recovery-pilot/events-none-0.jsonl,336807,0dcbeaabf24c403e298cf41d598ae28604d1c5807e0c07209887efc0e87930fc,every event/outcome parsed; Regrowth decisions reconstructed; Avalon hash chains and terminal payloads verified; no raw log dumping,,2026-10-04T02:30:09.871374+00:00
avalon-swarm/results/recovery-pilot/events-none-1.jsonl,499076,b5164435ed92fdf68bb01a00a2e291fcee533243f3ebd8e51fe4e35d12247605,every event/outcome parsed; Regrowth decisions reconstructed; Avalon hash chains and terminal payloads verified; no raw log dumping,,2026-10-04T02:30:09.871374+00:00
avalon-swarm/results/recovery-pilot/events-none-2.jsonl,496480,1bb76ad9b5e3e566ca1a9407b8ce58803a1b132e8c7f34c8cac66725601eda19,every event/outcome parsed; Regrowth decisions reconstructed; Avalon hash chains and terminal payloads verified; no raw log dumping,,2026-10-04T02:30:09.871374+00:00
avalon-swarm/results/recovery-pilot/events-none-3.jsonl,549209,d31799d1ee406269fa70f23172a5374351b68d3a269934e53cac637bfce64a33,every event/outcome parsed; Regrowth decisions reconstructed; Avalon hash chains and terminal payloads verified; no raw log dumping,,2026-10-04T02:30:09.871374+00:00
avalon-swarm/results/recovery-pilot/events-none-4.jsonl,606582,e7a3d6234b0accd26383c14b3b19c7976f421d3dce54705174ff0645158134c6,every event/outcome parsed; Regrowth decisions reconstructed; Avalon hash chains and terminal payloads verified; no raw log dumping,,2026-10-04T02:30:09.871374+00:00
avalon-swarm/results/recovery-pilot/events-repair-0.jsonl,390736,7bc75bf44a26cb4c8389b6897d8e6327cceceed26ddb0f0b7d8785e893685848,every event/outcome parsed; Regrowth decisions reconstructed; Avalon hash chains and terminal payloads verified; no raw log dumping,,2026-10-04T02:30:09.871374+00:00
avalon-swarm/results/recovery-pilot/events-repair-1.jsonl,608246,576df8e036333df54c3811468239db082d41f6d331791dd21a1134929d8a0a7b,every event/outcome parsed; Regrowth decisions reconstructed; Avalon hash chains and terminal payloads verified; no raw log dumping,,2026-10-04T02:30:09.871374+00:00
avalon-swarm/results/recovery-pilot/events-repair-2.jsonl,549987,6af41ad1710748857e371e3c4561cbeb8f7881686a74b455282cf9cb36a7bc03,every event/outcome parsed; Regrowth decisions reconstructed; Avalon hash chains and terminal payloads verified; no raw log dumping,,2026-10-04T02:30:09.871374+00:00
avalon-swarm/results/recovery-pilot/events-repair-3.jsonl,499498,4e0aabe24d0646a3c7379550ca059ce9ee6ca2b0fb5dc2e2a2d46f56cc610333,every event/outcome parsed; Regrowth decisions reconstructed; Avalon hash chains and terminal payloads verified; no raw log dumping,,2026-10-04T02:30:09.871374+00:00
avalon-swarm/results/recovery-pilot/events-repair-4.jsonl,445757,36245cfb79c6b035fc47c393065bfa5f7e8b7c00ca8e3d88b283a888851befe0,every event/outcome parsed; Regrowth decisions reconstructed; Avalon hash chains and terminal payloads verified; no raw log dumping,,2026-10-04T02:30:09.871374+00:00
avalon-swarm/results/recovery-pilot/outcomes.jsonl,22914,46ce600dc92de8add68256747ca7ffd4d5f13ee805d390ba0de67a8718dfe6ce,every event/outcome parsed; Regrowth decisions reconstructed; Avalon hash chains and terminal payloads verified; no raw log dumping,,2026-10-04T02:30:09.871374+00:00
avalon-swarm/results/recovery-pilot/plan.json,1788,5d7c15f600e1df0b8228fa65cc3b0144fa8d2604baec69552b0aa035127e7290,every field parsed; assignments/qualifications/summary/manifests/receipt consistency checked,,2026-10-04T02:30:09.871374+00:00
avalon-swarm/results/recovery-pilot/source.sha256,65,94ba8d0546223e7eac2ec47cb142aa61f4c0bb00880ffb661b727841b236d4e9,digest compared to corresponding current/archived source,,2026-10-04T02:30:09.871374+00:00
avalon-swarm/results/reference-v01/benchmark.py,20240,5ff9feb92e66e2792fddd68ecd58b49729b2a425ca642fec9f36dc03b4f66a34,full substantive source/document review,,2026-10-04T02:30:09.871374+00:00
avalon-swarm/results/scale-final/outcomes.jsonl,22958,df2397727a3e00a300cf2ff83d06abc6175e71db8a4730b4d2936d2d1f6fe860,every event/outcome parsed; Regrowth decisions reconstructed; Avalon hash chains and terminal payloads verified; no raw log dumping,,2026-10-04T02:30:09.871374+00:00
avalon-swarm/results/scale-final/plan.json,1764,1262043d379fd9a272d940fa98a91dbf191c3f02248de53b30633f187de1f7a6,every field parsed; assignments/qualifications/summary/manifests/receipt consistency checked,,2026-10-04T02:30:09.871374+00:00
avalon-swarm/results/scale-final/source.sha256,65,94ba8d0546223e7eac2ec47cb142aa61f4c0bb00880ffb661b727841b236d4e9,digest compared to corresponding current/archived source,,2026-10-04T02:30:09.871374+00:00
avalon-swarm/tests/test_benchmark.py,7357,c4f94fa61cd2634638e374ec14e90a8caccb8f5631cfe5fa58dbe50dcac3bc50,full substantive source/document review,,2026-10-04T02:30:09.871374+00:00
dossier-src/baseline.html,115174,5c0b3b6eabc80699e951422cfb1d117bb9574ec8de0f44a31a2be7d6652c90fb,generated baseline: unique substantive content reviewed through original-build.py; extracted text and generated structure cross-checked,,2026-10-04T02:30:09.871374+00:00
dossier-src/build.py,11626,f29a33db32e2933a525f513872490615aa86d8e8a58b14b8c7ad766d3fd1c9fb,full prose/source review,"ROOT-01,ROOT-06,ROOT-09",2026-10-04T02:30:09.871374+00:00
dossier-src/check-boundaries.cjs,2711,30122354e80b77c21cb3257a1a9b2e339b98fd91c4e49d09c2c53613bc4ba1f3,source review; primary current browser regression commands executed where applicable,,2026-10-04T02:30:09.871374+00:00
dossier-src/check-prism.cjs,2175,1b9cca910eec5a46c0bacd8730905b434b4661c242d0ef2f9ab97d5f72c7a277,source review; primary current browser regression commands executed where applicable,ROOT-08,2026-10-04T02:30:09.871374+00:00
dossier-src/check.cjs,3232,93aeda5d986eb6e81d325231ce76cb26fd4b9407e87d4685fee43196c1002270,source review; primary current browser regression commands executed where applicable,,2026-10-04T02:30:09.871374+00:00
dossier-src/demos.js,29935,d9b7a317b3732182fb50aa4546f4e580fe934c39f6dca386dcf5875515721f55,full prose/source review,,2026-10-04T02:30:09.871374+00:00
dossier-src/motif_icons.py,1530,85744921a4d6dffedba0eedea4ada5c103e69fba769a5a1fc9f69ccc48095d50,full prose/source review,,2026-10-04T02:30:09.871374+00:00
dossier-src/original-build.py,67951,6d79f7b02570f3efc701365eeedf1c450f56ca3463d027ecb3261ced47f01052,full prose/source review,ROOT-01,2026-10-04T02:30:09.871374+00:00
dossier-src/prism.css,8907,9f288f48860280a8b76b5bf684a7628bad7dff48a7ce3b0593328f3f37a9c746,full prose/source review,,2026-10-04T02:30:09.871374+00:00
dossier-src/prism.js,8941,6aa3da059f1c8f4ae8ff8afd484d4c8300df26bec3233a0cc94d35dd5abe0be0,full prose/source review,,2026-10-04T02:30:09.871374+00:00
dossier-src/prism.py,5329,e2c6d3584eec837bb05c889413bb6c0624e715aa7f9dc739fad1e71d023379c3,full prose/source review,ROOT-06,2026-10-04T02:30:09.871374+00:00
dossier-src/research.py,20605,f88aadd44cda3663a77e7d2f24915022dbaaa8d47519e21048caa50ce5854570,full prose/source review,"ROOT-01,ROOT-09",2026-10-04T02:30:09.871374+00:00
dossier-src/theme.css,8058,8e9632d79d9445dc1b98a482486ba4f6b7e385b5d6393f2a5029c310f7712110,full prose/source review,,2026-10-04T02:30:09.871374+00:00
grove-hackathon-context.md,7294,c554f410ed3c0d8377b7c760a97cba9d55ec7998fe85807ef2f91ed100c0d0ea,full prose/source review,ROOT-07,2026-10-04T02:30:09.871374+00:00
healing-helping-hands/jev-reservations.sqlite,143360,b5b13b18939d814f8cde0faa760c699cdbca0dd2aaef397af18270534f362d8f,read-only integrity check and aggregate ledger accounting only,,2026-10-04T02:30:09.871374+00:00
healing-helping-hands/results/diagnostic-03/calls.jsonl,25727,879d53933979ba271e5ed74ee0a7130ff5a4358188b1da016aa850c45cd3bee0,every JSONL record parsed; safe aggregate analysis and trace reconciliation,,2026-10-04T02:30:09.871374+00:00
healing-helping-hands/results/diagnostic-03/fixtures.json,3033,8b0a79fcaa32cd17ab4822f113ab16448ee3e5e95999efe015903638faa16f45,full JSON parse; schema/semantic cross-checks by artifact family,,2026-10-04T02:30:09.871374+00:00
healing-helping-hands/results/diagnostic-03/manifest.json,6499,7ee972db44f1d04fe4bf9467bb4b16f3e6037d98fb9d012921798164c3de3c29,full JSON parse; schema/semantic cross-checks by artifact family,,2026-10-04T02:30:09.871374+00:00
healing-helping-hands/results/diagnostic-03/plan-receipt.json,1020,c8ce60ae8c4f0a67e0f9039ad53862b5c136d3680dff9ef63c335a98dd760e59,full JSON parse; schema/semantic cross-checks by artifact family,,2026-10-04T02:30:09.871374+00:00
healing-helping-hands/results/diagnostic-03/progress.json,1331,33c15a2b8582b6920ea5aead2bcd14b41e0ce3fc33fa81789ff50e864189962f,full JSON parse; schema/semantic cross-checks by artifact family,,2026-10-04T02:30:09.871374+00:00
healing-helping-hands/results/diagnostic-03/summary.json,4228,25108e8488fe6fba831a6fd6850eecbd2cea41dafd9407870987e9a5d85825e3,full JSON parse; schema/semantic cross-checks by artifact family,,2026-10-04T02:30:09.871374+00:00
healing-helping-hands/results/diagnostic-04/calls.jsonl,17532,a9093eb4790a506cb1d9499104a94665363cc9a8e2cdc4ac8926039750152b62,every JSONL record parsed; safe aggregate analysis and trace reconciliation,,2026-10-04T02:30:09.871374+00:00
healing-helping-hands/results/diagnostic-04/fixtures.json,3033,8b0a79fcaa32cd17ab4822f113ab16448ee3e5e95999efe015903638faa16f45,full JSON parse; schema/semantic cross-checks by artifact family,,2026-10-04T02:30:09.871374+00:00
healing-helping-hands/results/diagnostic-04/manifest.json,5314,fc9bc250b96382c79479add4fcb4c3bf29d77373979cd990019b3429df858338,full JSON parse; schema/semantic cross-checks by artifact family,,2026-10-04T02:30:09.871374+00:00
healing-helping-hands/results/diagnostic-04/plan-receipt.json,1019,a21f6a5134671868204ec73b3e6b303400ae305189e168b1fe8cedc749d060d9,full JSON parse; schema/semantic cross-checks by artifact family,,2026-10-04T02:30:09.871374+00:00
healing-helping-hands/results/diagnostic-04/progress.json,1334,e5e6358ff68be30171492cf2ce7269382c5d66209afb0f37879c2d5e380ac200,full JSON parse; schema/semantic cross-checks by artifact family,,2026-10-04T02:30:09.871374+00:00
healing-helping-hands/results/diagnostic-04/summary.json,2842,4bfa3e58b84b135366eb407d40f2f3e4a0a0e0f070848653c93d11be3a244625,full JSON parse; schema/semantic cross-checks by artifact family,,2026-10-04T02:30:09.871374+00:00
healing-helping-hands/results/jev-qualification-01/calls.jsonl,36695,3c0c206e8069afb84fdfd62c7de81cef4e01f128848309e61f798af073b95346,every JSONL record parsed; safe aggregate analysis and trace reconciliation,,2026-10-04T02:30:09.871374+00:00
healing-helping-hands/results/jev-qualification-01/fixtures.json,8669,cd9be3df92e294152dd4d73b80c413b469f734d6360f7223a1ae91e8521fbda9,full JSON parse; schema/semantic cross-checks by artifact family,,2026-10-04T02:30:09.871374+00:00
healing-helping-hands/results/jev-qualification-01/manifest.json,7603,e7756a06b5652fdc57a8493470ccffd2c3df33b710d79ebb940c8def2e2d364f,full JSON parse; schema/semantic cross-checks by artifact family,,2026-10-04T02:30:09.871374+00:00
healing-helping-hands/results/jev-qualification-01/plan-receipt.json,1084,8a64563763058f3aade2fcd2532ee78402da35c0760498f8c325fcff222e89e5,full JSON parse; schema/semantic cross-checks by artifact family,,2026-10-04T02:30:09.871374+00:00
healing-helping-hands/results/jev-qualification-01/progress.json,27,d5902762d2b27ef85989edc99badb764c2b569b084b49ae31e33e81711ed3fa1,full JSON parse; schema/semantic cross-checks by artifact family,,2026-10-04T02:30:09.871374+00:00
healing-helping-hands/results/jev-qualification-01/qualification.json,4453,994ed76705581a81280703fd6a9b249b070ac8884be155bbeb7d6c181039e682,full JSON parse; schema/semantic cross-checks by artifact family,EP-10,2026-10-04T02:30:09.871374+00:00
healing-helping-hands/results/pilot-01/8101-exact-evidence+withdrawals-combined.json,301551,740cb6e0b8edf1fab2d9885e6eb8cad6078a49fd2523ac405372c8284d60541f,full JSON parse; schema/semantic cross-checks by artifact family,,2026-10-04T02:30:09.871374+00:00
healing-helping-hands/results/pilot-01/8101-exact-evidence+withdrawals-erasure.json,270256,53788b62482cde62ac824d45d59967b0ecb11181ea3abb74afd801679d818fcf,full JSON parse; schema/semantic cross-checks by artifact family,,2026-10-04T02:30:09.871374+00:00
healing-helping-hands/results/pilot-01/8101-exact-evidence+withdrawals-none.json,270248,f6a0ac5e19167a237d975ad6e2ebb5008719d125eb6fee9f92bce69460cb7cd7,full JSON parse; schema/semantic cross-checks by artifact family,,2026-10-04T02:30:09.871374+00:00
healing-helping-hands/results/pilot-01/8101-exact-evidence+withdrawals-withdrawal.json,301555,a5f1fd8da1efd4276f4943583067ba56ed7282840ee03e7ac3c7b828c236cc37,full JSON parse; schema/semantic cross-checks by artifact family,,2026-10-04T02:30:09.871374+00:00
healing-helping-hands/results/pilot-01/8101-exact-evidence-only-combined.json,271545,58ecb024339331062f0ef3a01618586ccd456496fc29cafb6980179a50254ae6,full JSON parse; schema/semantic cross-checks by artifact family,,2026-10-04T02:30:09.871374+00:00
healing-helping-hands/results/pilot-01/8101-exact-evidence-only-erasure.json,270242,7377240198bf861f55899fbd769da93e1c597c0cb4911b71a4e9933b50916d1e,full JSON parse; schema/semantic cross-checks by artifact family,,2026-10-04T02:30:09.871374+00:00
healing-helping-hands/results/pilot-01/8101-exact-evidence-only-none.json,270234,9005395839c46d2c54a282801ebed6fd693117dc0c6d734bad8faec56897ea47,full JSON parse; schema/semantic cross-checks by artifact family,,2026-10-04T02:30:09.871374+00:00
healing-helping-hands/results/pilot-01/8101-exact-evidence-only-withdrawal.json,271550,456fe9e86ec7dae81f56eb8534832be7feb612822268743e5e3a131742515b26,full JSON parse; schema/semantic cross-checks by artifact family,,2026-10-04T02:30:09.871374+00:00
healing-helping-hands/results/pilot-01/8101-exact-none-combined.json,130455,0c668cbb52ca929aed4c4ae374511f8be813a210d7156ed71a15fc34e8218e27,full JSON parse; schema/semantic cross-checks by artifact family,,2026-10-04T02:30:09.871374+00:00
healing-helping-hands/results/pilot-01/8101-exact-none-erasure.json,129880,02afcbe6ecdfedd2818779bde7967791680570d5d92f947cba9e2c47c2e70c32,full JSON parse; schema/semantic cross-checks by artifact family,,2026-10-04T02:30:09.871374+00:00
healing-helping-hands/results/pilot-01/8101-exact-none-none.json,128899,3d9bc2ea8424204037e1d14d6cf89cb5863e8dcc3485d97ae340d482f26e4075,full JSON parse; schema/semantic cross-checks by artifact family,,2026-10-04T02:30:09.871374+00:00
healing-helping-hands/results/pilot-01/8101-exact-none-withdrawal.json,129652,f5d86ed2ee69e96d7e272ca03014fd7bf3e727291aaa5a059bff9a2826860800,full JSON parse; schema/semantic cross-checks by artifact family,,2026-10-04T02:30:09.871374+00:00
healing-helping-hands/results/pilot-01/8101-qwen+laya-evidence+withdrawals-combined.json,187,33d7eae5e71c093d853e7d607c514059b935c81977e5fa98fee94bfcbc654818,full JSON parse; schema/semantic cross-checks by artifact family,,2026-10-04T02:30:09.871374+00:00
healing-helping-hands/results/pilot-01/8101-qwen+laya-evidence+withdrawals-erasure.json,185,1307cdc1eff5e1006691a6b7c2f340680e30e8e4160b59d42acf7a0d4015491a,full JSON parse; schema/semantic cross-checks by artifact family,,2026-10-04T02:30:09.871374+00:00
healing-helping-hands/results/pilot-01/8101-qwen+laya-evidence+withdrawals-none.json,179,568dcccd14b03b6f13e7145e253c482b016b8fd0e1c285baa8c9e715f9a6aafd,full JSON parse; schema/semantic cross-checks by artifact family,,2026-10-04T02:30:09.871374+00:00
healing-helping-hands/results/pilot-01/8101-qwen+laya-evidence+withdrawals-withdrawal.json,191,cecd21092b6c434ea3bfd617ce02fc722492d2da958a590edc230dfbc1cdaec8,full JSON parse; schema/semantic cross-checks by artifact family,,2026-10-04T02:30:09.871374+00:00
healing-helping-hands/results/pilot-01/8101-qwen+laya-evidence-only-combined.json,173,9eab224cd4f52f4755f32def4a4e412285bbad07016b94bd0c165d16a9580f3f,full JSON parse; schema/semantic cross-checks by artifact family,,2026-10-04T02:30:09.871374+00:00
healing-helping-hands/results/pilot-01/8101-qwen+laya-evidence-only-erasure.json,171,b2ad5a0ba6ba2f06c189858b7e13dfe762dd8af4891d6b677738140c64ea24aa,full JSON parse; schema/semantic cross-checks by artifact family,,2026-10-04T02:30:09.871374+00:00
healing-helping-hands/results/pilot-01/8101-qwen+laya-evidence-only-none.json,165,02133e81435a593b65e285d87c9cdb06fac4a57e0644fa91f272432bd37675e9,full JSON parse; schema/semantic cross-checks by artifact family,,2026-10-04T02:30:09.871374+00:00
healing-helping-hands/results/pilot-01/8101-qwen+laya-evidence-only-withdrawal.json,177,1b37430d8c3e2aa4c7ec1a6ae5502e8663e5088e7a435737aa3b7be8667e78b8,full JSON parse; schema/semantic cross-checks by artifact family,,2026-10-04T02:30:09.871374+00:00
healing-helping-hands/results/pilot-01/8101-qwen+laya-none-combined.json,155,3a75adb357e092090bdc250c0e73358ca20da29465764823dd0ea7ab7dde5466,full JSON parse; schema/semantic cross-checks by artifact family,,2026-10-04T02:30:09.871374+00:00
healing-helping-hands/results/pilot-01/8101-qwen+laya-none-erasure.json,153,74347ad35503e500135d568b7a5a5b2855d9bcf219bf98bdf1a24c5e0759a7fb,full JSON parse; schema/semantic cross-checks by artifact family,,2026-10-04T02:30:09.871374+00:00
healing-helping-hands/results/pilot-01/8101-qwen+laya-none-none.json,147,518e1ecb6f480b91b2ffd811449a082dafdfd3b278568bc8fda607d2ddf2c843,full JSON parse; schema/semantic cross-checks by artifact family,,2026-10-04T02:30:09.871374+00:00
healing-helping-hands/results/pilot-01/8101-qwen+laya-none-withdrawal.json,159,d67f077b86db111a235ecf23727060c2661dfdc905b61a68c6a6f560c017cb37,full JSON parse; schema/semantic cross-checks by artifact family,,2026-10-04T02:30:09.871374+00:00
healing-helping-hands/results/pilot-01/8101-qwen+qwen-evidence+withdrawals-combined.json,187,1854584f3c80e767d9706dd497a885931afce19cd9ad4bc6e11ef9d86b0bb2b4,full JSON parse; schema/semantic cross-checks by artifact family,,2026-10-04T02:30:09.871374+00:00
healing-helping-hands/results/pilot-01/8101-qwen+qwen-evidence+withdrawals-erasure.json,185,86541a51f5882a2110ad0728ff7e5f45e3127ca1b4edd82f18979752d79cf0c2,full JSON parse; schema/semantic cross-checks by artifact family,,2026-10-04T02:30:09.871374+00:00
healing-helping-hands/results/pilot-01/8101-qwen+qwen-evidence+withdrawals-none.json,179,ea09072d00310352c81d3ca32ffe60fd356813536a37e619a33091878c6933f7,full JSON parse; schema/semantic cross-checks by artifact family,,2026-10-04T02:30:09.871374+00:00
healing-helping-hands/results/pilot-01/8101-qwen+qwen-evidence+withdrawals-withdrawal.json,191,22f325d206649626534cb9fdf25410fb7e778ec187dffd4c9f93a865caaf0e27,full JSON parse; schema/semantic cross-checks by artifact family,,2026-10-04T02:30:09.871374+00:00
healing-helping-hands/results/pilot-01/8101-qwen+qwen-evidence-only-combined.json,173,9be58fa040299e554e579259fd1cc6256022bead9e0748d6b7db611330cb7b50,full JSON parse; schema/semantic cross-checks by artifact family,,2026-10-04T02:30:09.871374+00:00
healing-helping-hands/results/pilot-01/8101-qwen+qwen-evidence-only-erasure.json,171,d31b4eee0e19bc44601b497762e0c2d46a3041792a8e2835753553c05386ffbd,full JSON parse; schema/semantic cross-checks by artifact family,,2026-10-04T02:30:09.871374+00:00
healing-helping-hands/results/pilot-01/8101-qwen+qwen-evidence-only-none.json,165,9de0a0144167250865f04a13ae79675c2acb345d9703932754623dc37b9890e1,full JSON parse; schema/semantic cross-checks by artifact family,,2026-10-04T02:30:09.871374+00:00
healing-helping-hands/results/pilot-01/8101-qwen+qwen-evidence-only-withdrawal.json,177,b900471eca59ed6505e71d9dd6ced531bca5079a545875ca2866fbc7397ee83b,full JSON parse; schema/semantic cross-checks by artifact family,,2026-10-04T02:30:09.871374+00:00
healing-helping-hands/results/pilot-01/8101-qwen+qwen-none-combined.json,155,eaf4787eca51c39e76bc8dddea0903860aedf0dbce6c2de15ea43bc00c01816d,full JSON parse; schema/semantic cross-checks by artifact family,,2026-10-04T02:30:09.871374+00:00
healing-helping-hands/results/pilot-01/8101-qwen+qwen-none-erasure.json,153,c749a8b5aae07e52ee8a1d027b383d619918f7a456c253ff968af6540effce13,full JSON parse; schema/semantic cross-checks by artifact family,,2026-10-04T02:30:09.871374+00:00
healing-helping-hands/results/pilot-01/8101-qwen+qwen-none-none.json,147,84087beb9c03588288f52f7b83c40593f11bb1c56b901576e3267fe2fa2c988b,full JSON parse; schema/semantic cross-checks by artifact family,,2026-10-04T02:30:09.871374+00:00
healing-helping-hands/results/pilot-01/8101-qwen+qwen-none-withdrawal.json,159,fa462d605609ccb360485522a3eac902494c5e308fc78c23666ed1c6ddc2b79b,full JSON parse; schema/semantic cross-checks by artifact family,,2026-10-04T02:30:09.871374+00:00
healing-helping-hands/results/pilot-01/8101-qwen-evidence+withdrawals-combined.json,177,296e06b0f904928be0f3927cfa7fa0409d4625b29faf3b4fccb4f6295658a1aa,full JSON parse; schema/semantic cross-checks by artifact family,,2026-10-04T02:30:09.871374+00:00
healing-helping-hands/results/pilot-01/8101-qwen-evidence+withdrawals-erasure.json,175,15c5bf10f850af8bfee4ed92e4dff902ba9273b3f4b5f4ae2bf2918ef1f082d0,full JSON parse; schema/semantic cross-checks by artifact family,,2026-10-04T02:30:09.871374+00:00
healing-helping-hands/results/pilot-01/8101-qwen-evidence+withdrawals-none.json,169,3d4c4d5f607bbc0132b543d6d0394e0c548e69b0924d13d4b89e19d51939c6de,full JSON parse; schema/semantic cross-checks by artifact family,,2026-10-04T02:30:09.871374+00:00
healing-helping-hands/results/pilot-01/8101-qwen-evidence+withdrawals-withdrawal.json,181,68ae771ffb2f8fac05931cab77954951d47834832ec30320288ab4ed9c3341de,full JSON parse; schema/semantic cross-checks by artifact family,,2026-10-04T02:30:09.871374+00:00
healing-helping-hands/results/pilot-01/8101-qwen-evidence-only-combined.json,163,36b8579af067683ec5377fc7b1a0e5a90b96d6d12b63b7c9bdcf509e80fe47a8,full JSON parse; schema/semantic cross-checks by artifact family,,2026-10-04T02:30:09.871374+00:00
healing-helping-hands/results/pilot-01/8101-qwen-evidence-only-erasure.json,161,da061e157b1abde56072ba2d06d2c6e091bfcb4af43d9a764328904eeb7b20c9,full JSON parse; schema/semantic cross-checks by artifact family,,2026-10-04T02:30:09.871374+00:00
healing-helping-hands/results/pilot-01/8101-qwen-evidence-only-none.json,155,9b204fe221034bac7bcd8efb8a0185ccaa0cf384b94cbaab583a18b6450acb37,full JSON parse; schema/semantic cross-checks by artifact family,,2026-10-04T02:30:09.871374+00:00
healing-helping-hands/results/pilot-01/8101-qwen-evidence-only-withdrawal.json,167,8bc49563bcb032ee4ed653e1d1f4681c865714ea342801f31cf697bc40fe1605,full JSON parse; schema/semantic cross-checks by artifact family,,2026-10-04T02:30:09.871374+00:00
healing-helping-hands/results/pilot-01/8101-qwen-none-combined.json,145,e01b5ab451d797fe96f06c52943a1191a46b4eca7a485d2d8f6c35b1ff7054e7,full JSON parse; schema/semantic cross-checks by artifact family,,2026-10-04T02:30:09.871374+00:00
healing-helping-hands/results/pilot-01/8101-qwen-none-erasure.json,143,cb73a245420b465a6784a26be1e4e88e2c6fb36a139ad5445be0307f022cc0a2,full JSON parse; schema/semantic cross-checks by artifact family,,2026-10-04T02:30:09.871374+00:00
healing-helping-hands/results/pilot-01/8101-qwen-none-none.json,137,8c2004cf7e90046581a6a9ea4fc594611917593ea0d871fedfb722bc5580fd9a,full JSON parse; schema/semantic cross-checks by artifact family,,2026-10-04T02:30:09.871374+00:00
healing-helping-hands/results/pilot-01/8101-qwen-none-withdrawal.json,149,1222200dffce7a645e5e4e1ee79fb40971d09a8e9358c4c1b5bebded8a2cbb99,full JSON parse; schema/semantic cross-checks by artifact family,,2026-10-04T02:30:09.871374+00:00
healing-helping-hands/results/pilot-01/8102-exact-evidence+withdrawals-combined.json,301188,ad4a1901f34ab73ef6566d900595078f507b703d9f066d5fb6dac1a3aa7ee8c1,full JSON parse; schema/semantic cross-checks by artifact family,,2026-10-04T02:30:09.871374+00:00
healing-helping-hands/results/pilot-01/8102-exact-evidence+withdrawals-erasure.json,270388,a063dff40cc95a49fceba67682d86cf757f11a02921a98a359a8316a7f8b3975,full JSON parse; schema/semantic cross-checks by artifact family,,2026-10-04T02:30:09.871374+00:00
healing-helping-hands/results/pilot-01/8102-exact-evidence+withdrawals-none.json,270382,34936b20b86e64cbd039b4a7e800742386b689d746cceb7c2a95ba3f0816ca66,full JSON parse; schema/semantic cross-checks by artifact family,,2026-10-04T02:30:09.871374+00:00
healing-helping-hands/results/pilot-01/8102-exact-evidence+withdrawals-withdrawal.json,301192,c53975ad8c64a47008b6268c0e4b519dce7a05be209c5e5a50e8ea6b1607d0c5,full JSON parse; schema/semantic cross-checks by artifact family,,2026-10-04T02:30:09.871374+00:00
healing-helping-hands/results/pilot-01/8102-exact-evidence-only-combined.json,272238,dc8f339ebad87da720a72cd2756113712524b8509cb2b9c718bec6bdb6a69c7d,full JSON parse; schema/semantic cross-checks by artifact family,,2026-10-04T02:30:09.871374+00:00
healing-helping-hands/results/pilot-01/8102-exact-evidence-only-erasure.json,270374,39883c88cd2f4b8f62c4fc2bac11c1647399dd47b0fda303a00fbb3195629f7e,full JSON parse; schema/semantic cross-checks by artifact family,,2026-10-04T02:30:09.871374+00:00
healing-helping-hands/results/pilot-01/8102-exact-evidence-only-none.json,270368,c6496a6158453cee67b5afee59b596241891f58cb4beea0803e9ffa549e765df,full JSON parse; schema/semantic cross-checks by artifact family,,2026-10-04T02:30:09.871374+00:00
healing-helping-hands/results/pilot-01/8102-exact-evidence-only-withdrawal.json,272242,ad24673dcf733bb8f2454e7d8c9ee19c02d6c489263f6e0ddc42f85151adb001,full JSON parse; schema/semantic cross-checks by artifact family,,2026-10-04T02:30:09.871374+00:00
healing-helping-hands/results/pilot-01/8102-exact-none-combined.json,130545,31d0e1b75957e6daa0d5a94fd0cb9a3d749c07a80f5124e424e135676836b92f,full JSON parse; schema/semantic cross-checks by artifact family,,2026-10-04T02:30:09.871374+00:00
healing-helping-hands/results/pilot-01/8102-exact-none-erasure.json,129732,1465629e93eff69d5be9d4b45ceef5872e6049e7ad14e68d733845f33baddb3f,full JSON parse; schema/semantic cross-checks by artifact family,,2026-10-04T02:30:09.871374+00:00
healing-helping-hands/results/pilot-01/8102-exact-none-none.json,128899,3f99ca4b15bc0cadfa1bf0e6b7ea53cd2440527b24f4b57962e0a771c048df25,full JSON parse; schema/semantic cross-checks by artifact family,,2026-10-04T02:30:09.871374+00:00
healing-helping-hands/results/pilot-01/8102-exact-none-withdrawal.json,129974,748d94d75fa98ad435a07ad47ca83939afc507f32df462caac92a6decf08fdc2,full JSON parse; schema/semantic cross-checks by artifact family,,2026-10-04T02:30:09.871374+00:00
healing-helping-hands/results/pilot-01/8102-qwen+laya-evidence+withdrawals-combined.json,187,85016ef06452977b37779f86bf38c52c164e7198af3d0a1c163fead9a1c87380,full JSON parse; schema/semantic cross-checks by artifact family,,2026-10-04T02:30:09.871374+00:00
healing-helping-hands/results/pilot-01/8102-qwen+laya-evidence+withdrawals-erasure.json,185,46ad731bb29a07b6653722e81d4f39840db18411085ee778fbb0eae3edfac548,full JSON parse; schema/semantic cross-checks by artifact family,,2026-10-04T02:30:09.871374+00:00
healing-helping-hands/results/pilot-01/8102-qwen+laya-evidence+withdrawals-none.json,179,3baa6acb9a10f4d0669ac1db19ff6d715a52b06d1a62e3876c9ce81c8eb232af,full JSON parse; schema/semantic cross-checks by artifact family,,2026-10-04T02:30:09.871374+00:00
healing-helping-hands/results/pilot-01/8102-qwen+laya-evidence+withdrawals-withdrawal.json,191,add1bcd98afae82e6f994e94d6613002b5cf7c9c439c72e952a1b7a0a41665d8,full JSON parse; schema/semantic cross-checks by artifact family,,2026-10-04T02:30:09.871374+00:00
healing-helping-hands/results/pilot-01/8102-qwen+laya-evidence-only-combined.json,173,be3a2063d56bdc1f7c581876cffcda08ef02735a78ccb4494b3107c86b5a0bbf,full JSON parse; schema/semantic cross-checks by artifact family,,2026-10-04T02:30:09.871374+00:00
healing-helping-hands/results/pilot-01/8102-qwen+laya-evidence-only-erasure.json,171,fe914501acff31818ea8eb18927928426d578383c32449e13065a90960d871a8,full JSON parse; schema/semantic cross-checks by artifact family,,2026-10-04T02:30:09.871374+00:00
healing-helping-hands/results/pilot-01/8102-qwen+laya-evidence-only-none.json,165,8f2c8ac91e43d841bac25fc68375deb2cdd576faf4e9769cbc002619c20c4de4,full JSON parse; schema/semantic cross-checks by artifact family,,2026-10-04T02:30:09.871374+00:00
healing-helping-hands/results/pilot-01/8102-qwen+laya-evidence-only-withdrawal.json,177,14c696774a5ad97cfdfc19a82abd7899e31b2e15100913361b2555fce9b7c5da,full JSON parse; schema/semantic cross-checks by artifact family,,2026-10-04T02:30:09.871374+00:00
healing-helping-hands/results/pilot-01/8102-qwen+laya-none-combined.json,155,0494c9d8a7ce136c8b2d829035a45053a089139196605f85cff8fc48bcbd4585,full JSON parse; schema/semantic cross-checks by artifact family,,2026-10-04T02:30:09.871374+00:00
healing-helping-hands/results/pilot-01/8102-qwen+laya-none-erasure.json,153,a4f4c0e02d225f4c5a3d55e8b27bbc4708aea0a870c5f63c28425bcb59fd59a9,full JSON parse; schema/semantic cross-checks by artifact family,,2026-10-04T02:30:09.871374+00:00
healing-helping-hands/results/pilot-01/8102-qwen+laya-none-none.json,147,ff089d20fa9b3502e304f9cb0f26b589847e4348b9c2c6f6013e9e1eb7b04237,full JSON parse; schema/semantic cross-checks by artifact family,,2026-10-04T02:30:09.871374+00:00
healing-helping-hands/results/pilot-01/8102-qwen+laya-none-withdrawal.json,159,71ad918decbd108256b1872474b6d4cc8b4e3a44bed60e26126566e3e826f863,full JSON parse; schema/semantic cross-checks by artifact family,,2026-10-04T02:30:09.871374+00:00
healing-helping-hands/results/pilot-01/8102-qwen+qwen-evidence+withdrawals-combined.json,187,0a044bd3c87f81554ac3d9dca4d1c451743e30dea613e57b22feb970feb1120d,full JSON parse; schema/semantic cross-checks by artifact family,,2026-10-04T02:30:09.871374+00:00
healing-helping-hands/results/pilot-01/8102-qwen+qwen-evidence+withdrawals-erasure.json,185,ac22c8c9383b17cedc915eeb0af4fb5e7852904fb4106caf6a8d181ec16d4cde,full JSON parse; schema/semantic cross-checks by artifact family,,2026-10-04T02:30:09.871374+00:00
healing-helping-hands/results/pilot-01/8102-qwen+qwen-evidence+withdrawals-none.json,179,7fe70e3129c70bb8ab254fe2bed6dfac106a5c39b421d4a8a62730a7bbe61a40,full JSON parse; schema/semantic cross-checks by artifact family,,2026-10-04T02:30:09.871374+00:00
healing-helping-hands/results/pilot-01/8102-qwen+qwen-evidence+withdrawals-withdrawal.json,191,68c35fb8a6149798d429400a9cbb76c38217d5b14435f918de5319430f156882,full JSON parse; schema/semantic cross-checks by artifact family,,2026-10-04T02:30:09.871374+00:00
healing-helping-hands/results/pilot-01/8102-qwen+qwen-evidence-only-combined.json,173,46dba67e5e05af0699e01ddc52e02ee6b68981031bf21af7d0c44efb9f812f54,full JSON parse; schema/semantic cross-checks by artifact family,,2026-10-04T02:30:09.871374+00:00
healing-helping-hands/results/pilot-01/8102-qwen+qwen-evidence-only-erasure.json,171,b39b4e3f185165d14a397d5bbd29bb1a4f28fa4b72ec20fefa8d75e0dfa62857,full JSON parse; schema/semantic cross-checks by artifact family,,2026-10-04T02:30:09.871374+00:00
healing-helping-hands/results/pilot-01/8102-qwen+qwen-evidence-only-none.json,165,6a8dcc84d5da37500ac09d4455102f69099321dd813f544addf9e685c74c068d,full JSON parse; schema/semantic cross-checks by artifact family,,2026-10-04T02:30:09.871374+00:00
healing-helping-hands/results/pilot-01/8102-qwen+qwen-evidence-only-withdrawal.json,177,d3a617dc2fe29c0080c2b09746512156b6063e11f4edfa9ec4551c75d8f23af5,full JSON parse; schema/semantic cross-checks by artifact family,,2026-10-04T02:30:09.871374+00:00
healing-helping-hands/results/pilot-01/8102-qwen+qwen-none-combined.json,155,923a372ee53a77f4e4a4d18b07c84ab2f201ce045bb919e77190d39c4dab08b7,full JSON parse; schema/semantic cross-checks by artifact family,,2026-10-04T02:30:09.871374+00:00
healing-helping-hands/results/pilot-01/8102-qwen+qwen-none-erasure.json,153,b9deee2ca1de538c423ee3f9e2da5bfcd32fcef3480e2dd90ebee80fca523e97,full JSON parse; schema/semantic cross-checks by artifact family,,2026-10-04T02:30:09.871374+00:00
healing-helping-hands/results/pilot-01/8102-qwen+qwen-none-none.json,147,0ca1a59bcec51e9872ff5f04ec709f2a3f38f6322da678269cc20b9ecfbc5c8c,full JSON parse; schema/semantic cross-checks by artifact family,,2026-10-04T02:30:09.871374+00:00
healing-helping-hands/results/pilot-01/8102-qwen+qwen-none-withdrawal.json,159,79996b3962d6a969f50efc5527d7283be84fa9bc154b5f76db2200027ccb18f3,full JSON parse; schema/semantic cross-checks by artifact family,,2026-10-04T02:30:09.871374+00:00
healing-helping-hands/results/pilot-01/8102-qwen-evidence+withdrawals-combined.json,177,f3633f76f74c85fb6806b24a9a232e3e315c92cce012723db9d5c271c7b3dd5d,full JSON parse; schema/semantic cross-checks by artifact family,,2026-10-04T02:30:09.871374+00:00
healing-helping-hands/results/pilot-01/8102-qwen-evidence+withdrawals-erasure.json,175,60fa45366bee20c2aeda124f4d87de129629135971f326a40b0cabd3f489c11f,full JSON parse; schema/semantic cross-checks by artifact family,,2026-10-04T02:30:09.871374+00:00
healing-helping-hands/results/pilot-01/8102-qwen-evidence+withdrawals-none.json,169,a1b2854b80d16d1ea13771e6b010b35dda26dca3f2a783a8af9b764abdfba146,full JSON parse; schema/semantic cross-checks by artifact family,,2026-10-04T02:30:09.871374+00:00
healing-helping-hands/results/pilot-01/8102-qwen-evidence+withdrawals-withdrawal.json,181,1470f2e6ff6f4696d1983ec0aa104aa9d1afd04278569edabce9fc6e11c2d162,full JSON parse; schema/semantic cross-checks by artifact family,,2026-10-04T02:30:09.871374+00:00
healing-helping-hands/results/pilot-01/8102-qwen-evidence-only-combined.json,163,f68b97cb27a96fd61526aa9766be04bc8bbb37ca96506b0e5ee63e25e07e22d3,full JSON parse; schema/semantic cross-checks by artifact family,,2026-10-04T02:30:09.871374+00:00
healing-helping-hands/results/pilot-01/8102-qwen-evidence-only-erasure.json,161,7e65fe88a7df8f61a323e019957b721632bfbd3fd6c42febd0d8ba3cfe970cf5,full JSON parse; schema/semantic cross-checks by artifact family,,2026-10-04T02:30:09.871374+00:00
healing-helping-hands/results/pilot-01/8102-qwen-evidence-only-none.json,155,672ab550a68f5336f0daffa16ba334cf367c139cc4ced40da0f5343dc8f1d419,full JSON parse; schema/semantic cross-checks by artifact family,,2026-10-04T02:30:09.871374+00:00
healing-helping-hands/results/pilot-01/8102-qwen-evidence-only-withdrawal.json,167,a10e17ad0637444bb475bfbb0be808ec531e626dc3b4ba2080f2ef22364ddda7,full JSON parse; schema/semantic cross-checks by artifact family,,2026-10-04T02:30:09.871374+00:00
healing-helping-hands/results/pilot-01/8102-qwen-none-combined.json,145,37ca248cc1376ca2293cd491158d77d7ba5c6d4a2028892f9a2030d4cf652b45,full JSON parse; schema/semantic cross-checks by artifact family,,2026-10-04T02:30:09.871374+00:00
healing-helping-hands/results/pilot-01/8102-qwen-none-erasure.json,143,5cb3d098e435941ff59b1d551f1d1b8a65ece7eb7ae72f3216f5e8adcbc2a1a8,full JSON parse; schema/semantic cross-checks by artifact family,,2026-10-04T02:30:09.871374+00:00
healing-helping-hands/results/pilot-01/8102-qwen-none-none.json,137,0b6c21d55f7fbf5bcf913a8f38bb681246d8c8cd962cd69479d8e4d0759fcf9f,full JSON parse; schema/semantic cross-checks by artifact family,,2026-10-04T02:30:09.871374+00:00
healing-helping-hands/results/pilot-01/8102-qwen-none-withdrawal.json,149,6f828a942e189fcf836b73beae605c5d9e0d3c8533d5b160aaf32515660e0657,full JSON parse; schema/semantic cross-checks by artifact family,,2026-10-04T02:30:09.871374+00:00
healing-helping-hands/results/pilot-01/8103-exact-evidence+withdrawals-combined.json,301263,9ea1c862547e33b8fe40ee84897664099adf586fd586d456411b2fdcad6c8eaa,full JSON parse; schema/semantic cross-checks by artifact family,,2026-10-04T02:30:09.871374+00:00
healing-helping-hands/results/pilot-01/8103-exact-evidence+withdrawals-erasure.json,270285,8e16e67fc1eea5ebbf466e739360e75c215b67af35037498310639fdec00cf02,full JSON parse; schema/semantic cross-checks by artifact family,,2026-10-04T02:30:09.871374+00:00
healing-helping-hands/results/pilot-01/8103-exact-evidence+withdrawals-none.json,270273,c3110243179a49aa2f4ea78b415a8ee2483872b7bc6b652ab6515e1ee3c74afc,full JSON parse; schema/semantic cross-checks by artifact family,,2026-10-04T02:30:09.871374+00:00
healing-helping-hands/results/pilot-01/8103-exact-evidence+withdrawals-withdrawal.json,301265,a52cb63cdd53f7f6b113c76abee4b1139c4b99b73d26c383a4540bb85300b6ee,full JSON parse; schema/semantic cross-checks by artifact family,,2026-10-04T02:30:09.871374+00:00
healing-helping-hands/results/pilot-01/8103-exact-evidence-only-combined.json,271824,78bb79b8a9e63e470132ce1d7407403212e13529d59ab48e99f2b14bc4506631,full JSON parse; schema/semantic cross-checks by artifact family,,2026-10-04T02:30:09.871374+00:00
healing-helping-hands/results/pilot-01/8103-exact-evidence-only-erasure.json,270271,d2f090ca1d6fd45e37a02b176b70e1cf9a9f9c7ac63887b976e25c090c6d4f12,full JSON parse; schema/semantic cross-checks by artifact family,,2026-10-04T02:30:09.871374+00:00
healing-helping-hands/results/pilot-01/8103-exact-evidence-only-none.json,270259,8e0eec22de68aac87ed172b5202f017458b1addae2d2036da783f7d6ba510826,full JSON parse; schema/semantic cross-checks by artifact family,,2026-10-04T02:30:09.871374+00:00
healing-helping-hands/results/pilot-01/8103-exact-evidence-only-withdrawal.json,271826,91d7981116344276abaf488296ee8f6900c272b62bf8a57b45a4ef8571613ac7,full JSON parse; schema/semantic cross-checks by artifact family,,2026-10-04T02:30:09.871374+00:00
healing-helping-hands/results/pilot-01/8103-exact-none-combined.json,130320,2bf9a6385b77faa7ee3efa15fd816cf684b266566f652e0339cbcab6af1d9756,full JSON parse; schema/semantic cross-checks by artifact family,,2026-10-04T02:30:09.871374+00:00
healing-helping-hands/results/pilot-01/8103-exact-none-erasure.json,129338,8cae49b51a055e2f75b2190deb70022d8b8b235740d5c77dea8b23267d986306,full JSON parse; schema/semantic cross-checks by artifact family,,2026-10-04T02:30:09.871374+00:00
healing-helping-hands/results/pilot-01/8103-exact-none-none.json,128899,da720a1beecd6b9800c26677fd71fcd5849d95c2af95f973b453d23e78b687b7,full JSON parse; schema/semantic cross-checks by artifact family,,2026-10-04T02:30:09.871374+00:00
healing-helping-hands/results/pilot-01/8103-exact-none-withdrawal.json,129804,d34c703d9eb4efe0aca4d922ee1e04e9c11d066b5df67097266efe8e3c02df38,full JSON parse; schema/semantic cross-checks by artifact family,,2026-10-04T02:30:09.871374+00:00
healing-helping-hands/results/pilot-01/8103-qwen+laya-evidence+withdrawals-combined.json,187,bddacbdaa9dc8e6eee7b8134ec6d9ee46d47840c563689076e44162cab0be680,full JSON parse; schema/semantic cross-checks by artifact family,,2026-10-04T02:30:09.871374+00:00
healing-helping-hands/results/pilot-01/8103-qwen+laya-evidence+withdrawals-erasure.json,185,c543db6a1a231e75e20777626ad24bb02724abe305ff88036b56a30118f435a9,full JSON parse; schema/semantic cross-checks by artifact family,,2026-10-04T02:30:09.871374+00:00
healing-helping-hands/results/pilot-01/8103-qwen+laya-evidence+withdrawals-none.json,179,8906353a3df17f1dfa6f391a542ba765801a635d8d572290daeebea5cf5e6bee,full JSON parse; schema/semantic cross-checks by artifact family,,2026-10-04T02:30:09.871374+00:00
healing-helping-hands/results/pilot-01/8103-qwen+laya-evidence+withdrawals-withdrawal.json,191,c28c93224f4fa8ef4c83a458bf1891bfcd1e59e136e2fdbecc858384e9b15e42,full JSON parse; schema/semantic cross-checks by artifact family,,2026-10-04T02:30:09.871374+00:00
healing-helping-hands/results/pilot-01/8103-qwen+laya-evidence-only-combined.json,173,d2cc0daf49b181df9d607633308c0e75a64014ca192468804ddedbc4396328ba,full JSON parse; schema/semantic cross-checks by artifact family,,2026-10-04T02:30:09.871374+00:00
healing-helping-hands/results/pilot-01/8103-qwen+laya-evidence-only-erasure.json,171,69f305742c04cda3634d9cbc66a6668c7a33748f35a88b2ea08eb2d331aaa474,full JSON parse; schema/semantic cross-checks by artifact family,,2026-10-04T02:30:09.871374+00:00
healing-helping-hands/results/pilot-01/8103-qwen+laya-evidence-only-none.json,165,9a90ec682e405f6341e7d9eaec831582d7abc3ae320fcb4e47ace7e8d0af948d,full JSON parse; schema/semantic cross-checks by artifact family,,2026-10-04T02:30:09.871374+00:00
healing-helping-hands/results/pilot-01/8103-qwen+laya-evidence-only-withdrawal.json,177,074022ae0ff775b4ac16da229ba2dddb0fcf1d07765a2b23b724ad160a8eab14,full JSON parse; schema/semantic cross-checks by artifact family,,2026-10-04T02:30:09.871374+00:00
healing-helping-hands/results/pilot-01/8103-qwen+laya-none-combined.json,155,0d16409c957ef787b8e1a9147fe2912647784973fbccfcebaa4ba5a87a56f56c,full JSON parse; schema/semantic cross-checks by artifact family,,2026-10-04T02:30:09.871374+00:00
healing-helping-hands/results/pilot-01/8103-qwen+laya-none-erasure.json,153,2bd69f858127323cdcc404acb25918ad4d0263426d053019d30ebdea8678c835,full JSON parse; schema/semantic cross-checks by artifact family,,2026-10-04T02:30:09.871374+00:00
healing-helping-hands/results/pilot-01/8103-qwen+laya-none-none.json,147,6d886a55daf4dfb7b31c97750617c1cfc9e59ae013dcbd6b91ebb8a3c7d614e8,full JSON parse; schema/semantic cross-checks by artifact family,,2026-10-04T02:30:09.871374+00:00
healing-helping-hands/results/pilot-01/8103-qwen+laya-none-withdrawal.json,159,7f95e9e84b1fef0088b32b1d08746ef13ed3818701206fabc3cd8bcc51447928,full JSON parse; schema/semantic cross-checks by artifact family,,2026-10-04T02:30:09.871374+00:00
healing-helping-hands/results/pilot-01/8103-qwen+qwen-evidence+withdrawals-combined.json,187,ecf9cd3d7e37a0d60d198db61a8859b69540b89501a92db1fc710d2d5ffb87c8,full JSON parse; schema/semantic cross-checks by artifact family,,2026-10-04T02:30:09.871374+00:00
healing-helping-hands/results/pilot-01/8103-qwen+qwen-evidence+withdrawals-erasure.json,185,aa23e68ee92a81de1b61064d5c7b479ccb93e4b652d5194eb47498984d4d87ad,full JSON parse; schema/semantic cross-checks by artifact family,,2026-10-04T02:30:09.871374+00:00
healing-helping-hands/results/pilot-01/8103-qwen+qwen-evidence+withdrawals-none.json,179,8486dc1d9f5a8439ce3725d6d4a57cdc36575c0ee73b29f12945004b8e45a3d2,full JSON parse; schema/semantic cross-checks by artifact family,,2026-10-04T02:30:09.871374+00:00
healing-helping-hands/results/pilot-01/8103-qwen+qwen-evidence+withdrawals-withdrawal.json,191,1123569e7498ebe27fa2e8f71072ccf6e0f887f177cbf59768cafd85196e306f,full JSON parse; schema/semantic cross-checks by artifact family,,2026-10-04T02:30:09.871374+00:00
healing-helping-hands/results/pilot-01/8103-qwen+qwen-evidence-only-combined.json,173,bd46684bb3a270a6c1e475945496b14098a5c7c64c9c94354433a2983d630e0f,full JSON parse; schema/semantic cross-checks by artifact family,,2026-10-04T02:30:09.871374+00:00
healing-helping-hands/results/pilot-01/8103-qwen+qwen-evidence-only-erasure.json,171,7bd5d602846496c4e06289b691e659247a3f3ba11ec78809921fede157b623b6,full JSON parse; schema/semantic cross-checks by artifact family,,2026-10-04T02:30:09.871374+00:00
healing-helping-hands/results/pilot-01/8103-qwen+qwen-evidence-only-none.json,165,63344284fb190d26f489d1ef8985da55ef39337e683b32578441ba0f767729b3,full JSON parse; schema/semantic cross-checks by artifact family,,2026-10-04T02:30:09.871374+00:00
healing-helping-hands/results/pilot-01/8103-qwen+qwen-evidence-only-withdrawal.json,177,752d2e539ecd384fac1abb4f1713026a1856723f3f8a1985f949a2b5fef7e2fd,full JSON parse; schema/semantic cross-checks by artifact family,,2026-10-04T02:30:09.871374+00:00
healing-helping-hands/results/pilot-01/8103-qwen+qwen-none-combined.json,155,047ead190d4ebb612891bf9f82d1afca1d79a646f2d9d30a377e0f5451caa83e,full JSON parse; schema/semantic cross-checks by artifact family,,2026-10-04T02:30:09.871374+00:00
healing-helping-hands/results/pilot-01/8103-qwen+qwen-none-erasure.json,153,d26e118bf6cc1221f287906be3aa73aab3af22a98a1ef24048f527faf7233a46,full JSON parse; schema/semantic cross-checks by artifact family,,2026-10-04T02:30:09.871374+00:00
healing-helping-hands/results/pilot-01/8103-qwen+qwen-none-none.json,147,3970f785bc787fd32baeb619aa640f9fc5579268ea498215719d6054baec0007,full JSON parse; schema/semantic cross-checks by artifact family,,2026-10-04T02:30:09.871374+00:00
healing-helping-hands/results/pilot-01/8103-qwen+qwen-none-withdrawal.json,159,a3ce3797fb4dbb3758175d4ff0b32c198195eb4ee6f67a0e0e60fc7605a539ae,full JSON parse; schema/semantic cross-checks by artifact family,,2026-10-04T02:30:09.871374+00:00
healing-helping-hands/results/pilot-01/8103-qwen-evidence+withdrawals-combined.json,177,26d8a82a0bb148ea3267018621d5fff6279c80946c103f418559b7d66be1be80,full JSON parse; schema/semantic cross-checks by artifact family,,2026-10-04T02:30:09.871374+00:00
healing-helping-hands/results/pilot-01/8103-qwen-evidence+withdrawals-erasure.json,175,3d4dd87d56a574838948203e9cc638bf2b8435761a6836f300f6d62bee9da350,full JSON parse; schema/semantic cross-checks by artifact family,,2026-10-04T02:30:09.871374+00:00
healing-helping-hands/results/pilot-01/8103-qwen-evidence+withdrawals-none.json,169,735b8286e1b7b7415f3f4cbb6874c945bc2450af021aca9b537d46768d09356e,full JSON parse; schema/semantic cross-checks by artifact family,,2026-10-04T02:30:09.871374+00:00
healing-helping-hands/results/pilot-01/8103-qwen-evidence+withdrawals-withdrawal.json,181,2fc93d5e3cca16db22401aa00cfed9a25af398dfdce1cdb6ba3a970759a367b7,full JSON parse; schema/semantic cross-checks by artifact family,,2026-10-04T02:30:09.871374+00:00
healing-helping-hands/results/pilot-01/8103-qwen-evidence-only-combined.json,163,e64ec6d8f4557454ce9a49992194ffb3c4a43be4c3ed0a0783c2ec8595957f61,full JSON parse; schema/semantic cross-checks by artifact family,,2026-10-04T02:30:09.871374+00:00
healing-helping-hands/results/pilot-01/8103-qwen-evidence-only-erasure.json,161,13f690010bbbe87ea1f8993aba8ac11fa407ebe48258f79895f27b2db2b2cc5f,full JSON parse; schema/semantic cross-checks by artifact family,,2026-10-04T02:30:09.871374+00:00
healing-helping-hands/results/pilot-01/8103-qwen-evidence-only-none.json,155,19a947e6d7723ef1050a2fca20013630c646c4bc6958d63a5edf3475718426d6,full JSON parse; schema/semantic cross-checks by artifact family,,2026-10-04T02:30:09.871374+00:00
healing-helping-hands/results/pilot-01/8103-qwen-evidence-only-withdrawal.json,167,fdb7505ac98bc296f8549bc5771ece1aa112a84790d6fbcbfb4f15da2b0d8867,full JSON parse; schema/semantic cross-checks by artifact family,,2026-10-04T02:30:09.871374+00:00
healing-helping-hands/results/pilot-01/8103-qwen-none-combined.json,145,973248e3071c9d26fcee659dbd85cc9b043dc88640f31c3e0a2454e939fe0bba,full JSON parse; schema/semantic cross-checks by artifact family,,2026-10-04T02:30:09.871374+00:00
healing-helping-hands/results/pilot-01/8103-qwen-none-erasure.json,143,7fd88e90fcb8042301d2b0c4aaaa730158c22d111ab935ddf6a3ee26bcb5ca1d,full JSON parse; schema/semantic cross-checks by artifact family,,2026-10-04T02:30:09.871374+00:00
healing-helping-hands/results/pilot-01/8103-qwen-none-none.json,137,d216ff76c57487c4ab2a9e8913f1165631f227f2a0bf6ffe4f09f407b33f3d3a,full JSON parse; schema/semantic cross-checks by artifact family,,2026-10-04T02:30:09.871374+00:00
healing-helping-hands/results/pilot-01/8103-qwen-none-withdrawal.json,149,fda99806b7a811eef950aff9e2b30b11d7dfc3bc33125785f0cb4e8765b9cabd,full JSON parse; schema/semantic cross-checks by artifact family,,2026-10-04T02:30:09.871374+00:00
healing-helping-hands/results/pilot-01/calls.jsonl,27246,9306cf67b58d5af56e079c2c1aa40a315f4701420e5847efdd6372efad502f7a,every JSONL record parsed; safe aggregate analysis and trace reconciliation,,2026-10-04T02:30:09.871374+00:00
healing-helping-hands/results/pilot-01/checkpoint.json,134044,6f4c86d5bcb280c16241ab267a63032b14bf795a4819e9a0cca555b52e938e4e,full JSON parse; schema/semantic cross-checks by artifact family,,2026-10-04T02:30:09.871374+00:00
healing-helping-hands/results/pilot-01/corpus-8101.json,40454,737f27d91bc135803283ec161e39fbf1982aaed0db66d765eaef27b75ea78eea,full JSON parse; schema/semantic cross-checks by artifact family,,2026-10-04T02:30:09.871374+00:00
healing-helping-hands/results/pilot-01/corpus-8102.json,40421,253460a4570c3a6fcf71d1eefd99e141ffcc50794315a89fdc6174d34b7772b6,full JSON parse; schema/semantic cross-checks by artifact family,,2026-10-04T02:30:09.871374+00:00
healing-helping-hands/results/pilot-01/corpus-8103.json,40483,96a8b8afd8b7a4343094d752a38315db8df0d740e4aa93834fba77c008ec5cc9,full JSON parse; schema/semantic cross-checks by artifact family,,2026-10-04T02:30:09.871374+00:00
healing-helping-hands/results/pilot-01/manifest.json,29102,595d9822659d0247fdc2ea8e6a1d51f8916ecfe2ee8ba2bde32db2f227b1934c,full JSON parse; schema/semantic cross-checks by artifact family,,2026-10-04T02:30:09.871374+00:00
healing-helping-hands/results/pilot-01/plan-receipt.json,1101,64a6cd188942c703e3fc696661763568b58c731b0de26f24c9cb8ca2daa6ef8e,full JSON parse; schema/semantic cross-checks by artifact family,,2026-10-04T02:30:09.871374+00:00
healing-helping-hands/results/pilot-01/qualification.json,3322,dcaba5dcc997c4a43466baa234ab49dad01142fa92aceebb4ba1d0806aa4a32d,full JSON parse; schema/semantic cross-checks by artifact family,,2026-10-04T02:30:09.871374+00:00
healing-helping-hands/results/pilot-01/summary.json,12085,58c4938030595435e991300f9c8f8f1a57a44502adcdaf183385e8bf3b0fffb3,full JSON parse; schema/semantic cross-checks by artifact family,,2026-10-04T02:30:09.871374+00:00
healing-helping-hands/results/pilot-01/tapes-8101.json,2211,1351bdc95e16d6f094b1b2650b46cee9422d0afc09d7fc6f4fc9dc742802a27e,full JSON parse; schema/semantic cross-checks by artifact family,,2026-10-04T02:30:09.871374+00:00
healing-helping-hands/results/pilot-01/tapes-8102.json,2211,790eebabcbecc3d15af2c5231af9f67591b24127f2205499ddc3f74f7e2eed9a,full JSON parse; schema/semantic cross-checks by artifact family,,2026-10-04T02:30:09.871374+00:00
healing-helping-hands/results/pilot-01/tapes-8103.json,2211,fe24294a57f41b17d0ecf4f725927fb4c630cc19efbc58212abcffbe682e9bd2,full JSON parse; schema/semantic cross-checks by artifact family,,2026-10-04T02:30:09.871374+00:00
healing-helping-hands/results/pilot-02/8201-exact-evidence+withdrawals-combined.json,301142,10043e5b50d658210aeb1f6abe8b04385f7512e5f87db615e75e09e03736fae5,full JSON parse; schema/semantic cross-checks by artifact family,,2026-10-04T02:30:09.871374+00:00
healing-helping-hands/results/pilot-02/8201-exact-evidence+withdrawals-erasure.json,270237,8e3a7ef0cc4a9d8cfdbfdb9722fe9d68247f045d85ce90f0380c2e7e9e4d9241,full JSON parse; schema/semantic cross-checks by artifact family,,2026-10-04T02:30:09.871374+00:00
healing-helping-hands/results/pilot-02/8201-exact-evidence+withdrawals-none.json,270234,26902444607da3118178b0c5f1943d640d71eec36976a32a5d834582f8643751,full JSON parse; schema/semantic cross-checks by artifact family,,2026-10-04T02:30:09.871374+00:00
healing-helping-hands/results/pilot-02/8201-exact-evidence+withdrawals-withdrawal.json,301149,566f8e66961926c322d11dd8c5b9fa06982f8c4d9fde895866a44091684f61e9,full JSON parse; schema/semantic cross-checks by artifact family,,2026-10-04T02:30:09.871374+00:00
healing-helping-hands/results/pilot-02/8201-exact-evidence-only-combined.json,271334,fc8f436e968683b3af694d30e4ba1f71597f10d571e3c5bd157c0b16c637ac81,full JSON parse; schema/semantic cross-checks by artifact family,,2026-10-04T02:30:09.871374+00:00
healing-helping-hands/results/pilot-02/8201-exact-evidence-only-erasure.json,270223,58078a7ddeb1b6d090c6229a043653d8cb1aceaed96c65baafa1dc602653ccf7,full JSON parse; schema/semantic cross-checks by artifact family,,2026-10-04T02:30:09.871374+00:00
healing-helping-hands/results/pilot-02/8201-exact-evidence-only-none.json,270220,996eb787c8e24044dabb76f9ad855a7622a2e3243dfdf2c24e2780aacf4eab49,full JSON parse; schema/semantic cross-checks by artifact family,,2026-10-04T02:30:09.871374+00:00
healing-helping-hands/results/pilot-02/8201-exact-evidence-only-withdrawal.json,271341,59e152560afb7274b9e5b6e4b6757b7cdf82ea1172f3fc9fb534ea30939abc63,full JSON parse; schema/semantic cross-checks by artifact family,,2026-10-04T02:30:09.871374+00:00
healing-helping-hands/results/pilot-02/8201-exact-none-combined.json,130133,dcecd9c7ebebc0ea6d2ad8992d0b20fae14f25c25500adebc2e99a7db90296cf,full JSON parse; schema/semantic cross-checks by artifact family,,2026-10-04T02:30:09.871374+00:00
healing-helping-hands/results/pilot-02/8201-exact-none-erasure.json,129699,125bba476100fdda2fd2cd5f4aba81cc7a69f81a6dd173092a88ac561f243ffa,full JSON parse; schema/semantic cross-checks by artifact family,,2026-10-04T02:30:09.871374+00:00
healing-helping-hands/results/pilot-02/8201-exact-none-none.json,128899,adf80e7b46459a1f1fba63a3dc77cfe5ff007731ce74f7cc74a34153d4db03a2,full JSON parse; schema/semantic cross-checks by artifact family,,2026-10-04T02:30:09.871374+00:00
healing-helping-hands/results/pilot-02/8201-exact-none-withdrawal.json,129693,2c0db4504a297b02e90daf16651ba88816fcb00324db6a80af94a8f03bf1f25e,full JSON parse; schema/semantic cross-checks by artifact family,,2026-10-04T02:30:09.871374+00:00
healing-helping-hands/results/pilot-02/8201-qwen+laya-evidence+withdrawals-combined.json,187,0e3fb9fd9621019dd5a0496e879ca03afcd23870c56e37f76e70890791a60f5d,full JSON parse; schema/semantic cross-checks by artifact family,,2026-10-04T02:30:09.871374+00:00
healing-helping-hands/results/pilot-02/8201-qwen+laya-evidence+withdrawals-erasure.json,185,8835c4100941193baaaca0fc64e0ebeb419e7194e1a8fc14ca322c484bc9d115,full JSON parse; schema/semantic cross-checks by artifact family,,2026-10-04T02:30:09.871374+00:00
healing-helping-hands/results/pilot-02/8201-qwen+laya-evidence+withdrawals-none.json,179,bf47af367f5c48bc14ab649b23867ccf63667b96f52d562f043520bc79be4d01,full JSON parse; schema/semantic cross-checks by artifact family,,2026-10-04T02:30:09.871374+00:00
healing-helping-hands/results/pilot-02/8201-qwen+laya-evidence+withdrawals-withdrawal.json,191,db22ad85ad11147dea9ce9fd89f27734da3cd4c72426739eae191396aee61837,full JSON parse; schema/semantic cross-checks by artifact family,,2026-10-04T02:30:09.871374+00:00
healing-helping-hands/results/pilot-02/8201-qwen+laya-evidence-only-combined.json,173,9a5575c0dae97ec88f33e3eeeb736702ffdf4b503daf8f6f12d20b4704e8b6e2,full JSON parse; schema/semantic cross-checks by artifact family,,2026-10-04T02:30:09.871374+00:00
healing-helping-hands/results/pilot-02/8201-qwen+laya-evidence-only-erasure.json,171,d708548238fbbae8a07e335511406a2afc2c4ce9f25d87c2c97d57179b045656,full JSON parse; schema/semantic cross-checks by artifact family,,2026-10-04T02:30:09.871374+00:00
healing-helping-hands/results/pilot-02/8201-qwen+laya-evidence-only-none.json,165,082f1bd94149e1644a818b6d65e96a14ab23b4fd81bed174fb1d0caca0c712fa,full JSON parse; schema/semantic cross-checks by artifact family,,2026-10-04T02:30:09.871374+00:00
healing-helping-hands/results/pilot-02/8201-qwen+laya-evidence-only-withdrawal.json,177,ecdbd2b28a43726e075e72765514fa67cdf2e613d650a5877f39f8c16cff20bb,full JSON parse; schema/semantic cross-checks by artifact family,,2026-10-04T02:30:09.871374+00:00
healing-helping-hands/results/pilot-02/8201-qwen+laya-none-combined.json,155,7caa187493eb5c46f4187a4f3d753696a314d4f083ec44e84c18466b014abe86,full JSON parse; schema/semantic cross-checks by artifact family,,2026-10-04T02:30:09.871374+00:00
healing-helping-hands/results/pilot-02/8201-qwen+laya-none-erasure.json,153,09741f084e88e37350b5dfc53d2353eb7137d2fa32c51ce6f72795369de070ba,full JSON parse; schema/semantic cross-checks by artifact family,,2026-10-04T02:30:09.871374+00:00
healing-helping-hands/results/pilot-02/8201-qwen+laya-none-none.json,147,b45c93c00f74690e43368fa386fd2a075a5a3e5d12b739f731b309107fa26086,full JSON parse; schema/semantic cross-checks by artifact family,,2026-10-04T02:30:09.871374+00:00
healing-helping-hands/results/pilot-02/8201-qwen+laya-none-withdrawal.json,159,19b304397e6d67e826a8c55533ef161f6e9298bf4b144f18fe2f0b35710299e4,full JSON parse; schema/semantic cross-checks by artifact family,,2026-10-04T02:30:09.871374+00:00
healing-helping-hands/results/pilot-02/8201-qwen+qwen-evidence+withdrawals-combined.json,187,ae0180aa6e92511b3dd6cbd95580496bc68b9d7867edb2889a8c520188a2c6ff,full JSON parse; schema/semantic cross-checks by artifact family,,2026-10-04T02:30:09.871374+00:00
healing-helping-hands/results/pilot-02/8201-qwen+qwen-evidence+withdrawals-erasure.json,185,6fd7ba26e2ea0c8cff8f919b685cbc6331a77b14e6c3ce43af532f870b9af686,full JSON parse; schema/semantic cross-checks by artifact family,,2026-10-04T02:30:09.871374+00:00
healing-helping-hands/results/pilot-02/8201-qwen+qwen-evidence+withdrawals-none.json,179,57eaa402d44599590d93a87fbbcaac3ec44b538338e37c267e6246844cd7fe73,full JSON parse; schema/semantic cross-checks by artifact family,,2026-10-04T02:30:09.871374+00:00
healing-helping-hands/results/pilot-02/8201-qwen+qwen-evidence+withdrawals-withdrawal.json,191,ec2250c1be85d9493bf6ca44fc7c1348bf098c273406219d2b671fe2c663091d,full JSON parse; schema/semantic cross-checks by artifact family,,2026-10-04T02:30:09.871374+00:00
healing-helping-hands/results/pilot-02/8201-qwen+qwen-evidence-only-combined.json,173,8075f3124963024f602a968e08427987f8c78f09523a40855dec7dd74b200482,full JSON parse; schema/semantic cross-checks by artifact family,,2026-10-04T02:30:09.871374+00:00
healing-helping-hands/results/pilot-02/8201-qwen+qwen-evidence-only-erasure.json,171,4c90e252148abaf2342af517451486f68bd0927b233d814009e937298dabb91e,full JSON parse; schema/semantic cross-checks by artifact family,,2026-10-04T02:30:09.871374+00:00
healing-helping-hands/results/pilot-02/8201-qwen+qwen-evidence-only-none.json,165,51f1d30aa931dc232509206a8e6fb2a3d357a8bc465fdc8d10b50969a56ac4c2,full JSON parse; schema/semantic cross-checks by artifact family,,2026-10-04T02:30:09.871374+00:00
healing-helping-hands/results/pilot-02/8201-qwen+qwen-evidence-only-withdrawal.json,177,5f208c105f89f1952b0af0cbaf88af983b4325f8908093736f7a24630bb0c3da,full JSON parse; schema/semantic cross-checks by artifact family,,2026-10-04T02:30:09.871374+00:00
healing-helping-hands/results/pilot-02/8201-qwen+qwen-none-combined.json,155,1e824f125b0f153186bf6692bf9ab19083d0448c9eac425eb664eeefab13d2b7,full JSON parse; schema/semantic cross-checks by artifact family,,2026-10-04T02:30:09.871374+00:00
healing-helping-hands/results/pilot-02/8201-qwen+qwen-none-erasure.json,153,86d9086565e7ac5342c0db5bc11818e286a3c8eac98be463cb4e647a38623165,full JSON parse; schema/semantic cross-checks by artifact family,,2026-10-04T02:30:09.871374+00:00
healing-helping-hands/results/pilot-02/8201-qwen+qwen-none-none.json,147,7d13f07b40df4c517c954841a1aa73c330c2c49f7b834a4e079717406192179a,full JSON parse; schema/semantic cross-checks by artifact family,,2026-10-04T02:30:09.871374+00:00
healing-helping-hands/results/pilot-02/8201-qwen+qwen-none-withdrawal.json,159,d99b9da95ffe1cd59f53b7cfedbf762eec80916992ea93dfa5f965b86a595e2b,full JSON parse; schema/semantic cross-checks by artifact family,,2026-10-04T02:30:09.871374+00:00
healing-helping-hands/results/pilot-02/8201-qwen-evidence+withdrawals-combined.json,177,708f804bf91a18e630f22b9d951b1faaa576fe755de0952652e8d979782e2a06,full JSON parse; schema/semantic cross-checks by artifact family,,2026-10-04T02:30:09.871374+00:00
healing-helping-hands/results/pilot-02/8201-qwen-evidence+withdrawals-erasure.json,175,df3df6cbb3463c02193c6f350da85c4b320711021c10f0ac00a7df69292877c1,full JSON parse; schema/semantic cross-checks by artifact family,,2026-10-04T02:30:09.871374+00:00
healing-helping-hands/results/pilot-02/8201-qwen-evidence+withdrawals-none.json,169,11b8ec7a53201194b0d0fc4cd47a29174e7577b7541ae97293e4a500bccaaab7,full JSON parse; schema/semantic cross-checks by artifact family,,2026-10-04T02:30:09.871374+00:00
healing-helping-hands/results/pilot-02/8201-qwen-evidence+withdrawals-withdrawal.json,181,799c5c669d86eac9e4a461fb533288c10d7d7c86832e2dbbf57803a4ed1e6681,full JSON parse; schema/semantic cross-checks by artifact family,,2026-10-04T02:30:09.871374+00:00
healing-helping-hands/results/pilot-02/8201-qwen-evidence-only-combined.json,163,04366126cda8dce4d7b706539f306ec6686d42894faec3caa0cc79457e749c1b,full JSON parse; schema/semantic cross-checks by artifact family,,2026-10-04T02:30:09.871374+00:00
healing-helping-hands/results/pilot-02/8201-qwen-evidence-only-erasure.json,161,d65e56a1198de840151312d1bb72b5410fa53c6319682703eb63facaabc2888b,full JSON parse; schema/semantic cross-checks by artifact family,,2026-10-04T02:30:09.871374+00:00
healing-helping-hands/results/pilot-02/8201-qwen-evidence-only-none.json,155,251e6b350e4be2c5e14dc6c0607b7186cb99b02e5ccc8184d47157b78c4aafb3,full JSON parse; schema/semantic cross-checks by artifact family,,2026-10-04T02:30:09.871374+00:00
healing-helping-hands/results/pilot-02/8201-qwen-evidence-only-withdrawal.json,167,6d4ff4a63c81252ca2bd4d448067d78b74728e2900193985610fe6baecb9a543,full JSON parse; schema/semantic cross-checks by artifact family,,2026-10-04T02:30:09.871374+00:00
healing-helping-hands/results/pilot-02/8201-qwen-none-combined.json,145,55bca57dd5aae21e34e1ba2f11fcb47cba288a7aec4992637ade30d10037d2e0,full JSON parse; schema/semantic cross-checks by artifact family,,2026-10-04T02:30:09.871374+00:00
healing-helping-hands/results/pilot-02/8201-qwen-none-erasure.json,143,1b635133401480a1089abc58621b41bc7998707d0f726390d7ab54abaab5bd68,full JSON parse; schema/semantic cross-checks by artifact family,,2026-10-04T02:30:09.871374+00:00
healing-helping-hands/results/pilot-02/8201-qwen-none-none.json,137,bab892775debd2f67a8736d31ad8098ecd50ebeb42b0563d9e22640a06a306a9,full JSON parse; schema/semantic cross-checks by artifact family,,2026-10-04T02:30:09.871374+00:00
healing-helping-hands/results/pilot-02/8201-qwen-none-withdrawal.json,149,f7ebaa28d9a0a55e9333dfa24c4f14c91794738101fa8385244aaa6c4ff9ee25,full JSON parse; schema/semantic cross-checks by artifact family,,2026-10-04T02:30:09.871374+00:00
healing-helping-hands/results/pilot-02/8202-exact-evidence+withdrawals-combined.json,299450,41e7d0aaea6cbf21dffff001846f5a6ae41110a3cda6f5cc7c224d95ec942e19,full JSON parse; schema/semantic cross-checks by artifact family,,2026-10-04T02:30:09.871374+00:00
healing-helping-hands/results/pilot-02/8202-exact-evidence+withdrawals-erasure.json,270215,885f2ab37a32be4a7e528d93c6856e8757ac80d5e57d79db29aeef7b76153408,full JSON parse; schema/semantic cross-checks by artifact family,,2026-10-04T02:30:09.871374+00:00
healing-helping-hands/results/pilot-02/8202-exact-evidence+withdrawals-none.json,270209,a137dac5ef2f4360c3be2070dd79c9e6325f4924c4195a941894ca37ae9960ab,full JSON parse; schema/semantic cross-checks by artifact family,,2026-10-04T02:30:09.871374+00:00
healing-helping-hands/results/pilot-02/8202-exact-evidence+withdrawals-withdrawal.json,299454,01feb33fd167240c5cc592c5c4cdf7ac71b2d6f241f87096c9ba983e87349250,full JSON parse; schema/semantic cross-checks by artifact family,,2026-10-04T02:30:09.871374+00:00
healing-helping-hands/results/pilot-02/8202-exact-evidence-only-combined.json,271044,41684b3f0f35a181b5c301b9a8687440025cd7456763e3c913bfd2264c898282,full JSON parse; schema/semantic cross-checks by artifact family,,2026-10-04T02:30:09.871374+00:00
healing-helping-hands/results/pilot-02/8202-exact-evidence-only-erasure.json,270201,89d84b1acc790421ae486f6c55fff822c2ab6de07fd0107e5a3594c3f9cca04f,full JSON parse; schema/semantic cross-checks by artifact family,,2026-10-04T02:30:09.871374+00:00
healing-helping-hands/results/pilot-02/8202-exact-evidence-only-none.json,270195,785c3c74423acfa7496a5bbd9f9b766b4f1c50357d2f556508c039902f0e98a2,full JSON parse; schema/semantic cross-checks by artifact family,,2026-10-04T02:30:09.871374+00:00
healing-helping-hands/results/pilot-02/8202-exact-evidence-only-withdrawal.json,271048,25a3064ee374d30258b846fef9987fc59efad1751749c870ed97ebb767a72932,full JSON parse; schema/semantic cross-checks by artifact family,,2026-10-04T02:30:09.871374+00:00
healing-helping-hands/results/pilot-02/8202-exact-none-combined.json,130402,fc4389cdc825b81877d7129632372e5f6c38cefdcf7fbc9a43f1bb53a139b124,full JSON parse; schema/semantic cross-checks by artifact family,,2026-10-04T02:30:09.871374+00:00
healing-helping-hands/results/pilot-02/8202-exact-none-erasure.json,129732,01a5b1173c3dc924bcf8c6ac0612d8cdb85bf0be9dbcedd5c8dbdaa9f16d8273,full JSON parse; schema/semantic cross-checks by artifact family,,2026-10-04T02:30:09.871374+00:00
healing-helping-hands/results/pilot-02/8202-exact-none-none.json,128899,7a7ec4c7e017f17e54b5c6a8703e2650e24aa4e78d9d526d8cd282b6502bfade,full JSON parse; schema/semantic cross-checks by artifact family,,2026-10-04T02:30:09.871374+00:00
healing-helping-hands/results/pilot-02/8202-exact-none-withdrawal.json,129648,740ca0a21850c5b8887faa3f87668e4005321a1bfe7a16a0dae71ff9ed2255ae,full JSON parse; schema/semantic cross-checks by artifact family,,2026-10-04T02:30:09.871374+00:00
healing-helping-hands/results/pilot-02/8202-qwen+laya-evidence+withdrawals-combined.json,187,2aa259beddde2c06195ebbfb05764466612f175e39ff46d366c047b1657d1382,full JSON parse; schema/semantic cross-checks by artifact family,,2026-10-04T02:30:09.871374+00:00
healing-helping-hands/results/pilot-02/8202-qwen+laya-evidence+withdrawals-erasure.json,185,bd226b0614ad558f93d15dfddfcdc4fea1cec330c81d850fca9ac84df0434f14,full JSON parse; schema/semantic cross-checks by artifact family,,2026-10-04T02:30:09.871374+00:00
healing-helping-hands/results/pilot-02/8202-qwen+laya-evidence+withdrawals-none.json,179,55ba8f519e303655cda321ea426629608061ed4fe98881b8f6a2653280bb5e0d,full JSON parse; schema/semantic cross-checks by artifact family,,2026-10-04T02:30:09.871374+00:00
healing-helping-hands/results/pilot-02/8202-qwen+laya-evidence+withdrawals-withdrawal.json,191,17dccfbc25ecb59bd21eafb266846f1614ea6109a88158dc36a0b92b2a3958db,full JSON parse; schema/semantic cross-checks by artifact family,,2026-10-04T02:30:09.871374+00:00
healing-helping-hands/results/pilot-02/8202-qwen+laya-evidence-only-combined.json,173,06fc6039676f445f4d58c1eec72c672e8f4fb818e018bb9c2f7f7a4a4ad1b0d6,full JSON parse; schema/semantic cross-checks by artifact family,,2026-10-04T02:30:09.871374+00:00
healing-helping-hands/results/pilot-02/8202-qwen+laya-evidence-only-erasure.json,171,25c2a3f18d0482997124b3cc346541d8366dc31f8dee818b85ad35dd4b5963ed,full JSON parse; schema/semantic cross-checks by artifact family,,2026-10-04T02:30:09.871374+00:00
healing-helping-hands/results/pilot-02/8202-qwen+laya-evidence-only-none.json,165,d5a33a82269fdf439a4b3664da07cae3c87a8074ea4b8ed309e81c6f98d11bdb,full JSON parse; schema/semantic cross-checks by artifact family,,2026-10-04T02:30:09.871374+00:00
healing-helping-hands/results/pilot-02/8202-qwen+laya-evidence-only-withdrawal.json,177,f20f25af79c71447097c25f38bb36ddb82847a561498e11f804d5dbdce429660,full JSON parse; schema/semantic cross-checks by artifact family,,2026-10-04T02:30:09.871374+00:00
healing-helping-hands/results/pilot-02/8202-qwen+laya-none-combined.json,155,8610763051b37884314081430744d4f8b1b520d0457e0a736216e7df6d00e259,full JSON parse; schema/semantic cross-checks by artifact family,,2026-10-04T02:30:09.871374+00:00
healing-helping-hands/results/pilot-02/8202-qwen+laya-none-erasure.json,153,45aefb419f925db095af51660b6e80dec23aa6b9af39c515a16d7fcfcc62d486,full JSON parse; schema/semantic cross-checks by artifact family,,2026-10-04T02:30:09.871374+00:00
healing-helping-hands/results/pilot-02/8202-qwen+laya-none-none.json,147,8ac8f1ac0a32d8d1c0b755044adc64d6eb692fd524458be3f54ad5690dab8eac,full JSON parse; schema/semantic cross-checks by artifact family,,2026-10-04T02:30:09.871374+00:00
healing-helping-hands/results/pilot-02/8202-qwen+laya-none-withdrawal.json,159,327e1c3b9f5ad4f0278a4cc48ac0b274489b625c69372286af94140667ffc4ee,full JSON parse; schema/semantic cross-checks by artifact family,,2026-10-04T02:30:09.871374+00:00
healing-helping-hands/results/pilot-02/8202-qwen+qwen-evidence+withdrawals-combined.json,187,b3b5766841387fbaeb55b9aafc3c0e39b918a615f080f55f1c93353e708718d9,full JSON parse; schema/semantic cross-checks by artifact family,,2026-10-04T02:30:09.871374+00:00
healing-helping-hands/results/pilot-02/8202-qwen+qwen-evidence+withdrawals-erasure.json,185,eef390a6d75a64587e9b7e54dd94f1ad204a6a797eaf817813a86c0f331d442d,full JSON parse; schema/semantic cross-checks by artifact family,,2026-10-04T02:30:09.871374+00:00
healing-helping-hands/results/pilot-02/8202-qwen+qwen-evidence+withdrawals-none.json,179,0806588bd0cda401e3d402630a7aede90648d5ac34768430e37945517f852917,full JSON parse; schema/semantic cross-checks by artifact family,,2026-10-04T02:30:09.871374+00:00
healing-helping-hands/results/pilot-02/8202-qwen+qwen-evidence+withdrawals-withdrawal.json,191,e947b4a6716e151ce9ed98edcf815a4d32f6f73abc42051f2049e014ed53e2c1,full JSON parse; schema/semantic cross-checks by artifact family,,2026-10-04T02:30:09.871374+00:00
healing-helping-hands/results/pilot-02/8202-qwen+qwen-evidence-only-combined.json,173,bfcb23be8bf3f5e73c1212d703794a62c4daf042c3e2ff3b9e056f58b7c624c1,full JSON parse; schema/semantic cross-checks by artifact family,,2026-10-04T02:30:09.871374+00:00
healing-helping-hands/results/pilot-02/8202-qwen+qwen-evidence-only-erasure.json,171,31319a95c3c052a017217d3393845942b3c48ffa56f12bbf4775feb027fc6185,full JSON parse; schema/semantic cross-checks by artifact family,,2026-10-04T02:30:09.871374+00:00
healing-helping-hands/results/pilot-02/8202-qwen+qwen-evidence-only-none.json,165,75d1ccf8d389b3eee221b436379eb3e88af23eebd34031dd01e35594b08b6498,full JSON parse; schema/semantic cross-checks by artifact family,,2026-10-04T02:30:09.871374+00:00
healing-helping-hands/results/pilot-02/8202-qwen+qwen-evidence-only-withdrawal.json,177,1c37d389c65dbad9f637b746e6bb0d15e1032938ecf3640c3c5da8a3558bd1f8,full JSON parse; schema/semantic cross-checks by artifact family,,2026-10-04T02:30:09.871374+00:00
healing-helping-hands/results/pilot-02/8202-qwen+qwen-none-combined.json,155,64b9cab0510ed9e361e9fe4fba73423cb3fc64d1aa61460bc4d1a8ffa382a092,full JSON parse; schema/semantic cross-checks by artifact family,,2026-10-04T02:30:09.871374+00:00
healing-helping-hands/results/pilot-02/8202-qwen+qwen-none-erasure.json,153,0a8d746606787efb4401fa5d34f22f50c2acc0d6158bdebc7eb73749e5307534,full JSON parse; schema/semantic cross-checks by artifact family,,2026-10-04T02:30:09.871374+00:00
healing-helping-hands/results/pilot-02/8202-qwen+qwen-none-none.json,147,41c5d851576507fa9da3ea39954c1d07e17a6cc57dc3ceed223f2e524848de85,full JSON parse; schema/semantic cross-checks by artifact family,,2026-10-04T02:30:09.871374+00:00
healing-helping-hands/results/pilot-02/8202-qwen+qwen-none-withdrawal.json,159,4460ac85ce7e4907081123926ee2922729d725905e9e16e7ee31022b52366097,full JSON parse; schema/semantic cross-checks by artifact family,,2026-10-04T02:30:09.871374+00:00
healing-helping-hands/results/pilot-02/8202-qwen-evidence+withdrawals-combined.json,177,6489af3e736e3fa768673181f2d91a43f396a179ae461ffe3419e1c7121a2c15,full JSON parse; schema/semantic cross-checks by artifact family,,2026-10-04T02:30:09.871374+00:00
healing-helping-hands/results/pilot-02/8202-qwen-evidence+withdrawals-erasure.json,175,2580464a6f209fd2ad034abe4212d438ef17967ba96b23d0b40d9643bd893d6b,full JSON parse; schema/semantic cross-checks by artifact family,,2026-10-04T02:30:09.871374+00:00
healing-helping-hands/results/pilot-02/8202-qwen-evidence+withdrawals-none.json,169,2e18d8fea7031069e45c7ebed15232846397f6dfe8c9c72b4adfb678250924c5,full JSON parse; schema/semantic cross-checks by artifact family,,2026-10-04T02:30:09.871374+00:00
healing-helping-hands/results/pilot-02/8202-qwen-evidence+withdrawals-withdrawal.json,181,fe32cf54eb33671ac43e2f79c3248ffd46a801e2d0032723db789f67a69e2bc9,full JSON parse; schema/semantic cross-checks by artifact family,,2026-10-04T02:30:09.871374+00:00
healing-helping-hands/results/pilot-02/8202-qwen-evidence-only-combined.json,163,005f4243a25e776e5904e6578fcd3bf03173d35142cbf438d9210558f5551214,full JSON parse; schema/semantic cross-checks by artifact family,,2026-10-04T02:30:09.871374+00:00
healing-helping-hands/results/pilot-02/8202-qwen-evidence-only-erasure.json,161,090f3b9cfb22434cf8da9c116420a5639907b7206bf67e77d673483f72cd7533,full JSON parse; schema/semantic cross-checks by artifact family,,2026-10-04T02:30:09.871374+00:00
healing-helping-hands/results/pilot-02/8202-qwen-evidence-only-none.json,155,8f9014a39fc62a63edda42b6644cb00061e60a1403842d78c32769de846d87b7,full JSON parse; schema/semantic cross-checks by artifact family,,2026-10-04T02:30:09.871374+00:00
healing-helping-hands/results/pilot-02/8202-qwen-evidence-only-withdrawal.json,167,35dac9c62a8cdebdecb7975a29a28e3536f66a8dfd77d1aeb8fb0e46210b60f7,full JSON parse; schema/semantic cross-checks by artifact family,,2026-10-04T02:30:09.871374+00:00
healing-helping-hands/results/pilot-02/8202-qwen-none-combined.json,145,7441c8b9e6fe5f51f9864322fa4b21b0e631ebfa3246c1f947e3a8c7ce7482b8,full JSON parse; schema/semantic cross-checks by artifact family,,2026-10-04T02:30:09.871374+00:00
healing-helping-hands/results/pilot-02/8202-qwen-none-erasure.json,143,81697e3c69f5a5a1409d3a58c76f77cbe55f23830f241bfa9cacf887b72ad92d,full JSON parse; schema/semantic cross-checks by artifact family,,2026-10-04T02:30:09.871374+00:00
healing-helping-hands/results/pilot-02/8202-qwen-none-none.json,137,9b5cb33b21c21f2cad2684bfccf67128a5bb8fade558a3e14b533d8b4615ad47,full JSON parse; schema/semantic cross-checks by artifact family,,2026-10-04T02:30:09.871374+00:00
healing-helping-hands/results/pilot-02/8202-qwen-none-withdrawal.json,149,1f138c27eb9844603ed712466e4bdfd4b793746a91dc99fafbe95cb9f8973b0c,full JSON parse; schema/semantic cross-checks by artifact family,,2026-10-04T02:30:09.871374+00:00
healing-helping-hands/results/pilot-02/8203-exact-evidence+withdrawals-combined.json,300915,7b57ea3aec912303a17fc8fd7d001b30d053529c7110c1e5d9ce166a9cc07a80,full JSON parse; schema/semantic cross-checks by artifact family,,2026-10-04T02:30:09.871374+00:00
healing-helping-hands/results/pilot-02/8203-exact-evidence+withdrawals-erasure.json,270264,89d571a95dfb62c3a125f211e06425e8df6fc23200dc4a98f3cd5f4948d651cd,full JSON parse; schema/semantic cross-checks by artifact family,,2026-10-04T02:30:09.871374+00:00
healing-helping-hands/results/pilot-02/8203-exact-evidence+withdrawals-none.json,270260,1e32e35b6f286b2f62dbd86c499ecddddbf7f25a8a6bd9a2a69977cc3247580b,full JSON parse; schema/semantic cross-checks by artifact family,,2026-10-04T02:30:09.871374+00:00
healing-helping-hands/results/pilot-02/8203-exact-evidence+withdrawals-withdrawal.json,300923,df2905e024165f66f83f1c1d049e58c7ce5667bf59eff0c8fe4e51e13e701221,full JSON parse; schema/semantic cross-checks by artifact family,,2026-10-04T02:30:09.871374+00:00
healing-helping-hands/results/pilot-02/8203-exact-evidence-only-combined.json,271780,7d5bd3b9b3fd9a1c8c77f1f844287a25dfe4a2026d70da8abf0ff3afba031061,full JSON parse; schema/semantic cross-checks by artifact family,,2026-10-04T02:30:09.871374+00:00
healing-helping-hands/results/pilot-02/8203-exact-evidence-only-erasure.json,270250,9b78dffca8c713564b734f6f7419cf882f618c935e88a41b67292162a3ae3cb5,full JSON parse; schema/semantic cross-checks by artifact family,,2026-10-04T02:30:09.871374+00:00
healing-helping-hands/results/pilot-02/8203-exact-evidence-only-none.json,270246,0ecd7962a17411d596d45a4a1bbf9eb3d49f20370c16ac5b0f2059cd3738f50c,full JSON parse; schema/semantic cross-checks by artifact family,,2026-10-04T02:30:09.871374+00:00
healing-helping-hands/results/pilot-02/8203-exact-evidence-only-withdrawal.json,271785,8d63905fdf7810a138d2cfc4601b9cab0d90a2fd062b8e162835bd938b87bddc,full JSON parse; schema/semantic cross-checks by artifact family,,2026-10-04T02:30:09.871374+00:00
healing-helping-hands/results/pilot-02/8203-exact-none-combined.json,130121,82b4d0643b2cec589c278944f72b332b0a5fcc549814c38e303a3519b8db98de,full JSON parse; schema/semantic cross-checks by artifact family,,2026-10-04T02:30:09.871374+00:00
healing-helping-hands/results/pilot-02/8203-exact-none-erasure.json,129589,209e784e8a96cf81f79412d9b3cea2afd9bd4c89b0f320dac22b55895851fcac,full JSON parse; schema/semantic cross-checks by artifact family,,2026-10-04T02:30:09.871374+00:00
healing-helping-hands/results/pilot-02/8203-exact-none-none.json,128899,b7f4a1088b97caa068dc2527cfebaa5596a681e13e6c4db43db6d841d1325cc1,full JSON parse; schema/semantic cross-checks by artifact family,,2026-10-04T02:30:09.871374+00:00
healing-helping-hands/results/pilot-02/8203-exact-none-withdrawal.json,129776,b98a7af5c6f6b1495df7624716c690bb314dc57812a83c93e940eb58e3e34655,full JSON parse; schema/semantic cross-checks by artifact family,,2026-10-04T02:30:09.871374+00:00
healing-helping-hands/results/pilot-02/8203-qwen+laya-evidence+withdrawals-combined.json,187,d8eb76b0c4c3e5c373cfe3de762fcc65addf2252cdb0de6d55106bfd4bae7d53,full JSON parse; schema/semantic cross-checks by artifact family,,2026-10-04T02:30:09.871374+00:00
healing-helping-hands/results/pilot-02/8203-qwen+laya-evidence+withdrawals-erasure.json,185,3026beaa14a427db046c121891161b2ea0bc22bad0c76cd510d5bf9a5156b6db,full JSON parse; schema/semantic cross-checks by artifact family,,2026-10-04T02:30:09.871374+00:00
healing-helping-hands/results/pilot-02/8203-qwen+laya-evidence+withdrawals-none.json,179,c42fb2cd42eb4baa2719e4e44f47c7fe2f3c73029601c41f20bce39f14a24883,full JSON parse; schema/semantic cross-checks by artifact family,,2026-10-04T02:30:09.871374+00:00
healing-helping-hands/results/pilot-02/8203-qwen+laya-evidence+withdrawals-withdrawal.json,191,a4c1c3011afa69adf3aa7dc4dd99aeb8966a0cfb7f4e7bfc51dd2c4792d07c79,full JSON parse; schema/semantic cross-checks by artifact family,,2026-10-04T02:30:09.871374+00:00
healing-helping-hands/results/pilot-02/8203-qwen+laya-evidence-only-combined.json,173,2c280e72edec35836f94e01cd49e3fef59eedba51883b4efa2ce3fabc91e9288,full JSON parse; schema/semantic cross-checks by artifact family,,2026-10-04T02:30:09.871374+00:00
healing-helping-hands/results/pilot-02/8203-qwen+laya-evidence-only-erasure.json,171,ec86ebcec1d5146e949cf7d7c86f21b96b5f3acc00d7f81d11d3f5310865bd88,full JSON parse; schema/semantic cross-checks by artifact family,,2026-10-04T02:30:09.871374+00:00
healing-helping-hands/results/pilot-02/8203-qwen+laya-evidence-only-none.json,165,bab2475554286daaf3e8bb6ed76b5955eed95715b39e13c75bcbd8e1e7163720,full JSON parse; schema/semantic cross-checks by artifact family,,2026-10-04T02:30:09.871374+00:00
healing-helping-hands/results/pilot-02/8203-qwen+laya-evidence-only-withdrawal.json,177,662b6b5d65b2e3a4fbc454359dbe65c12f6d481cc1512dc5e3fcdd0a8c1517b9,full JSON parse; schema/semantic cross-checks by artifact family,,2026-10-04T02:30:09.871374+00:00
healing-helping-hands/results/pilot-02/8203-qwen+laya-none-combined.json,155,c090dc3cc9a5dce85aed0a7abe9b905832e3bea1118fdff4fdd9f302107eb22c,full JSON parse; schema/semantic cross-checks by artifact family,,2026-10-04T02:30:09.871374+00:00
healing-helping-hands/results/pilot-02/8203-qwen+laya-none-erasure.json,153,2b9e999b3286694731736d814a72496716d96ab94f83d8b3c75744e0ffbc2d69,full JSON parse; schema/semantic cross-checks by artifact family,,2026-10-04T02:30:09.871374+00:00
healing-helping-hands/results/pilot-02/8203-qwen+laya-none-none.json,147,a91a25fb9024bd88c88ad3ddc1ad1e36616f6a2c28656e271d1aeb28a3d03221,full JSON parse; schema/semantic cross-checks by artifact family,,2026-10-04T02:30:09.871374+00:00
healing-helping-hands/results/pilot-02/8203-qwen+laya-none-withdrawal.json,159,a3a66a5808097b2547497df1284ade393afee4c225be58d6c05c4b2312276540,full JSON parse; schema/semantic cross-checks by artifact family,,2026-10-04T02:30:09.871374+00:00
healing-helping-hands/results/pilot-02/8203-qwen+qwen-evidence+withdrawals-combined.json,187,90f690f7981722c05bf05603b1371cb7f74ec689866c121f32cc358a0545f706,full JSON parse; schema/semantic cross-checks by artifact family,,2026-10-04T02:30:09.871374+00:00
healing-helping-hands/results/pilot-02/8203-qwen+qwen-evidence+withdrawals-erasure.json,185,64e1f74ff1d7474ef876cc22e0e3750cc814c6d449eba19d51e0a4053b458920,full JSON parse; schema/semantic cross-checks by artifact family,,2026-10-04T02:30:09.871374+00:00
healing-helping-hands/results/pilot-02/8203-qwen+qwen-evidence+withdrawals-none.json,179,8fc192b48eca31fa2fc33e066269038ee32d33cda772517bc3175cab9abf62c2,full JSON parse; schema/semantic cross-checks by artifact family,,2026-10-04T02:30:09.871374+00:00
healing-helping-hands/results/pilot-02/8203-qwen+qwen-evidence+withdrawals-withdrawal.json,191,e9f2eaedc82c5c6aa5dfb9cda56291f35806d3a8a761bf9962b61e76b3dab4bd,full JSON parse; schema/semantic cross-checks by artifact family,,2026-10-04T02:30:09.871374+00:00
healing-helping-hands/results/pilot-02/8203-qwen+qwen-evidence-only-combined.json,173,d74335eb5747504da649226184ff9396c023b0eb0f5e986cd60afd95fea8ee29,full JSON parse; schema/semantic cross-checks by artifact family,,2026-10-04T02:30:09.871374+00:00
healing-helping-hands/results/pilot-02/8203-qwen+qwen-evidence-only-erasure.json,171,26c099f5eecae8122b52e7c0957556322617f39fa63c735faf7524d4d9c58a93,full JSON parse; schema/semantic cross-checks by artifact family,,2026-10-04T02:30:09.871374+00:00
healing-helping-hands/results/pilot-02/8203-qwen+qwen-evidence-only-none.json,165,57b589cf8f53fbad58719b1118bd2e3dfcb4580b99dc2d7facd77ee134f6af4d,full JSON parse; schema/semantic cross-checks by artifact family,,2026-10-04T02:30:09.871374+00:00
healing-helping-hands/results/pilot-02/8203-qwen+qwen-evidence-only-withdrawal.json,177,97ccbdc4276afee1982e4e24cf10999d8a165247803d4d547700f509deb72511,full JSON parse; schema/semantic cross-checks by artifact family,,2026-10-04T02:30:09.871374+00:00
healing-helping-hands/results/pilot-02/8203-qwen+qwen-none-combined.json,155,1016adf432f1d8b89a8cd7fbcfce5aef491dd6431f2cd0a004efb8150aa51895,full JSON parse; schema/semantic cross-checks by artifact family,,2026-10-04T02:30:09.871374+00:00
healing-helping-hands/results/pilot-02/8203-qwen+qwen-none-erasure.json,153,ae908ede5babe38a88fdc78d7984a30c185f974e7b094a13933676bcc6165364,full JSON parse; schema/semantic cross-checks by artifact family,,2026-10-04T02:30:09.871374+00:00
healing-helping-hands/results/pilot-02/8203-qwen+qwen-none-none.json,147,90c8b61e4e04d6269739e0d5b2541be8ca999a966ea5a78b10854bf9985318fd,full JSON parse; schema/semantic cross-checks by artifact family,,2026-10-04T02:30:09.871374+00:00
healing-helping-hands/results/pilot-02/8203-qwen+qwen-none-withdrawal.json,159,60cc6a3cb35e0a5abf428f969359394e237a1dc24cfba1dca7f5f013f173f340,full JSON parse; schema/semantic cross-checks by artifact family,,2026-10-04T02:30:09.871374+00:00
healing-helping-hands/results/pilot-02/8203-qwen-evidence+withdrawals-combined.json,177,734963770a0da5acedf05633a7c4003be2456d94f9333e065f4138ccee440453,full JSON parse; schema/semantic cross-checks by artifact family,,2026-10-04T02:30:09.871374+00:00
healing-helping-hands/results/pilot-02/8203-qwen-evidence+withdrawals-erasure.json,175,abfa6898c0f2f997fed8fb6ee1c3aa686ef7d2ac7d02eacaafcd711237c249f2,full JSON parse; schema/semantic cross-checks by artifact family,,2026-10-04T02:30:09.871374+00:00
healing-helping-hands/results/pilot-02/8203-qwen-evidence+withdrawals-none.json,169,7ac11223730ce96c6c4688e9ee9bd188c673370fd2c592a07217d58b0f6d3640,full JSON parse; schema/semantic cross-checks by artifact family,,2026-10-04T02:30:09.871374+00:00
healing-helping-hands/results/pilot-02/8203-qwen-evidence+withdrawals-withdrawal.json,181,964b97beedf40cd98cdbba552cb1d1bd00c7325f7a13ec86f19822be21029481,full JSON parse; schema/semantic cross-checks by artifact family,,2026-10-04T02:30:09.871374+00:00
healing-helping-hands/results/pilot-02/8203-qwen-evidence-only-combined.json,163,0d17abbaad9e620fc5043b0a59985e9c3c827719afdd81872bf179b7a94957f7,full JSON parse; schema/semantic cross-checks by artifact family,,2026-10-04T02:30:09.871374+00:00
healing-helping-hands/results/pilot-02/8203-qwen-evidence-only-erasure.json,161,d0af768dc5a47848482e2fc91170d71725faa1b0672d9fba7464c1f8265d07e0,full JSON parse; schema/semantic cross-checks by artifact family,,2026-10-04T02:30:09.871374+00:00
healing-helping-hands/results/pilot-02/8203-qwen-evidence-only-none.json,155,11e5412559e6310163c0d6a17473d57c50c89086318b3f4467e62dd6750d325a,full JSON parse; schema/semantic cross-checks by artifact family,,2026-10-04T02:30:09.871374+00:00
healing-helping-hands/results/pilot-02/8203-qwen-evidence-only-withdrawal.json,167,ca1cd2528dcb12c7ecc983931c1c5ac3d59e4f852e9823d1694bc4c7a6c2d8cf,full JSON parse; schema/semantic cross-checks by artifact family,,2026-10-04T02:30:09.871374+00:00
healing-helping-hands/results/pilot-02/8203-qwen-none-combined.json,145,2b7dde6fa0e4bc206099785cf842c1803f05d77fe7c4d76f753e1f6b0405a075,full JSON parse; schema/semantic cross-checks by artifact family,,2026-10-04T02:30:09.871374+00:00
healing-helping-hands/results/pilot-02/8203-qwen-none-erasure.json,143,08c90d6de6df50c92a8449704f8548ee99138ce11a9a3a82c6d91d3d41b3aa31,full JSON parse; schema/semantic cross-checks by artifact family,,2026-10-04T02:30:09.871374+00:00
healing-helping-hands/results/pilot-02/8203-qwen-none-none.json,137,1c0fc2ccd2e04ad1c419c600a6711f831f17a9502b47f9bfd5f0920140a8c5be,full JSON parse; schema/semantic cross-checks by artifact family,,2026-10-04T02:30:09.871374+00:00
healing-helping-hands/results/pilot-02/8203-qwen-none-withdrawal.json,149,6958c4fbd12c4ccb51b1b33cbcc6d281a904d1ddff639df7f5a3f7c72d1f516c,full JSON parse; schema/semantic cross-checks by artifact family,,2026-10-04T02:30:09.871374+00:00
healing-helping-hands/results/pilot-02/calls.jsonl,56689,530ca19040ad2a15ff14fd15583f55589619e1f286346e1f8418c4dcc4076ef5,every JSONL record parsed; safe aggregate analysis and trace reconciliation,,2026-10-04T02:30:09.871374+00:00
healing-helping-hands/results/pilot-02/checkpoint.json,133839,07d5e88b82e1bb13662b54ad4794d2d2395dc567622b16a02e7cff4a9fa766d0,full JSON parse; schema/semantic cross-checks by artifact family,,2026-10-04T02:30:09.871374+00:00
healing-helping-hands/results/pilot-02/corpus-8201.json,40454,0a9ea2e8f4172de4533d446f9d03195638a9816d6ed2d7dbfd2c7880e5992284,full JSON parse; schema/semantic cross-checks by artifact family,,2026-10-04T02:30:09.871374+00:00
healing-helping-hands/results/pilot-02/corpus-8202.json,40711,29d88cc05fcbc1da67a1e161f05bf261f91f930560aea186c9e341b519a3bd15,full JSON parse; schema/semantic cross-checks by artifact family,,2026-10-04T02:30:09.871374+00:00
healing-helping-hands/results/pilot-02/corpus-8203.json,40555,993380523f44656e1854747dd355958ca2b6be27babefff00924bce992042981,full JSON parse; schema/semantic cross-checks by artifact family,,2026-10-04T02:30:09.871374+00:00
healing-helping-hands/results/pilot-02/manifest.json,32235,caa411f4fb56b145cb64b1ac3580095d144b5fa1b69e5acedcde180709eb395c,full JSON parse; schema/semantic cross-checks by artifact family,,2026-10-04T02:30:09.871374+00:00
healing-helping-hands/results/pilot-02/plan-receipt.json,1043,c66cb8ad369553e129f90672989e52076ddc399ef2b88ef6d60ff89e10bd8301,full JSON parse; schema/semantic cross-checks by artifact family,,2026-10-04T02:30:09.871374+00:00
healing-helping-hands/results/pilot-02/qualification.json,6423,a8669bf238c194a7de4f7641b87c3afa1a7b0f8fae9d9a86fbccb7b3272dcf3a,full JSON parse; schema/semantic cross-checks by artifact family,,2026-10-04T02:30:09.871374+00:00
healing-helping-hands/results/pilot-02/summary.json,12102,3dad25177c3f96a8633dce1e543e7871ffd9e20a3ddc3a7f1e4a3febd5224757,full JSON parse; schema/semantic cross-checks by artifact family,EP-09,2026-10-04T02:30:09.871374+00:00
healing-helping-hands/results/pilot-02/tapes-8201.json,2211,1930c2166710358010cae4166ff7077501c4db3745d9b39a2bccf64d29dbb19b,full JSON parse; schema/semantic cross-checks by artifact family,,2026-10-04T02:30:09.871374+00:00
healing-helping-hands/results/pilot-02/tapes-8202.json,2211,3f2268f6eb3242551d09e1cb447ef24d59985b45e125bbcd729626b044508396,full JSON parse; schema/semantic cross-checks by artifact family,,2026-10-04T02:30:09.871374+00:00
healing-helping-hands/results/pilot-02/tapes-8203.json,2211,f22a225740852b2de49d4337ded695c8e708300fa4225e29f699bbbb33c2b658,full JSON parse; schema/semantic cross-checks by artifact family,,2026-10-04T02:30:09.871374+00:00
healing-helping-hands/results/pilot-03/8701-exact-evidence+withdrawals-combined.json,307266,c6be2ec464d9a6f07a252e7260cbf61830a453bed86a4fbaed853dd53c809a32,full parse and family-specific reconciliation,,2026-10-04T02:58:11.098785+00:00
healing-helping-hands/results/pilot-03/8701-exact-evidence+withdrawals-erasure.json,275955,521e97090ad78f9742cf963045f73e10cfb1f834136e66a5ce06f8027ad23698,full parse and family-specific reconciliation,,2026-10-04T02:58:11.098785+00:00
healing-helping-hands/results/pilot-03/8701-exact-evidence+withdrawals-none.json,275943,f5f9e83238a04c4d28f79ffdfe84d3e014067b0b420a5dd5e0d7732e9cd74f8c,full parse and family-specific reconciliation,,2026-10-04T02:58:11.098785+00:00
healing-helping-hands/results/pilot-03/8701-exact-evidence+withdrawals-withdrawal.json,307311,b963152e6a69834c60045ec177fdadec089eb11fa0751c4ac1bf9187b3c411a9,full JSON parse; schema/semantic cross-checks by artifact family,,2026-10-04T02:30:09.871374+00:00
healing-helping-hands/results/pilot-03/8701-exact-evidence-only-combined.json,277734,c415d5456730f212af5ed0f2aae99632e7991ce72838c9b3e8a23cc45a9fe33c,full parse and family-specific reconciliation,,2026-10-04T02:58:11.098785+00:00
healing-helping-hands/results/pilot-03/8701-exact-evidence-only-erasure.json,275941,f9fea241ab3cd9332a37e48787b31e55648830dda6ad467563448fb740262add,full parse and family-specific reconciliation,,2026-10-04T02:58:11.098785+00:00
healing-helping-hands/results/pilot-03/8701-exact-evidence-only-none.json,275929,ea71706236dc97884287e5beafde8ce58a6816a0f73949a9a9b598924adcbd59,full JSON parse; schema/semantic cross-checks by artifact family,,2026-10-04T02:30:09.871374+00:00
healing-helping-hands/results/pilot-03/8701-exact-evidence-only-withdrawal.json,277757,99160277e9fd027917caa6a20cf8eff8373658c1052875d89cc73bae058c6294,full parse and family-specific reconciliation,,2026-10-04T02:58:11.098785+00:00
healing-helping-hands/results/pilot-03/8701-exact-none-combined.json,135876,b56b7443d8e53097580f97ff8d526123a55978c220b5fa2c2a10269c1a99d346,full parse and family-specific reconciliation,,2026-10-04T02:58:11.098785+00:00
healing-helping-hands/results/pilot-03/8701-exact-none-erasure.json,135094,454fa1892966d1789ac6ca483652e3e76b8c3efb0fa29a5ecb84872fbb9daa8e,full JSON parse; schema/semantic cross-checks by artifact family,,2026-10-04T02:30:09.871374+00:00
healing-helping-hands/results/pilot-03/8701-exact-none-none.json,134202,4d3bad6bccc8e41171520f296adc28546b87be14132fac3081ba9ff787e9ace2,full parse and family-specific reconciliation,,2026-10-04T02:58:11.098785+00:00
healing-helping-hands/results/pilot-03/8701-exact-none-withdrawal.json,135143,2a4ed84db235483e8c9f062eab34abe615861f295dab6b18ddc007f2bc8e8e0c,full parse and family-specific reconciliation,,2026-10-04T02:58:11.098785+00:00
healing-helping-hands/results/pilot-03/8701-jev-evidence+withdrawals-combined.json,307262,378ddf740f16ffe5a4921294be9dd475c99036a824d956539a24e3560a3804b2,full parse and family-specific reconciliation,,2026-10-04T02:58:11.098785+00:00
healing-helping-hands/results/pilot-03/8701-jev-evidence+withdrawals-erasure.json,275951,72889b71f6f8497e92fe2d9ca50ce66eba9be049a11c614e50c1828057be3a05,full JSON parse; schema/semantic cross-checks by artifact family,,2026-10-04T02:30:09.871374+00:00
healing-helping-hands/results/pilot-03/8701-jev-evidence+withdrawals-none.json,275939,61d7dcc49aa95cfb26f6b83afbccc3a5f52e2129c808659d8e5ea43167f4f694,full parse and family-specific reconciliation,,2026-10-04T02:58:11.098785+00:00
healing-helping-hands/results/pilot-03/8701-jev-evidence+withdrawals-withdrawal.json,307307,ded8f3f0b8a746a626ca368c78f6adc9bccc5e4bdbe68ae28586000c678b432d,full JSON parse; schema/semantic cross-checks by artifact family,,2026-10-04T02:30:09.871374+00:00
healing-helping-hands/results/pilot-03/8701-jev-evidence-only-combined.json,277730,4afff1b070c0d6df82028040d56101c63cc7f65e7e84d6a668cf8a3d7c2e182c,full JSON parse; schema/semantic cross-checks by artifact family,,2026-10-04T02:30:09.871374+00:00
healing-helping-hands/results/pilot-03/8701-jev-evidence-only-erasure.json,275937,f36cb3691bf56ea06ea7b4ea5e2f1b7ac5aac882b8c17d5e6eedd10f212775d4,full parse and family-specific reconciliation,ADD-H-03,2026-10-04T02:58:11.098785+00:00
healing-helping-hands/results/pilot-03/8701-jev-evidence-only-none.json,275925,143483e0dc7c7e3c943161890bab6a2fc8e1f06499d3fb1ab62e4bfaa6f5d92b,full JSON parse; schema/semantic cross-checks by artifact family,,2026-10-04T02:30:09.871374+00:00
healing-helping-hands/results/pilot-03/8701-jev-evidence-only-withdrawal.json,277753,bd5662300c850521203b031977e2003334502873fd5eae0ecd42ac5205c76229,full parse and family-specific reconciliation,,2026-10-04T02:58:11.098785+00:00
healing-helping-hands/results/pilot-03/8701-jev-none-combined.json,135872,ccbb59f51af4b928711ed7a816c92d389217547e871093ff4462f80c317d730f,full parse and family-specific reconciliation,,2026-10-04T02:58:11.098785+00:00
healing-helping-hands/results/pilot-03/8701-jev-none-erasure.json,135090,618a7b1a4393783870527451c9fd6c31c4582f611f852511ed52c285702b3a5b,full parse and family-specific reconciliation,,2026-10-04T02:58:11.098785+00:00
healing-helping-hands/results/pilot-03/8701-jev-none-none.json,134198,77f7b5dd8a05ff29284fbbeb632bb5413413a5e704e105257567d5b134860f21,full parse and family-specific reconciliation,,2026-10-04T02:58:11.098785+00:00
healing-helping-hands/results/pilot-03/8701-jev-none-withdrawal.json,135139,90b1f13d6963c34ecc6dcf3ad70a3f2f4f7e42b47963fe6cd9db697c0ef3dc64,full parse and family-specific reconciliation,,2026-10-04T02:58:11.098785+00:00
healing-helping-hands/results/pilot-03/8701-qwen+laya-evidence+withdrawals-combined.json,191,df22e057a6549b98e285cf3c084b238c511be8f63b290c6fa097302e86374340,full parse and family-specific reconciliation,,2026-10-04T02:58:11.098785+00:00
healing-helping-hands/results/pilot-03/8701-qwen+laya-evidence+withdrawals-erasure.json,189,c23e930bb02c502309afd237048a661e92216000546fc279d41988a415e1eb9f,full parse and family-specific reconciliation,,2026-10-04T02:58:11.098785+00:00
healing-helping-hands/results/pilot-03/8701-qwen+laya-evidence+withdrawals-none.json,183,60e2b158c1a7ec736a700115418b73664ea160c5c922976127537f0b202de0f9,full parse and family-specific reconciliation,,2026-10-04T02:58:11.098785+00:00
healing-helping-hands/results/pilot-03/8701-qwen+laya-evidence+withdrawals-withdrawal.json,195,480639f72fcaafb6425c194f704055105aa0dde7f81b73b1e5a16cd4cb1c0eb1,full JSON parse; schema/semantic cross-checks by artifact family,,2026-10-04T02:30:09.871374+00:00
healing-helping-hands/results/pilot-03/8701-qwen+laya-evidence-only-combined.json,177,f3aa870cd7889043f4bbdcd154d7c3830c9a3cd0d3094413e357cd5bb2e1336b,full parse and family-specific reconciliation,,2026-10-04T02:58:11.098785+00:00
healing-helping-hands/results/pilot-03/8701-qwen+laya-evidence-only-erasure.json,175,5cf425a10b7d66d553abf46c80eb03ee83b7f1af3bacff779b2a989ea2e0c51d,full JSON parse; schema/semantic cross-checks by artifact family,,2026-10-04T02:30:09.871374+00:00
healing-helping-hands/results/pilot-03/8701-qwen+laya-evidence-only-none.json,169,5f932cf48e44a12b440f5e81c849f2cd9ba48fb24f01beaa40b979f0253537ca,full JSON parse; schema/semantic cross-checks by artifact family,,2026-10-04T02:30:09.871374+00:00
healing-helping-hands/results/pilot-03/8701-qwen+laya-evidence-only-withdrawal.json,181,5c35c6fdafc32aeb59a0a993647dc4cf397491e21f6bcd520ed491a9135b0791,full JSON parse; schema/semantic cross-checks by artifact family,,2026-10-04T02:30:09.871374+00:00
healing-helping-hands/results/pilot-03/8701-qwen+laya-none-combined.json,159,dfdeba5cce29e0e5aa69ce4493099a36e884aac5471a3bc166780feb7263447d,full parse and family-specific reconciliation,,2026-10-04T02:58:11.098785+00:00
healing-helping-hands/results/pilot-03/8701-qwen+laya-none-erasure.json,157,d596d2e5b455783d70d4202cbe1629d4d5fbb085885d3e8732ebfafbb13566fc,full parse and family-specific reconciliation,,2026-10-04T02:58:11.098785+00:00
healing-helping-hands/results/pilot-03/8701-qwen+laya-none-none.json,151,8964fab38431497d2e39b685f4ea85aee1357ed51b0a45b5c190358b7ceb618d,full parse and family-specific reconciliation,,2026-10-04T02:58:11.098785+00:00
healing-helping-hands/results/pilot-03/8701-qwen+laya-none-withdrawal.json,163,aac61c37f1b2e10d29d3751962ff7edbeab448e6647d0e8b7ea3f139a94e8aba,full parse and family-specific reconciliation,,2026-10-04T02:58:11.098785+00:00
healing-helping-hands/results/pilot-03/8701-qwen+qwen-evidence+withdrawals-combined.json,191,1c41e0efafdb61f7320d36d725384d1f93d8504d7c90d3de6e60f02dc9f44328,full parse and family-specific reconciliation,,2026-10-04T02:58:11.098785+00:00
healing-helping-hands/results/pilot-03/8701-qwen+qwen-evidence+withdrawals-erasure.json,189,fa1e3b15133deb515ea1579b9a2788c440267badfd1b6ed061774a82d328b8e2,full parse and family-specific reconciliation,,2026-10-04T02:58:11.098785+00:00
healing-helping-hands/results/pilot-03/8701-qwen+qwen-evidence+withdrawals-none.json,183,e65b10bb51b25622519e8e54e9f9082c986c895a2aafee3f42bab1a1336ee484,full JSON parse; schema/semantic cross-checks by artifact family,,2026-10-04T02:30:09.871374+00:00
healing-helping-hands/results/pilot-03/8701-qwen+qwen-evidence+withdrawals-withdrawal.json,195,624131678b9d6fcae6c691ee8ca698d8e2ecb00dcf51ad7407216e89e4692b46,full JSON parse; schema/semantic cross-checks by artifact family,,2026-10-04T02:30:09.871374+00:00
healing-helping-hands/results/pilot-03/8701-qwen+qwen-evidence-only-combined.json,177,e1131f8d25bae468b41a80d9c49792bc9aa97fa30c923b8375ae837530dd032f,full JSON parse; schema/semantic cross-checks by artifact family,,2026-10-04T02:30:09.871374+00:00
healing-helping-hands/results/pilot-03/8701-qwen+qwen-evidence-only-erasure.json,175,2943cfc2be5ac43c1bc626909aad5faddb3e8d2e96358a358582ee043f9182a4,full parse and family-specific reconciliation,,2026-10-04T02:58:11.098785+00:00
healing-helping-hands/results/pilot-03/8701-qwen+qwen-evidence-only-none.json,169,5381a176d6814d96a34e212464dc64b66de2d8fc0655b89d81f301c267654e2c,full JSON parse; schema/semantic cross-checks by artifact family,,2026-10-04T02:30:09.871374+00:00
healing-helping-hands/results/pilot-03/8701-qwen+qwen-evidence-only-withdrawal.json,181,7be2896bb64b2e1c61a96d2ef02ac1a9d0d1af5f80c9c28dd61c1ebc08ee0567,full parse and family-specific reconciliation,,2026-10-04T02:58:11.098785+00:00
healing-helping-hands/results/pilot-03/8701-qwen+qwen-none-combined.json,159,5e1f9115b02036c3fb5a63dfbb0be8cd1fe24bd14f58b5df0b4c2e614af417ea,full parse and family-specific reconciliation,,2026-10-04T02:58:11.098785+00:00
healing-helping-hands/results/pilot-03/8701-qwen+qwen-none-erasure.json,157,fc64b68ca2098de1ba660d12763e7696a2056430bde9672aadcbda2538ea5d93,full parse and family-specific reconciliation,,2026-10-04T02:58:11.098785+00:00
healing-helping-hands/results/pilot-03/8701-qwen+qwen-none-none.json,151,99d1c8b4198e7aac977ac1a9a66b9342e8331157fe15a0ec532aac7c3082d146,full JSON parse; schema/semantic cross-checks by artifact family,,2026-10-04T02:30:09.871374+00:00
healing-helping-hands/results/pilot-03/8701-qwen+qwen-none-withdrawal.json,163,df156c9c16ef69b40126c64f66d9d9c87ca8a691ada3ce1418008fe3ab1a3e7f,full parse and family-specific reconciliation,,2026-10-04T02:58:11.098785+00:00
healing-helping-hands/results/pilot-03/8701-qwen-evidence+withdrawals-combined.json,181,e29ba7519a39b9c3484c2643afb6f8f73b5e1241a09d92c8f0069f259e9aaa02,full parse and family-specific reconciliation,,2026-10-04T02:58:11.098785+00:00
healing-helping-hands/results/pilot-03/8701-qwen-evidence+withdrawals-erasure.json,179,1858b869716a6e2653cb365d7ad3784595d3d9f5b19c08e83149623c27ccc251,full JSON parse; schema/semantic cross-checks by artifact family,,2026-10-04T02:30:09.871374+00:00
healing-helping-hands/results/pilot-03/8701-qwen-evidence+withdrawals-none.json,173,b8c41b25a94673d5c03c0db4cc8855125cdb4ca2bdae58b04086d2ea33eadbdf,full JSON parse; schema/semantic cross-checks by artifact family,,2026-10-04T02:30:09.871374+00:00
healing-helping-hands/results/pilot-03/8701-qwen-evidence+withdrawals-withdrawal.json,185,180872f364b1944f0c74bb8b1f6089f9cb9e8248b2fbca4c2b772d25e32a9b6c,full parse and family-specific reconciliation,,2026-10-04T02:58:11.098785+00:00
healing-helping-hands/results/pilot-03/8701-qwen-evidence-only-combined.json,167,3ddf648af5ecdada4e7ebd95b1cc26f23b19c97a7f892246adb0bc4cba3e64f2,full parse and family-specific reconciliation,,2026-10-04T02:58:11.098785+00:00
healing-helping-hands/results/pilot-03/8701-qwen-evidence-only-erasure.json,165,e0e268cc93d2d6406b6e95090518a4b4350d3ee4edfcbeb3c442a76553d77126,full JSON parse; schema/semantic cross-checks by artifact family,,2026-10-04T02:30:09.871374+00:00
healing-helping-hands/results/pilot-03/8701-qwen-evidence-only-none.json,159,75c66319989ce4e115f880d0709282488dafc164da00cb06917065a4efe516a8,full JSON parse; schema/semantic cross-checks by artifact family,,2026-10-04T02:30:09.871374+00:00
healing-helping-hands/results/pilot-03/8701-qwen-evidence-only-withdrawal.json,171,9736f643a9f6cce64f545b453f1c68047bcf2846006f4e4a82e1b3d47da9f4a0,full parse and family-specific reconciliation,,2026-10-04T02:58:11.098785+00:00
healing-helping-hands/results/pilot-03/8701-qwen-none-combined.json,149,1734c4224c293eb945578573cf393c01cce499e2e05351b35602c3892b9e62d6,full parse and family-specific reconciliation,,2026-10-04T02:58:11.098785+00:00
healing-helping-hands/results/pilot-03/8701-qwen-none-erasure.json,147,eb3f7de0883bf0c457dbeea1400a6c203afe0d20a0e6354b0ebd8747953413af,full parse and family-specific reconciliation,,2026-10-04T02:58:11.098785+00:00
healing-helping-hands/results/pilot-03/8701-qwen-none-none.json,141,572ac4b1324c5a6410357a8839e37b91ff34f7d12b53834b988e7c5cd3e7306b,full parse and family-specific reconciliation,,2026-10-04T02:58:11.098785+00:00
healing-helping-hands/results/pilot-03/8701-qwen-none-withdrawal.json,153,802d6477f1bc0618b12c0883e1b977051fa3a44da3ae6e963604f557a854adb4,full parse and family-specific reconciliation,,2026-10-04T02:58:11.098785+00:00
healing-helping-hands/results/pilot-03/8702-exact-evidence+withdrawals-combined.json,306507,b4ea06094c4881ab11db04dbb8e27b2176a78bdbc88d7b90334f4158111dc951,full parse and family-specific reconciliation,,2026-10-04T02:58:11.098785+00:00
healing-helping-hands/results/pilot-03/8702-exact-evidence+withdrawals-erasure.json,275644,422ed00fe4e6222c3c8688f7ff429cbc8235917cb3a416672e7f59a2e86674c1,full JSON parse; schema/semantic cross-checks by artifact family,,2026-10-04T02:30:09.871374+00:00
healing-helping-hands/results/pilot-03/8702-exact-evidence+withdrawals-none.json,275620,fd5f503cf6cc882479088d0f40c1611be162c41727dd52aa5cec66aea46e5a5d,full JSON parse; schema/semantic cross-checks by artifact family,,2026-10-04T02:30:09.871374+00:00
healing-helping-hands/results/pilot-03/8702-exact-evidence+withdrawals-withdrawal.json,306546,528469aeeb9579f332004c4fbaa0c3128007d4ced86a143c56de1ec8c8abc7aa,full parse and family-specific reconciliation,,2026-10-04T02:58:11.098785+00:00
healing-helping-hands/results/pilot-03/8702-exact-evidence-only-combined.json,277244,a5bc4398bcb07fcb1efb753a497a2f28bcfecab46028f9e76de75241ffbab8c4,full parse and family-specific reconciliation,,2026-10-04T02:58:11.098785+00:00
healing-helping-hands/results/pilot-03/8702-exact-evidence-only-erasure.json,275630,68e36d02b89d7d455c4c2a0813c5c930fc3266e6f029cca29d526763d7870c85,full parse and family-specific reconciliation,,2026-10-04T02:58:11.098785+00:00
healing-helping-hands/results/pilot-03/8702-exact-evidence-only-none.json,275606,2aa2507751a8157992df48f695500c894142f87391ad1a29af9ceb4217236d84,full JSON parse; schema/semantic cross-checks by artifact family,,2026-10-04T02:30:09.871374+00:00
healing-helping-hands/results/pilot-03/8702-exact-evidence-only-withdrawal.json,277269,3410f49eafcfeb35d2807ab408c70f21c943f90ce18b9da39a03ad0dd9b60a6a,full JSON parse; schema/semantic cross-checks by artifact family,,2026-10-04T02:30:09.871374+00:00
healing-helping-hands/results/pilot-03/8702-exact-none-combined.json,135941,9246447dbab79c698fe50af73eb75b4984f502e7e07dcb0ec9cfb112a6cf0a7a,full parse and family-specific reconciliation,,2026-10-04T02:58:11.098785+00:00
healing-helping-hands/results/pilot-03/8702-exact-none-erasure.json,135144,8b25ab1a9c4d33dc55b85f5ba20b5a287b1598c840d520ff3f01ed41328f5473,full parse and family-specific reconciliation,,2026-10-04T02:58:11.098785+00:00
healing-helping-hands/results/pilot-03/8702-exact-none-none.json,134202,c01566c38d3f426e9ff9f67b21b97a8dbe8750c26c06511c7dfb699c884adf7f,full parse and family-specific reconciliation,,2026-10-04T02:58:11.098785+00:00
healing-helping-hands/results/pilot-03/8702-exact-none-withdrawal.json,135113,707b3da055493d1506d75dc023d63aa7e0bdca198f9b3b8a1db464d26d927a0a,full parse and family-specific reconciliation,,2026-10-04T02:58:11.098785+00:00
healing-helping-hands/results/pilot-03/8702-jev-evidence+withdrawals-combined.json,306503,18347c6d22e59e4a6bdcfb149c3d2e7fd564a4fea52921f0672f66cf0d7d0818,full parse and family-specific reconciliation,,2026-10-04T02:58:11.098785+00:00
healing-helping-hands/results/pilot-03/8702-jev-evidence+withdrawals-erasure.json,275640,e27e1aa2bb8102a3dc76c7b99e2a89e5d3ccda4e86d1315f59f283003c83d423,full JSON parse; schema/semantic cross-checks by artifact family,,2026-10-04T02:30:09.871374+00:00
healing-helping-hands/results/pilot-03/8702-jev-evidence+withdrawals-none.json,275616,8a19e24f73419135addca4a54c44975481fefb88e5203777a14cd133f8b313a7,full parse and family-specific reconciliation,,2026-10-04T02:58:11.098785+00:00
healing-helping-hands/results/pilot-03/8702-jev-evidence+withdrawals-withdrawal.json,306542,8e3bf9797b54f158e6db4204a9cb85fd6693902cbbff93e8259b89323a1a418b,full parse and family-specific reconciliation,,2026-10-04T02:58:11.098785+00:00
healing-helping-hands/results/pilot-03/8702-jev-evidence-only-combined.json,277240,3fd0528f385ffd473d86ed56e8a426ed306902c5d0805b573b1d2a825bdd8068,full parse and family-specific reconciliation,,2026-10-04T02:58:11.098785+00:00
healing-helping-hands/results/pilot-03/8702-jev-evidence-only-erasure.json,275626,8cb2bd30a5ddfe5539d50739326c17da5090df469375afa8a9b8cf0a06bbc431,full JSON parse; schema/semantic cross-checks by artifact family,,2026-10-04T02:30:09.871374+00:00
healing-helping-hands/results/pilot-03/8702-jev-evidence-only-none.json,275602,b3ed472dd1a11a056ebb39b99d009f4e92cf9a8f2086abd9f2c815c2ca0b3ffb,full parse and family-specific reconciliation,,2026-10-04T02:58:11.098785+00:00
healing-helping-hands/results/pilot-03/8702-jev-evidence-only-withdrawal.json,277265,5375189aebf7d2638b44d66c5f5099195faebac7531bd7a1a573348591fcd0d2,full JSON parse; schema/semantic cross-checks by artifact family,,2026-10-04T02:30:09.871374+00:00
healing-helping-hands/results/pilot-03/8702-jev-none-combined.json,135937,6365ffeb0c7392d7e29fcdf846878f0dd5cc7953317ddbb2cba46cf373b303c8,full parse and family-specific reconciliation,,2026-10-04T02:58:11.098785+00:00
healing-helping-hands/results/pilot-03/8702-jev-none-erasure.json,135140,e464551a1f000f6a5415c92ddd1b1c42f3958e3af20f568ca6791b5e3c85d7a7,full parse and family-specific reconciliation,,2026-10-04T02:58:11.098785+00:00
healing-helping-hands/results/pilot-03/8702-jev-none-none.json,134198,5d078f1755a64e0ae871d8ce70a3dba9cca68eef2c5d9ee587a0a48465c00e83,full parse and family-specific reconciliation,,2026-10-04T02:58:11.098785+00:00
healing-helping-hands/results/pilot-03/8702-jev-none-withdrawal.json,135109,f42fad5fe86b36da1daca5823445ddb66676e4af8bb38a674b6a18912ef7d195,full JSON parse; schema/semantic cross-checks by artifact family,,2026-10-04T02:30:09.871374+00:00
healing-helping-hands/results/pilot-03/8702-qwen+laya-evidence+withdrawals-combined.json,191,c8cf8ea6f4330d8295a35928dc951571ea9d9f4d666838a621e43ff2758f0ad4,full parse and family-specific reconciliation,,2026-10-04T02:58:11.098785+00:00
healing-helping-hands/results/pilot-03/8702-qwen+laya-evidence+withdrawals-erasure.json,189,5db554f4b2fc38cffb8a2b16cb174d7b41c74814c1f8312e6fb900f718521c4e,full JSON parse; schema/semantic cross-checks by artifact family,,2026-10-04T02:30:09.871374+00:00
healing-helping-hands/results/pilot-03/8702-qwen+laya-evidence+withdrawals-none.json,183,7e43ced59f91e24185858208fc351582a645a45f23a371290686f0c8c4369a95,full JSON parse; schema/semantic cross-checks by artifact family,,2026-10-04T02:30:09.871374+00:00
healing-helping-hands/results/pilot-03/8702-qwen+laya-evidence+withdrawals-withdrawal.json,195,c34cd20a97e898bc403e310e71891921793412d556e3cdf01861bde6f8d261ae,full JSON parse; schema/semantic cross-checks by artifact family,,2026-10-04T02:30:09.871374+00:00
healing-helping-hands/results/pilot-03/8702-qwen+laya-evidence-only-combined.json,177,936282e1af5a3c9c7342d5a618ba2902e604e84342e10f8f19f1e3373d6d67df,full JSON parse; schema/semantic cross-checks by artifact family,,2026-10-04T02:30:09.871374+00:00
healing-helping-hands/results/pilot-03/8702-qwen+laya-evidence-only-erasure.json,175,ddf44988cdf40bb4602a47f45c7d2b65b9073ca10d6478b2f3c9fcb37f42dc40,full JSON parse; schema/semantic cross-checks by artifact family,,2026-10-04T02:30:09.871374+00:00
healing-helping-hands/results/pilot-03/8702-qwen+laya-evidence-only-none.json,169,52b493ebb47b77748ef49ab0abb01f86b2e5a4b8dbfd96602841cf7681f0ce1c,full parse and family-specific reconciliation,,2026-10-04T02:58:11.098785+00:00
healing-helping-hands/results/pilot-03/8702-qwen+laya-evidence-only-withdrawal.json,181,3d34af3f7588431ee3d645140c91eedfdd679d957dff0a948b50e279e6ae0245,full parse and family-specific reconciliation,,2026-10-04T02:58:11.098785+00:00
healing-helping-hands/results/pilot-03/8702-qwen+laya-none-combined.json,159,d5186b4d2277d4e08af8aa26c12559c53e8b8d0c76599db6e23769521c4dd406,full JSON parse; schema/semantic cross-checks by artifact family,,2026-10-04T02:30:09.871374+00:00
healing-helping-hands/results/pilot-03/8702-qwen+laya-none-erasure.json,157,91074779f9441fd2bf0d4914c7ecab6c412cb94bc0dba107dff26bcf9d42737b,full parse and family-specific reconciliation,,2026-10-04T02:58:11.098785+00:00
healing-helping-hands/results/pilot-03/8702-qwen+laya-none-none.json,151,a253a2220542ba7c373ee70931bef6e555e15ff91b946f0d513680d8388f8790,full parse and family-specific reconciliation,,2026-10-04T02:58:11.098785+00:00
healing-helping-hands/results/pilot-03/8702-qwen+laya-none-withdrawal.json,163,c54d5541c4c6da92b557b52dee5f9ba3d8303a5e51a709bb8f07f575f16794ac,full parse and family-specific reconciliation,,2026-10-04T02:58:11.098785+00:00
healing-helping-hands/results/pilot-03/8702-qwen+qwen-evidence+withdrawals-combined.json,191,c5ec55b7192345d56f1ec4eed52576067aaa8a895a21f1c095729985c309af22,full parse and family-specific reconciliation,,2026-10-04T02:58:11.098785+00:00
healing-helping-hands/results/pilot-03/8702-qwen+qwen-evidence+withdrawals-erasure.json,189,82a5b9ac9db1d8f91cce92a7b1fa4ba542eb45231718e322bba99cf6e47130a6,full parse and family-specific reconciliation,,2026-10-04T02:58:11.098785+00:00
healing-helping-hands/results/pilot-03/8702-qwen+qwen-evidence+withdrawals-none.json,183,f1ff321b29fdba57f93d385251c2dabdd2161f28615f24446f836a547d53f161,full parse and family-specific reconciliation,,2026-10-04T02:58:11.098785+00:00
healing-helping-hands/results/pilot-03/8702-qwen+qwen-evidence+withdrawals-withdrawal.json,195,a434f438fcb1d1ea626a5ecb04ee0c98879a119c0cf2c3d6e8afeb8a469074e4,full parse and family-specific reconciliation,,2026-10-04T02:58:11.098785+00:00
healing-helping-hands/results/pilot-03/8702-qwen+qwen-evidence-only-combined.json,177,3faf3a5bb73c7a6105d45e1d7aef6c685d8faf26132750e899a21f9c3a196242,full parse and family-specific reconciliation,,2026-10-04T02:58:11.098785+00:00
healing-helping-hands/results/pilot-03/8702-qwen+qwen-evidence-only-erasure.json,175,da99fd0ad8f930846af030735893db40e3a45e4716a5ef5368071a048790e285,full parse and family-specific reconciliation,,2026-10-04T02:58:11.098785+00:00
healing-helping-hands/results/pilot-03/8702-qwen+qwen-evidence-only-none.json,169,c07acd32eb5cf20bf477c0d5191daa2bc8520fef79a440ced6b828b87f8e247e,full parse and family-specific reconciliation,,2026-10-04T02:58:11.098785+00:00
healing-helping-hands/results/pilot-03/8702-qwen+qwen-evidence-only-withdrawal.json,181,b0b9b1dde65e52b07b854a9eea45bb36c946548d5266cf084cf7b23f371b2c84,full parse and family-specific reconciliation,,2026-10-04T02:58:11.098785+00:00
healing-helping-hands/results/pilot-03/8702-qwen+qwen-none-combined.json,159,639bc092ab727ed209877c400d9274199b3653fe2f733ad4ccea9c32b10d85cb,full parse and family-specific reconciliation,,2026-10-04T02:58:11.098785+00:00
healing-helping-hands/results/pilot-03/8702-qwen+qwen-none-erasure.json,157,a7ca1d8564d433b70c4b7012f5126fdf314a26282b1224c8df0d6432bfd61d0a,full parse and family-specific reconciliation,,2026-10-04T02:58:11.098785+00:00
healing-helping-hands/results/pilot-03/8702-qwen+qwen-none-none.json,151,df3f2a5da32ba8a438b657f1feb551652a2818a4457a67edb44ebf610c9dabcf,full JSON parse; schema/semantic cross-checks by artifact family,,2026-10-04T02:30:09.871374+00:00
healing-helping-hands/results/pilot-03/8702-qwen+qwen-none-withdrawal.json,163,3de3d483b5766db94f73ca35fe276aa631d5adac870e4558417d3af623073740,full parse and family-specific reconciliation,,2026-10-04T02:58:11.098785+00:00
healing-helping-hands/results/pilot-03/8702-qwen-evidence+withdrawals-combined.json,181,577d38604b5b103547de71da5af97a1757a9a1bafbd137f4dbe7eb35a0913216,full parse and family-specific reconciliation,,2026-10-04T02:58:11.098785+00:00
healing-helping-hands/results/pilot-03/8702-qwen-evidence+withdrawals-erasure.json,179,c063b2fb482616392a35d077e88f51348e19450a6362536ad4900fdbe587fa11,full JSON parse; schema/semantic cross-checks by artifact family,,2026-10-04T02:30:09.871374+00:00
healing-helping-hands/results/pilot-03/8702-qwen-evidence+withdrawals-none.json,173,38cda960a2858df300391d4b693cfaf7bda9c34471676f5fe7acf5c98a6b504d,full parse and family-specific reconciliation,,2026-10-04T02:58:11.098785+00:00
healing-helping-hands/results/pilot-03/8702-qwen-evidence+withdrawals-withdrawal.json,185,668f2adf01cdd6e49de15c4a9435a58d0e78c3018e7e28886879fa276a8f9c0a,full JSON parse; schema/semantic cross-checks by artifact family,,2026-10-04T02:30:09.871374+00:00
healing-helping-hands/results/pilot-03/8702-qwen-evidence-only-combined.json,167,66a8d4180b23bf1c8e4f8d8f4e69cb8d09a0559f1519c19794be5e08105567fd,full parse and family-specific reconciliation,,2026-10-04T02:58:11.098785+00:00
healing-helping-hands/results/pilot-03/8702-qwen-evidence-only-erasure.json,165,3a6ee14f84b3e3f5bdfd1f7191d6349d93a30ec02a992c5c9dc664101ef349e7,full parse and family-specific reconciliation,,2026-10-04T02:58:11.098785+00:00
healing-helping-hands/results/pilot-03/8702-qwen-evidence-only-none.json,159,7319589ef222f65694d3393a16b5619c4520e036ef999bc650fad74927412daf,full parse and family-specific reconciliation,,2026-10-04T02:58:11.098785+00:00
healing-helping-hands/results/pilot-03/8702-qwen-evidence-only-withdrawal.json,171,c9ba5e5f29cb407857070a87933ef8a11d15c70aa60af0e6ea0740340ab0b013,full JSON parse; schema/semantic cross-checks by artifact family,,2026-10-04T02:30:09.871374+00:00
healing-helping-hands/results/pilot-03/8702-qwen-none-combined.json,149,dfe4a62c0d69ae16f457affe4f4d9328a4d6f40a17a73022a580703017dccf47,full parse and family-specific reconciliation,,2026-10-04T02:58:11.098785+00:00
healing-helping-hands/results/pilot-03/8702-qwen-none-erasure.json,147,54c1da3c8996c31aaddfe5527c968801c1f0509dcf3b7d5aada5db85f97850b7,full parse and family-specific reconciliation,,2026-10-04T02:58:11.098785+00:00
healing-helping-hands/results/pilot-03/8702-qwen-none-none.json,141,40d8bd8b33a340eb1152d71bebac9ecee9b68d75c8afaeeb7ef5be8e3f70fdd3,full parse and family-specific reconciliation,,2026-10-04T02:58:11.098785+00:00
healing-helping-hands/results/pilot-03/8702-qwen-none-withdrawal.json,153,7d39c14f2935a5c15358df0871b73412e1f686879d4267008574e64304e5301a,full parse and family-specific reconciliation,,2026-10-04T02:58:11.098785+00:00
healing-helping-hands/results/pilot-03/8703-exact-evidence+withdrawals-combined.json,305859,6cc281145c57ffc5418006c3bd934323bfaaeee32ddc9f70e443cc24c3a102f0,full parse and family-specific reconciliation,,2026-10-04T02:58:11.098785+00:00
healing-helping-hands/results/pilot-03/8703-exact-evidence+withdrawals-erasure.json,275743,5a2d89c0be8732d97378a882739003d1acba10987f8cbd65939846a4370337bd,full parse and family-specific reconciliation,,2026-10-04T02:58:11.098785+00:00
healing-helping-hands/results/pilot-03/8703-exact-evidence+withdrawals-none.json,275723,d044450b9085412fa1678fcff8d6a88e65526c8a0286c1a0d9f4ab54cbf3751b,full parse and family-specific reconciliation,,2026-10-04T02:58:11.098785+00:00
healing-helping-hands/results/pilot-03/8703-exact-evidence+withdrawals-withdrawal.json,305874,f7391d9794672e2040dc1fa97d0bd1ac2bf4a6b584abce914eca2ef48ceea35e,full JSON parse; schema/semantic cross-checks by artifact family,,2026-10-04T02:30:09.871374+00:00
healing-helping-hands/results/pilot-03/8703-exact-evidence-only-combined.json,277059,736d2e7491e431a592ab8419469f603d696f0ca4992cfc731c588d261bfc940c,full parse and family-specific reconciliation,,2026-10-04T02:58:11.098785+00:00
healing-helping-hands/results/pilot-03/8703-exact-evidence-only-erasure.json,275729,367105838b4a64365e5971a3ee7255a08cc9bdff8f564312097bb5e4aba3e28d,full parse and family-specific reconciliation,,2026-10-04T02:58:11.098785+00:00
healing-helping-hands/results/pilot-03/8703-exact-evidence-only-none.json,275709,9445694a3c1de8e64ebdc89a58b01295aba53ac8ce29a87ba8ee7a8f47d71be0,full parse and family-specific reconciliation,,2026-10-04T02:58:11.098785+00:00
healing-helping-hands/results/pilot-03/8703-exact-evidence-only-withdrawal.json,277086,307b1af4b2069da3d90d0f1efdc698fe95fc4c39b0f77a911bc928b528c60ad8,full parse and family-specific reconciliation,,2026-10-04T02:58:11.098785+00:00
healing-helping-hands/results/pilot-03/8703-exact-none-combined.json,135844,3d233c07b73bb13a402bf1cf7780b14b7f9d507a48495e29c127d830f38cda5e,full JSON parse; schema/semantic cross-checks by artifact family,,2026-10-04T02:30:09.871374+00:00
healing-helping-hands/results/pilot-03/8703-exact-none-erasure.json,135109,f91dad9e87a461c1292953a8475b013841620e53ecc6ee0fee80d70360c22874,full JSON parse; schema/semantic cross-checks by artifact family,,2026-10-04T02:30:09.871374+00:00
healing-helping-hands/results/pilot-03/8703-exact-none-none.json,134202,16b8d110801addeb8fd73dc673c4feb6bd8daa6e2c8bb9a16ebb9f07ee4d45be,full JSON parse; schema/semantic cross-checks by artifact family,,2026-10-04T02:30:09.871374+00:00
healing-helping-hands/results/pilot-03/8703-exact-none-withdrawal.json,135276,c161446669cbe95f48f768ed685510649bef9de77251a3db2b0a1e8a17e53260,full parse and family-specific reconciliation,,2026-10-04T02:58:11.098785+00:00
healing-helping-hands/results/pilot-03/8703-jev-evidence+withdrawals-combined.json,305855,ba3e3009084640f0eb0d9900f3c130b84001d1fcfabc2c88a967f48c386a657e,full parse and family-specific reconciliation,,2026-10-04T02:58:11.098785+00:00
healing-helping-hands/results/pilot-03/8703-jev-evidence+withdrawals-erasure.json,275739,46723aab5066623237b5d2e64d492077531ad3de257cc46e97ace582e88533d4,full JSON parse; schema/semantic cross-checks by artifact family,,2026-10-04T02:30:09.871374+00:00
healing-helping-hands/results/pilot-03/8703-jev-evidence+withdrawals-none.json,275719,25b5a3d55ad21ed65d5b42f3e5be3b76e43b0eda8fb369e4142b24666deb4f41,full parse and family-specific reconciliation,,2026-10-04T02:58:11.098785+00:00
healing-helping-hands/results/pilot-03/8703-jev-evidence+withdrawals-withdrawal.json,305870,14ea4a99af20136a44590b2b9eae2ed6227fc03f9f241e546539b689a2b24200,full parse and family-specific reconciliation,,2026-10-04T02:58:11.098785+00:00
healing-helping-hands/results/pilot-03/8703-jev-evidence-only-combined.json,277055,a157cc8ede3e3f0253ea31af6363a6eaceb67b171891130b811be8f4ad9c640e,full parse and family-specific reconciliation,,2026-10-04T02:58:11.098785+00:00
healing-helping-hands/results/pilot-03/8703-jev-evidence-only-erasure.json,275725,eec05450c46b114522fc039c763310380d4bcabbb0a070f0e309aa77fc3211ad,full JSON parse; schema/semantic cross-checks by artifact family,,2026-10-04T02:30:09.871374+00:00
healing-helping-hands/results/pilot-03/8703-jev-evidence-only-none.json,275705,50f57a574b0f109dd6e115ee7c6fca2d3de7a8927bab0ef8a026f67aecc5d368,full parse and family-specific reconciliation,,2026-10-04T02:58:11.098785+00:00
healing-helping-hands/results/pilot-03/8703-jev-evidence-only-withdrawal.json,277082,8c250353c85db2d84a27b1bd8c2d195a50832fb48c48ad268ae56d757bb447af,full JSON parse; schema/semantic cross-checks by artifact family,,2026-10-04T02:30:09.871374+00:00
healing-helping-hands/results/pilot-03/8703-jev-none-combined.json,135840,c3f6cf35a9b8a4de14e83cbd857d0a16d81c22e46fd23824f90ac260d5bd4b51,full JSON parse; schema/semantic cross-checks by artifact family,,2026-10-04T02:30:09.871374+00:00
healing-helping-hands/results/pilot-03/8703-jev-none-erasure.json,135105,25dbab173409dab55abcd7ade7f1a482c798baf794fab99d4d3eb526b41ab8f8,full parse and family-specific reconciliation,,2026-10-04T02:58:11.098785+00:00
healing-helping-hands/results/pilot-03/8703-jev-none-none.json,134198,813fd7aa693ce524fe1f6694d5725f623c6c77a4807c3aada99fa31799597c82,full JSON parse; schema/semantic cross-checks by artifact family,,2026-10-04T02:30:09.871374+00:00
healing-helping-hands/results/pilot-03/8703-jev-none-withdrawal.json,135272,645f50d6fea33cddb0fb910eeac38a38355b3c7f3d73a637cc3d4bc4eafc7aed,full parse and family-specific reconciliation,,2026-10-04T02:58:11.098785+00:00
healing-helping-hands/results/pilot-03/8703-qwen+laya-evidence+withdrawals-combined.json,191,eb69a5aff0d6efbd4709542f1699bfdb23e1ae614c93106c27f22292a7188083,full parse and family-specific reconciliation,,2026-10-04T02:58:11.098785+00:00
healing-helping-hands/results/pilot-03/8703-qwen+laya-evidence+withdrawals-erasure.json,189,ab8c06d979ad4eab13ac738278ac3b1c0905489e7b1aec98e4550a9be55da539,full parse and family-specific reconciliation,,2026-10-04T02:58:11.098785+00:00
healing-helping-hands/results/pilot-03/8703-qwen+laya-evidence+withdrawals-none.json,183,49cbb9965e4477778f8b0b57871ae3d337675eda39f3bae342a0b01e56287b03,full JSON parse; schema/semantic cross-checks by artifact family,,2026-10-04T02:30:09.871374+00:00
healing-helping-hands/results/pilot-03/8703-qwen+laya-evidence+withdrawals-withdrawal.json,195,fba329d49cce8dca5616b4ff3d826834154b41385f7598ca5955c6d17f650b52,full parse and family-specific reconciliation,,2026-10-04T02:58:11.098785+00:00
healing-helping-hands/results/pilot-03/8703-qwen+laya-evidence-only-combined.json,177,1acd64e0e8dd75afbc833c1adce62ccd9bb6f7b15b2bab36eb1176e5973ac7bb,full JSON parse; schema/semantic cross-checks by artifact family,,2026-10-04T02:30:09.871374+00:00
healing-helping-hands/results/pilot-03/8703-qwen+laya-evidence-only-erasure.json,175,20244b03bf6b108df301f159bac3e6865d4fd9d0df9e4b8db2adf9cec952b9ea,full parse and family-specific reconciliation,,2026-10-04T02:58:11.098785+00:00
healing-helping-hands/results/pilot-03/8703-qwen+laya-evidence-only-none.json,169,9b68f997e562a9e38324c01c912df760f0b8504febf556fe0762151bb4287d3f,full JSON parse; schema/semantic cross-checks by artifact family,,2026-10-04T02:30:09.871374+00:00
healing-helping-hands/results/pilot-03/8703-qwen+laya-evidence-only-withdrawal.json,181,d107e99e05465c47acb410852f19490f000839a79389a2eda2201e0d469e3957,full parse and family-specific reconciliation,,2026-10-04T02:58:11.098785+00:00
healing-helping-hands/results/pilot-03/8703-qwen+laya-none-combined.json,159,02fa06c4a21acf89aee663a4d6f506d2894285294261b2fdf27d416bee1bdc06,full JSON parse; schema/semantic cross-checks by artifact family,,2026-10-04T02:30:09.871374+00:00
healing-helping-hands/results/pilot-03/8703-qwen+laya-none-erasure.json,157,70363b604ab12446e6aa1c345f7277fb0f91bb4c130561e7bc7a4c2807bbea39,full parse and family-specific reconciliation,,2026-10-04T02:58:11.098785+00:00
healing-helping-hands/results/pilot-03/8703-qwen+laya-none-none.json,151,d840c19817436a6ee26ed7d9bb283c515e2e7775b0a7a334e0a890f23e3ca117,full parse and family-specific reconciliation,,2026-10-04T02:58:11.098785+00:00
healing-helping-hands/results/pilot-03/8703-qwen+laya-none-withdrawal.json,163,0b49a096b45e69755063edbea632db413ddc9d2fdbdb3d095b027f4d44f92b3f,full parse and family-specific reconciliation,,2026-10-04T02:58:11.098785+00:00
healing-helping-hands/results/pilot-03/8703-qwen+qwen-evidence+withdrawals-combined.json,191,5708e5ee613186439ba4c7ff62a09dcfc393efd15911331a3b98e566bab9170a,full JSON parse; schema/semantic cross-checks by artifact family,,2026-10-04T02:30:09.871374+00:00
healing-helping-hands/results/pilot-03/8703-qwen+qwen-evidence+withdrawals-erasure.json,189,3f833f37c5bd4eb93acc8155acf63709c3265af291695cc679f31ce21fe228b1,full parse and family-specific reconciliation,,2026-10-04T02:58:11.098785+00:00
healing-helping-hands/results/pilot-03/8703-qwen+qwen-evidence+withdrawals-none.json,183,37652de6cfe19178784f1d541223c52a5d05caa2436734bb4906d7582eb39f7b,full parse and family-specific reconciliation,,2026-10-04T02:58:11.098785+00:00
healing-helping-hands/results/pilot-03/8703-qwen+qwen-evidence+withdrawals-withdrawal.json,195,e8f14122ab6b8571073a80a6f000a0f2be4e4e4111ddbe257aa9fd44524788d7,full parse and family-specific reconciliation,,2026-10-04T02:58:11.098785+00:00
healing-helping-hands/results/pilot-03/8703-qwen+qwen-evidence-only-combined.json,177,41fd146b355f4147146f3a24ccbcdd770544fd0d73a041d085454284d11f1702,full JSON parse; schema/semantic cross-checks by artifact family,,2026-10-04T02:30:09.871374+00:00
healing-helping-hands/results/pilot-03/8703-qwen+qwen-evidence-only-erasure.json,175,a8982ae65a4a7f311b0e1e758f6641a4baf404b30df3d97de40a4434b5c5fb80,full parse and family-specific reconciliation,,2026-10-04T02:58:11.098785+00:00
healing-helping-hands/results/pilot-03/8703-qwen+qwen-evidence-only-none.json,169,d20cc4ade95986fd2cde0501b0e5e071dc808dcd07c09fca894ab7bec6e72720,full JSON parse; schema/semantic cross-checks by artifact family,,2026-10-04T02:30:09.871374+00:00
healing-helping-hands/results/pilot-03/8703-qwen+qwen-evidence-only-withdrawal.json,181,2a1f9e92ea8e8364972d08a2aa49190cd694107ac91b68db2c12fb8e8acc3f81,full JSON parse; schema/semantic cross-checks by artifact family,,2026-10-04T02:30:09.871374+00:00
healing-helping-hands/results/pilot-03/8703-qwen+qwen-none-combined.json,159,2ca9a959b600dc739fe9a2c0cbf892133839d00d1d0f675ec148787be040a372,full parse and family-specific reconciliation,,2026-10-04T02:58:11.098785+00:00
healing-helping-hands/results/pilot-03/8703-qwen+qwen-none-erasure.json,157,9aaafa859b3de1a01f55f3b6ca155aa487abbf81b165884462e11757b094c960,full JSON parse; schema/semantic cross-checks by artifact family,,2026-10-04T02:30:09.871374+00:00
healing-helping-hands/results/pilot-03/8703-qwen+qwen-none-none.json,151,6f65a102ade096261755ff5275643953b6f4f60de11bc72e3589b3b0d3aa62b8,full parse and family-specific reconciliation,,2026-10-04T02:58:11.098785+00:00
healing-helping-hands/results/pilot-03/8703-qwen+qwen-none-withdrawal.json,163,cdcea0d14c01fce5fd5ea85640579ac717af2f90ce89d9ee47bd365abb3c2173,full parse and family-specific reconciliation,,2026-10-04T02:58:11.098785+00:00
healing-helping-hands/results/pilot-03/8703-qwen-evidence+withdrawals-combined.json,181,1d0520bdf0303e5a59186f5699046b7de82fbda65f700f906c5fb557c40f7a1f,full parse and family-specific reconciliation,,2026-10-04T02:58:11.098785+00:00
healing-helping-hands/results/pilot-03/8703-qwen-evidence+withdrawals-erasure.json,179,b92a0e555d8948339c5034e4297427b70d83a022d9c00532a485d692d460c895,full parse and family-specific reconciliation,,2026-10-04T02:58:11.098785+00:00
healing-helping-hands/results/pilot-03/8703-qwen-evidence+withdrawals-none.json,173,fe5f801ad5de54fbff05137a3ccc09f87ddb200615516f394a70a2d153d87d10,full JSON parse; schema/semantic cross-checks by artifact family,,2026-10-04T02:30:09.871374+00:00
healing-helping-hands/results/pilot-03/8703-qwen-evidence+withdrawals-withdrawal.json,185,6259d894f82983c200de592a1b82776d36608365604c56805720be88c1fa50cf,full parse and family-specific reconciliation,,2026-10-04T02:58:11.098785+00:00
healing-helping-hands/results/pilot-03/8703-qwen-evidence-only-combined.json,167,73cd595ab240090caeb769e971ff34f717c211067678d31078cd5b3ca8c90df7,full JSON parse; schema/semantic cross-checks by artifact family,,2026-10-04T02:30:09.871374+00:00
healing-helping-hands/results/pilot-03/8703-qwen-evidence-only-erasure.json,165,7eb56032bd5efe4cb7cfd08b5e7f8576e51afdb971b6ae0fc8f2a6f7a5377801,full parse and family-specific reconciliation,,2026-10-04T02:58:11.098785+00:00
healing-helping-hands/results/pilot-03/8703-qwen-evidence-only-none.json,159,b2d1450baab7bf3c7282e681417049ce2f62097c01b33dee61d46b532fd3cadf,full parse and family-specific reconciliation,,2026-10-04T02:58:11.098785+00:00
healing-helping-hands/results/pilot-03/8703-qwen-evidence-only-withdrawal.json,171,5a0ea3d7164e8dcc1bacf9ac36b1621d6d11995b6a1bb3187879722cffb3bdf3,full JSON parse; schema/semantic cross-checks by artifact family,,2026-10-04T02:30:09.871374+00:00
healing-helping-hands/results/pilot-03/8703-qwen-none-combined.json,149,19186573f8d610d0de5bfa6640d53c3dcb49c7b364237f1df7f516ce850db22f,full JSON parse; schema/semantic cross-checks by artifact family,,2026-10-04T02:30:09.871374+00:00
healing-helping-hands/results/pilot-03/8703-qwen-none-erasure.json,147,5a5a61ef5ea936d092706144fbf379db9a480d42b826ea695f0a8fcc38880e9d,full JSON parse; schema/semantic cross-checks by artifact family,,2026-10-04T02:30:09.871374+00:00
healing-helping-hands/results/pilot-03/8703-qwen-none-none.json,141,fb9c3aa517b39478304782e669850219d2e3e07f65361eff3ccd9ce066450a87,full parse and family-specific reconciliation,,2026-10-04T02:58:11.098785+00:00
healing-helping-hands/results/pilot-03/8703-qwen-none-withdrawal.json,153,1a421a450e91219d3781973eb3796077e92173bcfa3eead430ea1e519f907d6d,full parse and family-specific reconciliation,,2026-10-04T02:58:11.098785+00:00
healing-helping-hands/results/pilot-03/audit.json,7415,1b8e0bda1ade6c15ebf7913964f488a9ed70ce45e06e22d0b029c70c224b8b3c,full parse and family-specific reconciliation,,2026-10-04T02:58:11.098785+00:00
healing-helping-hands/results/pilot-03/calls.jsonl,413716,d069665f834f6f28e55c32bc0900a185f79d54efb1b303ccd4b4d128c614df8c,"every call record parsed; sequence, assignments, outputs, usage and source-tape reconciliation",,2026-10-04T02:58:11.098785+00:00
healing-helping-hands/results/pilot-03/checkpoint.json,133183,9122539aa662c6568c1b4a728e41403560151c343aee0509b5e6044d0231cc40,full JSON parse; schema/semantic cross-checks by artifact family,,2026-10-04T02:30:09.871374+00:00
healing-helping-hands/results/pilot-03/corpus-8701.json,40514,32c53ba9982edd2a9844961db1b301d303d142363a35dc5a238d2e9c20413a99,full JSON parse; schema/semantic cross-checks by artifact family,,2026-10-04T02:30:09.871374+00:00
healing-helping-hands/results/pilot-03/corpus-8702.json,40529,82404b4cc59b2f32cb9ea976bef1d0504e38f0cef47d9d736228d49df6888c61,full parse and family-specific reconciliation,,2026-10-04T02:58:11.098785+00:00
healing-helping-hands/results/pilot-03/corpus-8703.json,40482,90ff153a55ae6f7c791e78d77a30f2d98aca47a1664bd2470886724be1bd86a4,full parse and family-specific reconciliation,,2026-10-04T02:58:11.098785+00:00
healing-helping-hands/results/pilot-03/manifest.json,36759,dbb3d44dba6628cf47ac6f1f806c18a99aea416f8e51d8794a5075fc12138ad4,full parse and family-specific reconciliation,,2026-10-04T02:58:11.098785+00:00
healing-helping-hands/results/pilot-03/plan-receipt.json,1085,b28b55d664f5964780c46a8c396f340ccdb1914856487663323f66a3e510b88d,full parse and family-specific reconciliation,,2026-10-04T02:58:11.098785+00:00
healing-helping-hands/results/pilot-03/progress.json,62,d3990e97527a746c9e1d891ed3a73055a1e1e111e84e932f7b9da22cbd2f75bb,full parse and family-specific reconciliation,,2026-10-04T02:58:11.098785+00:00
healing-helping-hands/results/pilot-03/qualification-fixtures.json,8377,477c4eee5cca2d967e245bb199162653ca152d11f534c4dbe08930daa2a83c0f,full parse and family-specific reconciliation,,2026-10-04T02:58:11.098785+00:00
healing-helping-hands/results/pilot-03/qualification.json,4461,ffa0ab3c8130e0ba90b455aba935b986d20d3e251cf242dcce4e2c8e7ce0b659,full JSON parse; schema/semantic cross-checks by artifact family,,2026-10-04T02:30:09.871374+00:00
healing-helping-hands/results/pilot-03/summary.json,24249,6a21084fc3994326401b628704c24ed2e7e722966aa9002bf680554fae431549,full JSON parse; schema/semantic cross-checks by artifact family,EP-06,2026-10-04T02:30:09.871374+00:00
healing-helping-hands/results/pilot-03/tapes-8701.json,4419,5932581de296baf24c37d1d060681350aaf6ad4aba27d408590f999aeea8f068,full parse and family-specific reconciliation,,2026-10-04T02:58:11.098785+00:00
healing-helping-hands/results/pilot-03/tapes-8702.json,4419,aa1e04c2368917f43c1938f1a27a489f37b13460b309d9f606f4b8be1a137679,full parse and family-specific reconciliation,,2026-10-04T02:58:11.098785+00:00
healing-helping-hands/results/pilot-03/tapes-8703.json,4419,0ae69823332f8747d23e0534c2d6ed43d7d75d4151ff70a74fd967dca9ba24f6,full JSON parse; schema/semantic cross-checks by artifact family,,2026-10-04T02:30:09.871374+00:00
healing-helping-hands/site/artifact-manifest.json,1694,5c60e6efb502d9dd1d18d775486a12363caa0ab667098b7a6fd06b836975985d,full parse and family-specific reconciliation,"ADD-H-01,ADD-H-02",2026-10-04T02:58:11.098785+00:00
healing-helping-hands/site/data.js,10009546,ffe38576d649ae733f22a6b6b69892fbe578c7bb9d9ba9f2ae16de69a167d021,embedded dataset fully parsed and compared with all raw worlds,ADD-H-02,2026-10-04T02:58:11.098785+00:00
healing-helping-hands/site/diagnostic-03-qualification.png,120149,aa4fd0c9d6aacb24d98e53dc7df75c529e8040dc4873baed6a42b107322dee33,binary signature/dimensions/hash only; not visually inspected,,2026-10-04T02:30:09.871374+00:00
healing-helping-hands/site/diagnostic-04-qualification.png,93136,e4adeea685541d8db27b8222617cd43985e45270176b8826ba9cf841b6b9a327,binary signature/dimensions/hash only; not visually inspected,,2026-10-04T02:30:09.871374+00:00
healing-helping-hands/site/event.png,71398,0fa46338c629b2d8adeeb6e5ca9c17386fb7d82ac75f55879e1d6e18eb838434,"visually inspected plus signature, dimensions and hash",,2026-10-04T02:58:11.098785+00:00
healing-helping-hands/site/final.png,66208,61a9a6213743b19869bef3667820c457b514f50fd5d08e87bc47858f4b21eeb4,"visually inspected plus signature, dimensions and hash",,2026-10-04T02:58:11.098785+00:00
healing-helping-hands/site/index.html,14349,4052725ec51ba836024b9fd6f291fc6f51d2a4abc1b719549383aeb181c0f5be,"full template read; diff review, labels and data contract; no browser interaction",,2026-10-04T02:58:11.098785+00:00
healing-helping-hands/site/initial.png,65437,6bae0246bba3cc08693b37115533670b193a315b22da5efcfa51897f3df5b9d1,"signature, dimensions, hash; not visually inspected",,2026-10-04T02:58:11.098785+00:00
healing-helping-hands/site/jev-qualification-01-qualification.png,69190,9e987c03902adfd3b07ddf7df655f6e5408227ffca6969f17ebb46001efc2a7c,binary signature/dimensions/hash only; not visually inspected,,2026-10-04T02:30:09.871374+00:00
healing-helping-hands/site/outcomes.png,135398,1f26170b0be62beff88944dd2aa0b4f3e097c09aeb36bea330d8d0eecd03e21a,"visually inspected plus signature, dimensions and hash",,2026-10-04T02:58:11.098785+00:00
healing-helping-hands/site/paired-effects.json,6398,17eea6f0bf8645e6ae4a542506f78fbfd19af4f6d10d114743f6042537d56d0d,full parse and family-specific reconciliation,,2026-10-04T02:58:11.098785+00:00
healing-helping-hands/site/pilot-01-qualification.png,91860,39ee8fbe8c189f84b78c0333cc51a21e7a118d05e874c04c5d75ed1636d10494,binary signature/dimensions/hash only; not visually inspected,,2026-10-04T02:30:09.871374+00:00
healing-helping-hands/site/pilot-02-qualification.png,94904,7fc048a0afb6f85e694361c6c1975112a6ddc6172ea90da9605ebb86e95f907b,binary signature/dimensions/hash only; not visually inspected,,2026-10-04T02:30:09.871374+00:00
healing-helping-hands/site/recovery.gif,501634,5b12c7c12ca428d4d1f28015eaed859826ff0c4d6e5f803c874d11adcea3323d,"signature, dimensions, hash; playback not inspected",,2026-10-04T02:58:11.098785+00:00
healing-helping-hands/site/recovery.mp4,364541,b40219f9e07f34f7bab852f4d11cb7cb258c8a89b662e1f550f2d8fba560bad7,MP4 container signature/hash only; not played,,2026-10-04T02:58:11.098785+00:00
healing-helping-hands/site/replay.zip,940453,7d6514db45fe2db8500dd72a1481f731600ba55521aa6484219f9591b737544e,every archive member CRC and path inspected; embedded replay files compared with exported site,,2026-10-04T02:58:11.098785+00:00
healing-helping-hands/site/world-frames/8701-exact-evidence-and-withdrawals-combined.png,71102,6b8a9d585b562c1c1dd18cb2240bc610ab604209d4da7746b10c7cadc9b15e23,"signature, dimensions, hash; not visually inspected",,2026-10-04T02:58:11.098785+00:00
healing-helping-hands/site/world-frames/8701-exact-evidence-and-withdrawals-erasure.png,69759,98b201cb532287e96a10a2de6595420f4f33247eeda72c3bd98d2b84ae3114a5,"signature, dimensions, hash; not visually inspected",,2026-10-04T02:58:11.098785+00:00
healing-helping-hands/site/world-frames/8701-exact-evidence-and-withdrawals-none.png,69570,155a6013f984a11c4fa2117839cfec4790e3720b64edc535fbfd0db01d806239,"signature, dimensions, hash; not visually inspected",,2026-10-04T02:58:11.098785+00:00
healing-helping-hands/site/world-frames/8701-exact-evidence-and-withdrawals-withdrawal.png,70403,ef0ad2bc1a512522c0cfbb9c69062db665a4bf4ef2b312870d13f5a7b13b39e9,"signature, dimensions, hash; not visually inspected",,2026-10-04T02:58:11.098785+00:00
healing-helping-hands/site/world-frames/8701-exact-evidence-only-combined.png,75673,e0e5f0c44f8ecb4b9cb20fb0279470c58e62ca5f9326cb1684de69687a5c3a71,"signature, dimensions, hash; not visually inspected",,2026-10-04T02:58:11.098785+00:00
healing-helping-hands/site/world-frames/8701-exact-evidence-only-erasure.png,69493,4eb4dce9aca39d64603c8807922822fdf29024ef08fb362e59d856eb3a9a1a3e,"signature, dimensions, hash; not visually inspected",,2026-10-04T02:58:11.098785+00:00
healing-helping-hands/site/world-frames/8701-exact-evidence-only-none.png,69029,5a70e23929be861e96a6232f3f100687ade322155fd4a49a9464e72acb224560,"signature, dimensions, hash; not visually inspected",,2026-10-04T02:58:11.098785+00:00
healing-helping-hands/site/world-frames/8701-exact-evidence-only-withdrawal.png,75516,cb5da48d4a51f4570f17b80fc3b2cac9dbec1bfce905c8839765150f554ad3c7,"signature, dimensions, hash; not visually inspected",,2026-10-04T02:58:11.098785+00:00
healing-helping-hands/site/world-frames/8701-exact-none-combined.png,74748,de8b7a55051fffd2ae264e6a66d2ffe99786491c84d7ce2e1ef6eb5bcea42fbe,"signature, dimensions, hash; not visually inspected",,2026-10-04T02:58:11.098785+00:00
healing-helping-hands/site/world-frames/8701-exact-none-erasure.png,73349,a2fba74acf1422388c6c22c06db2f668435a5633cefe4f245d6e58c327ebd73a,"signature, dimensions, hash; not visually inspected",,2026-10-04T02:58:11.098785+00:00
healing-helping-hands/site/world-frames/8701-exact-none-none.png,72474,0003cf6e03512a9bd7ef21a5c595226781398931aae1533d6f857f3c70f30c19,"signature, dimensions, hash; not visually inspected",,2026-10-04T02:58:11.098785+00:00
healing-helping-hands/site/world-frames/8701-exact-none-withdrawal.png,74324,f938b56bbe1a5b3417c6ce3bacca460c1820a99cace38cfe2d8e59590df51a28,"signature, dimensions, hash; not visually inspected",,2026-10-04T02:58:11.098785+00:00
healing-helping-hands/site/world-frames/8701-jev-evidence-and-withdrawals-combined.png,70744,faa2db47e6fe08198a0d08c9f5732129335b1ce48b4275195cfb5c2fad1898bc,"visually inspected plus signature, dimensions and hash",,2026-10-04T02:58:11.098785+00:00
healing-helping-hands/site/world-frames/8701-jev-evidence-and-withdrawals-erasure.png,69391,1042e09cca6bdf6eb9ffe44aea367f5926dc59da5b62b64783542e2a80fcb4ee,"signature, dimensions, hash; not visually inspected",,2026-10-04T02:58:11.098785+00:00
healing-helping-hands/site/world-frames/8701-jev-evidence-and-withdrawals-none.png,69180,a0c4bc52bc94e1fb1cb4738b9d9040decb8487df0c61785d2b3d747a677a8158,"signature, dimensions, hash; not visually inspected",,2026-10-04T02:58:11.098785+00:00
healing-helping-hands/site/world-frames/8701-jev-evidence-and-withdrawals-withdrawal.png,70052,ca3ba25c80f768a76150025aaab5398fbc1ec9fa989d9a710b032cdfdacbc225,"signature, dimensions, hash; not visually inspected",,2026-10-04T02:58:11.098785+00:00
healing-helping-hands/site/world-frames/8701-jev-evidence-only-combined.png,74985,c2e5c5cb57da7e6fe587f7c2e696892aca00b94aa902f4977bd10c8933e05c23,"signature, dimensions, hash; not visually inspected",,2026-10-04T02:58:11.098785+00:00
healing-helping-hands/site/world-frames/8701-jev-evidence-only-erasure.png,69044,659a45547fb4399a55493614667e27500dcecc28b2295533af9e77d0bd9a0a9b,"signature, dimensions, hash; not visually inspected",,2026-10-04T02:58:11.098785+00:00
healing-helping-hands/site/world-frames/8701-jev-evidence-only-none.png,68271,d67620bed62b4a5a36b24f2fc652011af17a047473e7ed86164edd072c2fe1f6,"signature, dimensions, hash; not visually inspected",,2026-10-04T02:58:11.098785+00:00
healing-helping-hands/site/world-frames/8701-jev-evidence-only-withdrawal.png,75149,21cba8521cb564d0e1fe6137a41a200ab1f27c8a330ce1fa722d83e610077e23,"signature, dimensions, hash; not visually inspected",,2026-10-04T02:58:11.098785+00:00
healing-helping-hands/site/world-frames/8701-jev-none-combined.png,74379,71e13c10e03b1261455984caba23d126b40718608017eb7d44c48aecc0952b8b,"signature, dimensions, hash; not visually inspected",,2026-10-04T02:58:11.098785+00:00
healing-helping-hands/site/world-frames/8701-jev-none-erasure.png,73003,ab10dc12c50d18624ca36509b3ffa66e95a641af4cf24bbecbff0f73c971d753,"signature, dimensions, hash; not visually inspected",,2026-10-04T02:58:11.098785+00:00
healing-helping-hands/site/world-frames/8701-jev-none-none.png,71917,a36876d3e4ab8b08c1541442b77569a3c70f778503a7cb3abf0835f39a155844,"signature, dimensions, hash; not visually inspected",,2026-10-04T02:58:11.098785+00:00
healing-helping-hands/site/world-frames/8701-jev-none-withdrawal.png,74049,a7c610e08a82242fdb402c5ebaee1e9faeb93c624860db5bd37a7ad2c315c143,"signature, dimensions, hash; not visually inspected",,2026-10-04T02:58:11.098785+00:00
healing-helping-hands/site/world-frames/8702-exact-evidence-and-withdrawals-combined.png,71772,273f6924df2b94f31abcfa36a5164f67e4bbd7a00ef4eb5b4e748bae4457e926,"signature, dimensions, hash; not visually inspected",,2026-10-04T02:58:11.098785+00:00
healing-helping-hands/site/world-frames/8702-exact-evidence-and-withdrawals-erasure.png,69586,a85e0a93bcd38d0d4b6dab12c5bae5319ed9f3b316676e7e4323488418d84037,"signature, dimensions, hash; not visually inspected",,2026-10-04T02:58:11.098785+00:00
healing-helping-hands/site/world-frames/8702-exact-evidence-and-withdrawals-none.png,69403,462ba179ec57c95294fd41a29f937ef505510d80c7bdc39425a4eaf30e1cc5b5,"signature, dimensions, hash; not visually inspected",,2026-10-04T02:58:11.098785+00:00
healing-helping-hands/site/world-frames/8702-exact-evidence-and-withdrawals-withdrawal.png,71155,c081a0a02b61d6d37d486af21fa064b26c19cf41b833224706bc044f53d77115,"signature, dimensions, hash; not visually inspected",,2026-10-04T02:58:11.098785+00:00
healing-helping-hands/site/world-frames/8702-exact-evidence-only-combined.png,75579,db9ebd33f7c1edfe1a827d7facc407570f8fc9e68aeb12943dbf6ee6622f17a6,"signature, dimensions, hash; not visually inspected",,2026-10-04T02:58:11.098785+00:00
healing-helping-hands/site/world-frames/8702-exact-evidence-only-erasure.png,69309,1591018b59cfea730391936971af73dba43f2e127211b223617dfff4afd593c1,"signature, dimensions, hash; not visually inspected",,2026-10-04T02:58:11.098785+00:00
healing-helping-hands/site/world-frames/8702-exact-evidence-only-none.png,68857,68c6ecad9c52f737c559e7b8a6829b86cf093aa6e5d438060c3c93987c122de7,"signature, dimensions, hash; not visually inspected",,2026-10-04T02:58:11.098785+00:00
healing-helping-hands/site/world-frames/8702-exact-evidence-only-withdrawal.png,75470,34cd752fd6aec6d43df738508173d89b09067e0c6e6ef523f090ba55271d92b0,"signature, dimensions, hash; not visually inspected",,2026-10-04T02:58:11.098785+00:00
healing-helping-hands/site/world-frames/8702-exact-none-combined.png,74679,a1ea628c5f6ede5a7a0e0a754734a464864f48ef9182a84ebc4c9cf06431d1ae,"signature, dimensions, hash; not visually inspected",,2026-10-04T02:58:11.098785+00:00
healing-helping-hands/site/world-frames/8702-exact-none-erasure.png,73645,a9a8bf467aa7a4929e9abbba7b9a5116f2271a5949db2efcb95cf7948483ad22,"signature, dimensions, hash; not visually inspected",,2026-10-04T02:58:11.098785+00:00
healing-helping-hands/site/world-frames/8702-exact-none-none.png,72983,d33377cff67064a5f947cee8dfcaabdc2d190f63356e3e38a7fe93e9850c7769,"signature, dimensions, hash; not visually inspected",,2026-10-04T02:58:11.098785+00:00
healing-helping-hands/site/world-frames/8702-exact-none-withdrawal.png,74420,a8c89df1b7aa8134afff236aa41904cd437d4ba82ec13e5c2bf9048d15b5b912,"signature, dimensions, hash; not visually inspected",,2026-10-04T02:58:11.098785+00:00
healing-helping-hands/site/world-frames/8702-jev-evidence-and-withdrawals-combined.png,71401,c54f5a0290a863677af90fd9a32ad149b877bb54ec20c90778ca582012371357,"signature, dimensions, hash; not visually inspected",,2026-10-04T02:58:11.098785+00:00
healing-helping-hands/site/world-frames/8702-jev-evidence-and-withdrawals-erasure.png,69206,c204f653a9e3c33e664377b5fe47a6044472e240d802014e56ec465987c2e57e,"signature, dimensions, hash; not visually inspected",,2026-10-04T02:58:11.098785+00:00
healing-helping-hands/site/world-frames/8702-jev-evidence-and-withdrawals-none.png,69001,2e7202035f02674d47328efdefbe9b7d9af18644c7b228e1c52decdcc417755e,"signature, dimensions, hash; not visually inspected",,2026-10-04T02:58:11.098785+00:00
healing-helping-hands/site/world-frames/8702-jev-evidence-and-withdrawals-withdrawal.png,70791,8cbaae5f20ec170605576ebca3cfe43aa1d2a9db18b4d967c2d28d20ecce1ae5,"signature, dimensions, hash; not visually inspected",,2026-10-04T02:58:11.098785+00:00
healing-helping-hands/site/world-frames/8702-jev-evidence-only-combined.png,74890,021eeb4f67df6786d7fe2cef11f7568c97ed07be9b670e016732e31d2a94d7c8,"signature, dimensions, hash; not visually inspected",,2026-10-04T02:58:11.098785+00:00
healing-helping-hands/site/world-frames/8702-jev-evidence-only-erasure.png,68855,e41181a98cf1b596158ec86026a322d081bf46c2009fe5e273a9ffee5ce1abbe,"signature, dimensions, hash; not visually inspected",,2026-10-04T02:58:11.098785+00:00
healing-helping-hands/site/world-frames/8702-jev-evidence-only-none.png,68092,a00cb068c1632a7ee5ddde75234767a4c2fbf0f986add19f9247d789ce4f7258,"signature, dimensions, hash; not visually inspected",,2026-10-04T02:58:11.098785+00:00
healing-helping-hands/site/world-frames/8702-jev-evidence-only-withdrawal.png,75104,7307589087347424588e163c15c2c6331a0544d8900b955f84ba4d6188ba2490,"signature, dimensions, hash; not visually inspected",,2026-10-04T02:58:11.098785+00:00
healing-helping-hands/site/world-frames/8702-jev-none-combined.png,74299,05c5985dab197fe4057252d38c0d7ba59a889e9457f634435b7ed0f339bece28,"signature, dimensions, hash; not visually inspected",,2026-10-04T02:58:11.098785+00:00
healing-helping-hands/site/world-frames/8702-jev-none-erasure.png,73289,5538370762b9fcbbc82ec6591010ee5a6e8b852354c9e64126f56c6ecd4ad094,"signature, dimensions, hash; not visually inspected",,2026-10-04T02:58:11.098785+00:00
healing-helping-hands/site/world-frames/8702-jev-none-none.png,72419,7baa839cf9de081b29efa8d5b0d0a517bd54247382b7781d7f9a69df464b42af,"signature, dimensions, hash; not visually inspected",,2026-10-04T02:58:11.098785+00:00
healing-helping-hands/site/world-frames/8702-jev-none-withdrawal.png,74140,a1e25345a1e84136bb7481fc736727c55545d5457560225295bc13539fa705aa,"signature, dimensions, hash; not visually inspected",,2026-10-04T02:58:11.098785+00:00
healing-helping-hands/site/world-frames/8703-exact-evidence-and-withdrawals-combined.png,71030,a97c9fd53c2afec9bfd487d51a26773e719f40d8da654fb3db4bc293a0bee712,"signature, dimensions, hash; not visually inspected",,2026-10-04T02:58:11.098785+00:00
healing-helping-hands/site/world-frames/8703-exact-evidence-and-withdrawals-erasure.png,69576,c67df54392bb8193c8fc80f53ee0694daa563d8be3dd446bb53c974685b62d2b,"signature, dimensions, hash; not visually inspected",,2026-10-04T02:58:11.098785+00:00
healing-helping-hands/site/world-frames/8703-exact-evidence-and-withdrawals-none.png,69379,cd063c0ecd8792b694bdb395b44476b8c5af6ed401450c7273be650162b62571,"signature, dimensions, hash; not visually inspected",,2026-10-04T02:58:11.098785+00:00
healing-helping-hands/site/world-frames/8703-exact-evidence-and-withdrawals-withdrawal.png,70319,ffc976bf3734204a46cebff54b74f18303cddeab73325b79ed8aa505572cc078,"signature, dimensions, hash; not visually inspected",,2026-10-04T02:58:11.098785+00:00
healing-helping-hands/site/world-frames/8703-exact-evidence-only-combined.png,75490,f98cf10d47c0efcfdc74f23d43ac1fec0c4642c7dd3f2208f02c7648574500fc,"signature, dimensions, hash; not visually inspected",,2026-10-04T02:58:11.098785+00:00
healing-helping-hands/site/world-frames/8703-exact-evidence-only-erasure.png,69307,78db2e00d222db7c50ef0e95df8277ce766e9350277e846e6745d9174e99e572,"signature, dimensions, hash; not visually inspected",,2026-10-04T02:58:11.098785+00:00
healing-helping-hands/site/world-frames/8703-exact-evidence-only-none.png,68801,796c7acf0fa17fe5891d1a19eaf7e5812b29575e30224522f152b259bc9bc831,"signature, dimensions, hash; not visually inspected",,2026-10-04T02:58:11.098785+00:00
healing-helping-hands/site/world-frames/8703-exact-evidence-only-withdrawal.png,75330,b8bc5c6958500fdcbd7bc85fd2084fca219ee4da508f165515f00b36dc007aaf,"signature, dimensions, hash; not visually inspected",,2026-10-04T02:58:11.098785+00:00
healing-helping-hands/site/world-frames/8703-exact-none-combined.png,74464,8dfdf8e1aedae71aa0bf629085b2867bfb36143cb01e2163100793807af74e52,"signature, dimensions, hash; not visually inspected",,2026-10-04T02:58:11.098785+00:00
healing-helping-hands/site/world-frames/8703-exact-none-erasure.png,73137,05ca13e63fa62dbcc079b3613bed0c1a86aa528180df788e3783a8c5ac414477,"signature, dimensions, hash; not visually inspected",,2026-10-04T02:58:11.098785+00:00
healing-helping-hands/site/world-frames/8703-exact-none-none.png,72636,9e82229c08e319c69ec6f016762701e29050691773a75d318d5b07eaefe718c2,"signature, dimensions, hash; not visually inspected",,2026-10-04T02:58:11.098785+00:00
healing-helping-hands/site/world-frames/8703-exact-none-withdrawal.png,74568,2412becbcb47dd52d07fd3f6f0137bbc10ea1edc133383767b1e7b73dc56bb4f,"signature, dimensions, hash; not visually inspected",,2026-10-04T02:58:11.098785+00:00
healing-helping-hands/site/world-frames/8703-jev-evidence-and-withdrawals-combined.png,70624,8612b2c8ea63f0eba618fb34ca1e077d2fd2df2238607332e3c89ce7bec31337,"signature, dimensions, hash; not visually inspected",,2026-10-04T02:58:11.098785+00:00
healing-helping-hands/site/world-frames/8703-jev-evidence-and-withdrawals-erasure.png,69199,073838fac355d2ae1b9b30b98b3e1a1cd59ef41213806755023adaa332dc2f66,"signature, dimensions, hash; not visually inspected",,2026-10-04T02:58:11.098785+00:00
healing-helping-hands/site/world-frames/8703-jev-evidence-and-withdrawals-none.png,68982,50bce8f279b80901d3e2869164cbffaa74e5fa91849d673cf478d4730f8a94de,"signature, dimensions, hash; not visually inspected",,2026-10-04T02:58:11.098785+00:00
healing-helping-hands/site/world-frames/8703-jev-evidence-and-withdrawals-withdrawal.png,69953,9bdb2b71b49b7c1f8229c42caabb4ee2fa53cebcf3d357e8314ee15cef32351f,"signature, dimensions, hash; not visually inspected",,2026-10-04T02:58:11.098785+00:00
healing-helping-hands/site/world-frames/8703-jev-evidence-only-combined.png,74822,40f22f434ce616f5afc114ab6f1fdbf9e96b0c45a2b9d576c0857436358d09bd,"signature, dimensions, hash; not visually inspected",,2026-10-04T02:58:11.098785+00:00
healing-helping-hands/site/world-frames/8703-jev-evidence-only-erasure.png,68858,32127706a5bc9b8e412dbcfcfbc13533a48921b1ed8bcd16f665292c0291cd4d,"signature, dimensions, hash; not visually inspected",,2026-10-04T02:58:11.098785+00:00
healing-helping-hands/site/world-frames/8703-jev-evidence-only-none.png,68044,6f49bf6e102283a22e272b034d7fa43d2771df749683e1e2f80a50d3643e8a7f,"signature, dimensions, hash; not visually inspected",,2026-10-04T02:58:11.098785+00:00
healing-helping-hands/site/world-frames/8703-jev-evidence-only-withdrawal.png,74992,c2a3738ab83c695d4a5744f32b7d92ff7510d656ef2bca62d1a255b2f8c787b1,"signature, dimensions, hash; not visually inspected",,2026-10-04T02:58:11.098785+00:00
healing-helping-hands/site/world-frames/8703-jev-none-combined.png,74038,231118af351c131202adf33b27dcc7dbcce47332251411ef44326fd2f5467d4b,"signature, dimensions, hash; not visually inspected",,2026-10-04T02:58:11.098785+00:00
healing-helping-hands/site/world-frames/8703-jev-none-erasure.png,72790,e3e87f9befdb2ca56dea1aee2bc3b23df7533f4661efb54d2720e9a65c654346,"signature, dimensions, hash; not visually inspected",,2026-10-04T02:58:11.098785+00:00
healing-helping-hands/site/world-frames/8703-jev-none-none.png,72041,64d77f8e0b58a08743f89a07b57fb41400939e6f52ae68a44679616af5e90b53,"signature, dimensions, hash; not visually inspected",,2026-10-04T02:58:11.098785+00:00
healing-helping-hands/site/world-frames/8703-jev-none-withdrawal.png,74290,19e77d3c4faa67c72d2c3f7aed47d41a3d2fbc552239aa8d252f8be950e1ae4b,"signature, dimensions, hash; not visually inspected",,2026-10-04T02:58:11.098785+00:00
healing-helping-hands/visualization/index.html,13567,d139d532cd4828aaaa6329bd83e416376983c5592721078ad5d7c087084b9c5a,HTML decoded; replay program reviewed by template; every embedded JSON dataset parsed,,2026-10-04T02:30:09.871374+00:00
healing-helping-hands/visualization/qualification_figures.py,2034,045c78ab9f997dad58093d059badbb59d23ff2b1f1f40b9c1bb9ba623fa4b3c7,full source/prose review,,2026-10-04T02:30:09.871374+00:00
healing-helping-hands/visualization/render.py,7258,e0284a3e7d4655985dc65c0187133ab8f4f0c448a7d2303779f4116ed234a28a,full source/prose review,ADD-H-02,2026-10-04T02:30:09.871374+00:00
healing-helping-hands/visualization/world_frames.py,2701,b4f74d5211877c75a86c26c7be0db7e16e3443cc70590e96e121c7c49fb58b47,full source review,,2026-10-04T02:58:11.098785+00:00
immune-response-review/AGENT-SPEC.md,3741,0dbc1a0412b1d5657f61878455cb889be026ee9bc4a81746d69f115287ab4bba,full source/prose review,EP-01,2026-10-04T02:30:09.871374+00:00
immune-response-review/ENGINEERING-MANIFEST.json,87972,bb4afbde03fcee8471f6f70deebcae44430a12eebe1c300766653094e3dc8945,full JSON parse; schema/semantic cross-checks by artifact family,,2026-10-04T02:30:09.871374+00:00
immune-response-review/ENGINEERING-RESULTS.json,17074,8e3d1a38df4ea43d5a5aecfabfb44a6fcf5bd4a28fcd9dfe698875ad946ba279,full JSON parse; schema/semantic cross-checks by artifact family,,2026-10-04T02:30:09.871374+00:00
immune-response-review/README.md,5104,3708a5079993c7b5d24556433efa75a5115922add0878ebfe28ebd77ebefa725,full source/prose review,"EP-05,EP-06",2026-10-04T02:30:09.871374+00:00
immune-response-review/REVIEW.md,7582,36822379f0cd9cc2fb9591f37c562d042287add0cef4839bd73a1bb066f4dda4,full source/prose review,,2026-10-04T02:30:09.871374+00:00
immune-response-review/SCENARIO-ASSESSMENT.md,8004,962891407fe4a7276348aaedabf7cfd1f62f5f1e589ead74ba22935f02e06218,fully read,"ADD-I-01,ADD-I-02,ADD-I-03",2026-10-04T02:58:11.098785+00:00
immune-response-review/SCENARIO-SPEC.md,11632,7bbbc862f951be925fd9277eda1fecfc638014eead237ace48b831a5abacebda,fully read,"ADD-I-01,ADD-I-02,ADD-I-03,ADD-I-04",2026-10-04T02:58:11.098785+00:00
immune-response-review/engineering-v3/final_frame.png,112684,098c6649dba38f95e45661a831755f91cfb8ed984e4c588d8128527535fa9550,visually inspected plus binary signature/dimensions/hash,,2026-10-04T02:30:09.871374+00:00
immune-response-review/engineering-v3/replay.gif,715691,29bc07ea3f5a94c030611f422f11b887a7f7d91e751ac679bcaad0f4aa6fca45,binary signature/dimensions/hash; animation not played,,2026-10-04T02:30:09.871374+00:00
immune-response-review/engineering-v3/replay.html,12014376,fbf6d725578ac7e15ea50901ed90fd8a00827d3c4c02ba118e048ef74ecf2190,HTML decoded; replay program reviewed by template; every embedded JSON dataset parsed,EP-04,2026-10-04T02:30:09.871374+00:00
immune-response-review/engineering-v3/visualization-provenance.json,446,9406e3ce70913b5f0fbb8bf1e77af1eb8f65afff34cd8a33004d94593ae02d88,full JSON parse; schema/semantic cross-checks by artifact family,,2026-10-04T02:30:09.871374+00:00
immune-response-review/native-v2/final_frame.png,135259,8687da3414aaf24ad30d48639185884fc0304f5693ec07cc82b270c7d43c10f1,binary signature/dimensions/hash only; not visually inspected,,2026-10-04T02:30:09.871374+00:00
immune-response-review/native-v2/replay.gif,868539,b69407d2a2406ce252c55f421e1668377df55e773e3d40cd18166c5b258622b1,binary signature/dimensions/hash; animation not played,,2026-10-04T02:30:09.871374+00:00
immune-response-review/native-v2/replay.html,57966,af60b27e0c5e3a2301527b08bb5b3e7f15980a5af67ff57527b965aa4f3b56e4,HTML decoded; replay program reviewed by template; every embedded JSON dataset parsed,,2026-10-04T02:30:09.871374+00:00
immune-response-review/native-v2/visualization-provenance.json,471,80eaf5044a86889253f8fafca6c24a909164af56576bd2d388e8226406113b38,full JSON parse; schema/semantic cross-checks by artifact family,,2026-10-04T02:30:09.871374+00:00
immune-response-review/preregistration.md,6716,7222587e67f4ec265a9cad56863982bede7a821a06ca879573b60bf0a6e368df,full source/prose review,,2026-10-04T02:30:09.871374+00:00
immune-response-review/scenario-comparison.png,116382,318559a3f5a0144b3012b335c26a837e387da2ac6669dbc656b9d565cb8dbddc,visually inspected,,2026-10-04T02:58:11.098785+00:00
immune-response-review/scenario-engineering-a1/final_frame.png,84906,9423ba52ce7f826966fd17196aff3b089368dd2f491637de47f9aa2138b55d2a,visually inspected,ADD-I-04,2026-10-04T02:58:11.098785+00:00
immune-response-review/scenario-engineering-a1/manifest.json,17524,3ce723b718c1929ac06f423747381dc443150209175a0db21a9f85ffc7168eb7,fully parsed; all assignments reconciled,,2026-10-04T02:58:11.098785+00:00
immune-response-review/scenario-engineering-a1/replay.gif,182521,91c4bbf18621a9c44227b501cc39ab0079605e3c8da6311a07ec0aefdca5062f,entire GIF container structurally parsed; final PNG visually reviewed,,2026-10-04T02:58:11.098785+00:00
immune-response-review/scenario-engineering-a1/replay.html,554034,04538af5abd4447e47b46e6fb7e9b248e9b4cab8186af133c105b5174ef4b78c,all embedded records parsed; renderer source inspected,,2026-10-04T02:58:11.098785+00:00
immune-response-review/scenario-engineering-a1/summary.json,2018,0c2841ca3c02d1adabb2c6de9ebbd32b41c6b5907c5fc4e780380c7ed1501cdb,fully read and independently recomputed where record permits,,2026-10-04T02:58:11.098785+00:00
immune-response-review/scenario-engineering-a1/visualization-provenance.json,220,08701bd553473c69382b25e8d65df8e7dee6e2d8d3d695a1a6af200f6cbfde29,fully read; episode hash reproduced,,2026-10-04T02:58:11.098785+00:00
immune-response-review/scenario-engineering-a2/final_frame.png,84906,9423ba52ce7f826966fd17196aff3b089368dd2f491637de47f9aa2138b55d2a,visually inspected,,2026-10-04T02:58:11.098785+00:00
immune-response-review/scenario-engineering-a2/manifest.json,17525,d5dee24e99734cf9c80a78b72a3ee74369b5e2d7cf88631088f42c7f55a9bc1f,fully parsed; all assignments reconciled,,2026-10-04T02:58:11.098785+00:00
immune-response-review/scenario-engineering-a2/replay.gif,182521,91c4bbf18621a9c44227b501cc39ab0079605e3c8da6311a07ec0aefdca5062f,entire GIF container structurally parsed; final PNG visually reviewed,,2026-10-04T02:58:11.098785+00:00
immune-response-review/scenario-engineering-a2/replay.html,554983,b73d5fdbe554b4528f9ae8b0f23caac5e9fb80a9974d1585487f1f72900e0a3e,all embedded records parsed; renderer source inspected,,2026-10-04T02:58:11.098785+00:00
immune-response-review/scenario-engineering-a2/summary.json,2018,0c2841ca3c02d1adabb2c6de9ebbd32b41c6b5907c5fc4e780380c7ed1501cdb,fully read and independently recomputed where record permits,,2026-10-04T02:58:11.098785+00:00
immune-response-review/scenario-engineering-a2/visualization-provenance.json,220,996e93c47e4a695e81c0345fec97fa2b27008ee6afb9e010263cec48c875063a,fully read; episode hash reproduced,,2026-10-04T02:58:11.098785+00:00
immune-response-review/scenario-engineering/final_frame.png,83745,d05392dbc4a47167b0b98ea56ed123a7bc25907feed5a5d3f7573695824a2890,visually inspected,,2026-10-04T02:58:11.098785+00:00
immune-response-review/scenario-engineering/manifest.json,17524,3ce723b718c1929ac06f423747381dc443150209175a0db21a9f85ffc7168eb7,fully parsed; all assignments reconciled,,2026-10-04T02:58:11.098785+00:00
immune-response-review/scenario-engineering/replay.gif,173457,8ca42bd5acaab72e5cc2ad274e2b7a3d93142948643d934cdef6c9378d747499,entire GIF container structurally parsed; final PNG visually reviewed,,2026-10-04T02:58:11.098785+00:00
immune-response-review/scenario-engineering/replay.html,552824,5c7fdad343bf21cffcd5e46f2a9af8157690a28d9c3af333723d70ef6a84099c,all embedded records parsed; renderer source inspected,,2026-10-04T02:58:11.098785+00:00
immune-response-review/scenario-engineering/summary.json,2018,0c2841ca3c02d1adabb2c6de9ebbd32b41c6b5907c5fc4e780380c7ed1501cdb,fully read and independently recomputed where record permits,,2026-10-04T02:58:11.098785+00:00
immune-response-review/scenario-native-a1/final_frame.png,105986,3abde63b4512e1a431ecaa0e321fc232377b50c8e369b95617a9cd56e6606f18,visually inspected,,2026-10-04T02:58:11.098785+00:00
immune-response-review/scenario-native-a1/manifest.json,1528,88870e83ef5556741b2532365c9d8b1afaf95169d9cceaee04b713d3403d533b,fully parsed; all assignments reconciled,,2026-10-04T02:58:11.098785+00:00
immune-response-review/scenario-native-a1/replay.gif,199306,45ed82f6b734ab6212966e4f0c7768c3515f78fc9198ef9ba1aa353124df3fba,entire GIF container structurally parsed; final PNG visually reviewed,,2026-10-04T02:58:11.098785+00:00
immune-response-review/scenario-native-a1/replay.html,55609,37f80ca68650a5b63e06ddb08487fe27c6d6733b8869036de1f423ab5e1a3e16,all embedded records parsed; renderer source inspected,ADD-I-02,2026-10-04T02:58:11.098785+00:00
immune-response-review/scenario-native-a1/summary.json,2036,2fb8696ba716367485ab04a03115eaba2d6e9630d2ee859dd6a56e16c61b0f4a,fully read and independently recomputed where record permits,,2026-10-04T02:58:11.098785+00:00
immune-response-review/scenario-native-a1/visualization-provenance.json,221,94feecb682c4aaeee6626ef8d16d3ed217bfa9597eb4f78df70219a36d18f31d,fully read; episode hash reproduced,,2026-10-04T02:58:11.098785+00:00
immune-response-review/scenario-native-a2/final_frame.png,88324,34fc5b464c106210506761b3e798fdd938cf213867e9c6e04b5dbd1044da3e9b,visually inspected,,2026-10-04T02:58:11.098785+00:00
immune-response-review/scenario-native-a2/manifest.json,1528,fc1543d2bf2bcc823ff0599598fefd94974ecb2a6a300c81667f1f6461700181,fully parsed; all assignments reconciled,ADD-I-01,2026-10-04T02:58:11.098785+00:00
immune-response-review/scenario-native-a2/replay.gif,182927,61fb7fcd8610b4b85f7bcfc631eacd91d458b527b45ff3e6872f529c5ec81e98,entire GIF container structurally parsed; final PNG visually reviewed,,2026-10-04T02:58:11.098785+00:00
immune-response-review/scenario-native-a2/replay.html,61656,734ed83f1cd7b9f36be66cee8c75258997a15d0ad88ece415edad364d530543b,all embedded records parsed; renderer source inspected,ADD-I-02,2026-10-04T02:58:11.098785+00:00
immune-response-review/scenario-native-a2/summary.json,2036,f58eae8b6727701dc667641d089d5b64b69e004d40543f50030440e0ca535815,fully read and independently recomputed where record permits,ADD-I-03,2026-10-04T02:58:11.098785+00:00
immune-response-review/scenario-native-a2/visualization-provenance.json,221,dcdc1de04cd64f95ac6eadb7d7fdba9c5044ce480d417b386fa88ffbfdf8e22f,fully read; episode hash reproduced,,2026-10-04T02:58:11.098785+00:00
immune-response-review/scenario-solo-a1/final_frame.png,88153,3f5ce91d4cb2ae592b3c5d0e7787b93627706c408d6a0f033b665c4f952f25e8,visually inspected,ADD-I-04,2026-10-04T02:58:11.098785+00:00
immune-response-review/scenario-solo-a1/manifest.json,834,e325c913ac9084c3eb7dec442a1969d25404654bb6f812107b4c3f5736f54b30,fully parsed; all assignments reconciled,,2026-10-04T02:58:11.098785+00:00
immune-response-review/scenario-solo-a1/replay.gif,168397,80080634deaf9d59dee3b36f0bc0c67aa02eddca7931d70383c20abedef40c21,entire GIF container structurally parsed; final PNG visually reviewed,,2026-10-04T02:58:11.098785+00:00
immune-response-review/scenario-solo-a1/replay.html,25343,bce3e80c8db98aaa484e2b9dc0d5a2eab5d7ca41b39eb3d5a05bb5721f3c800c,all embedded records parsed; renderer source inspected,,2026-10-04T02:58:11.098785+00:00
immune-response-review/scenario-solo-a1/summary.json,845,381daa5f7510c5e82401946aecf1d7ded4549cc7e4d5e3d7fc6339a63aa1e1dd,fully read and independently recomputed where record permits,,2026-10-04T02:58:11.098785+00:00
immune-response-review/scenario-solo-a1/visualization-provenance.json,221,94187a0952db9a82783340e1512e52b348c03f266e0d9a781a09b0941bb0f850,fully read; episode hash reproduced,,2026-10-04T02:58:11.098785+00:00
local-run-records/antsy-verification-v4/jev-budget-final.json,422176,8cc09660d40c6233feefefcce49374a21e26c24008fcc4bd038a0966a7118827,all977 ledger records parsed locally; allowlisted aggregate cost/status reconciliation; error/diagnostic bodies not disclosed,,2026-10-04T02:58:11.098785+00:00
regrowth-200/.gitignore,19,862263fa1f46c20f0d1e4dac5ffcc75abd55c08211b2c3864c5f8764b9d87793,full substantive source/document review,,2026-10-04T02:30:09.871374+00:00
regrowth-200/DEVELOPMENT.md,1871,ead9b670310eb0d639ce6fb200a8a3f143597667263079329bb39c64ec1b7533,full substantive source/document review,REG-06,2026-10-04T02:30:09.871374+00:00
regrowth-200/PROTOCOL.md,7694,e6475b84c965f998176bb6bce3dd473e1fbaf2b6704baeba70df9006772a21e1,full substantive source/document review,"REG-06,REG-10",2026-10-04T02:30:09.871374+00:00
regrowth-200/README.md,3715,d388ee15d685d003df0c77566ff6d9508d8ffee142ef051c83f4784eacbd43a4,full substantive source/document review,REG-07,2026-10-04T02:30:09.871374+00:00
regrowth-200/REGISTRATION-FAILURE.md,2313,aee34e7b0f24a1ce8f0f2502139f8f0c523ea6f5de871a3452bbcb5973060529,full substantive source/document review,,2026-10-04T02:30:09.871374+00:00
regrowth-200/RESULTS.md,3688,f4ba05fb9128cb2a305241e2d79e41c89be93572d234ad24d57856bed32617b1,full substantive source/document review,REG-09,2026-10-04T02:30:09.871374+00:00
regrowth-200/agent-definition.json,643,917c5db812422627fec8fcdc52406ba19f1d23bd48d1a7b994c2c75754174756,full declarative agent specification review,,2026-10-04T02:30:09.871374+00:00
regrowth-200/results/evidence-index.json,2972,e599c7b9468565b5738f470200749371b9b6b2374a0b85a2ae0ac2a770d40a04,every field parsed; assignments/qualifications/summary/manifests/receipt consistency checked,,2026-10-04T02:30:09.871374+00:00
regrowth-200/results/evidence.tar.gz,308029,7520e011a22162e76e1e07b6a85c57535f7892319e2a68d0350a545428daee85,"archive checksum, every member and path index verified; all text source differences reviewed",,2026-10-04T02:30:09.871374+00:00
regrowth-200/results/pilot-v1-attempt2.log,425,93ae13d8c59e8b08abaad8437615bb991372b9cc4278d675a12ba46fff3d29ff,"all lines structurally checked, JSON status/progress parsed; raw diagnostics not disclosed",,2026-10-04T02:30:09.871374+00:00
regrowth-200/results/pilot-v1-attempt2/algorithm-control.json,121,d702ca3482ae80696528512c015364644f06cee64d2d7869e01fe449f1d09561,every field parsed; assignments/qualifications/summary/manifests/receipt consistency checked,,2026-10-04T02:30:09.871374+00:00
regrowth-200/results/pilot-v1-attempt2/algorithm-damage.json,120,bbe8c7990e8ae0d98f314d4eab30fe0debd6526e6897eaef59726f132058c185,every field parsed; assignments/qualifications/summary/manifests/receipt consistency checked,,2026-10-04T02:30:09.871374+00:00
regrowth-200/results/pilot-v1-attempt2/hybrid-control.json,116,ff32325c9a3c23f63a1be8f60d0692a7f3f4cffc31a2268e38f21f183a604356,every field parsed; assignments/qualifications/summary/manifests/receipt consistency checked,,2026-10-04T02:30:09.871374+00:00
regrowth-200/results/pilot-v1-attempt2/hybrid-damage.json,114,96f5a6b912d8686c7f5809065015f26cdcaf1e2203e858cbdae16f169ddbccbf,every field parsed; assignments/qualifications/summary/manifests/receipt consistency checked,,2026-10-04T02:30:09.871374+00:00
regrowth-200/results/pilot-v1-attempt2/manifest.json,1837,e400664c90540904e9163be9bd85bcd038c716cd0552ec0c552f0d16111cc580,every field parsed; assignments/qualifications/summary/manifests/receipt consistency checked,,2026-10-04T02:30:09.871374+00:00
regrowth-200/results/pilot-v1-attempt2/qualification.json,1336,94f2a718effc607a6cee765f477a6ad942dd7aa71eea380442ffee3154051402,every field parsed; assignments/qualifications/summary/manifests/receipt consistency checked,,2026-10-04T02:30:09.871374+00:00
regrowth-200/results/pilot-v1-attempt2/qwen-control.json,112,6691cf29fb66edd8993fd5308e68babac7c7f6de154d5fb9fdfbc4251ebb7a71,every field parsed; assignments/qualifications/summary/manifests/receipt consistency checked,,2026-10-04T02:30:09.871374+00:00
regrowth-200/results/pilot-v1-attempt2/qwen-damage.json,110,d97da47777b39102497cc294a51e60d817da5e3fe61dd5c76dcaa97fde70edef,every field parsed; assignments/qualifications/summary/manifests/receipt consistency checked,,2026-10-04T02:30:09.871374+00:00
regrowth-200/results/pilot-v1.log,85,cdf144a80fbca7ed122d45438d7b95c94abc71d8a73eae573c9fd6b7dfd5b48a,"all lines structurally checked, JSON status/progress parsed; raw diagnostics not disclosed",,2026-10-04T02:30:09.871374+00:00
regrowth-200/results/pilot-v1/algorithm-control.json,116,866a35e5d7d302ed787d2000fae288e137cf29874406758f93fe03e5b3be59c7,every field parsed; assignments/qualifications/summary/manifests/receipt consistency checked,,2026-10-04T02:30:09.871374+00:00
regrowth-200/results/pilot-v1/algorithm-damage.json,115,95ec6422e8340f41c16bf80519d773c188bce4aa6124fc70a06029ad1ed49879,every field parsed; assignments/qualifications/summary/manifests/receipt consistency checked,,2026-10-04T02:30:09.871374+00:00
regrowth-200/results/pilot-v1/hybrid-control.json,111,149dfab4108b5b5fdcd75756a904a8b2e946d3ee733768823cea241e981157c5,every field parsed; assignments/qualifications/summary/manifests/receipt consistency checked,,2026-10-04T02:30:09.871374+00:00
regrowth-200/results/pilot-v1/hybrid-damage.json,109,b55bb858ccf06818ffa60815c174f7eb5d33526bb5207869ad68280dbbb1c1e5,every field parsed; assignments/qualifications/summary/manifests/receipt consistency checked,,2026-10-04T02:30:09.871374+00:00
regrowth-200/results/pilot-v1/manifest.json,1263,bfed4bc431c4ae2ce708c013b3469923a449466fd3a358ee23c5b5e5fc8db4bb,every field parsed; assignments/qualifications/summary/manifests/receipt consistency checked,REG-08,2026-10-04T02:30:09.871374+00:00
regrowth-200/results/pilot-v1/qwen-control.json,107,9bac6bd268a764c56db010686eb0765608f3a918e26ad8addb0087ec215a047a,every field parsed; assignments/qualifications/summary/manifests/receipt consistency checked,,2026-10-04T02:30:09.871374+00:00
regrowth-200/results/pilot-v1/qwen-damage.json,105,50a5b905bc336e6565dcaa34b0528f6128a08e7a6b10b51155757b6ddb1c2851,every field parsed; assignments/qualifications/summary/manifests/receipt consistency checked,,2026-10-04T02:30:09.871374+00:00
regrowth-200/results/pilot-v2.log,425,93ae13d8c59e8b08abaad8437615bb991372b9cc4278d675a12ba46fff3d29ff,"all lines structurally checked, JSON status/progress parsed; raw diagnostics not disclosed",,2026-10-04T02:30:09.871374+00:00
regrowth-200/results/pilot-v2/algorithm-control.json,121,d702ca3482ae80696528512c015364644f06cee64d2d7869e01fe449f1d09561,every field parsed; assignments/qualifications/summary/manifests/receipt consistency checked,,2026-10-04T02:30:09.871374+00:00
regrowth-200/results/pilot-v2/algorithm-damage.json,120,bbe8c7990e8ae0d98f314d4eab30fe0debd6526e6897eaef59726f132058c185,every field parsed; assignments/qualifications/summary/manifests/receipt consistency checked,,2026-10-04T02:30:09.871374+00:00
regrowth-200/results/pilot-v2/hybrid-control.json,116,ff32325c9a3c23f63a1be8f60d0692a7f3f4cffc31a2268e38f21f183a604356,every field parsed; assignments/qualifications/summary/manifests/receipt consistency checked,,2026-10-04T02:30:09.871374+00:00
regrowth-200/results/pilot-v2/hybrid-damage.json,114,96f5a6b912d8686c7f5809065015f26cdcaf1e2203e858cbdae16f169ddbccbf,every field parsed; assignments/qualifications/summary/manifests/receipt consistency checked,,2026-10-04T02:30:09.871374+00:00
regrowth-200/results/pilot-v2/manifest.json,1841,0601f393702077dfaaa5ae4267a4f686d3e844046c4db6f467477e9b72520587,every field parsed; assignments/qualifications/summary/manifests/receipt consistency checked,"REG-06,REG-08",2026-10-04T02:30:09.871374+00:00
regrowth-200/results/pilot-v2/qualification.json,2743,34f3ac8490b44090011c2a5e10d352edbd3de9d0d6272cc878be44be0e6ac897,every field parsed; assignments/qualifications/summary/manifests/receipt consistency checked,,2026-10-04T02:30:09.871374+00:00
regrowth-200/results/pilot-v2/qwen-control.json,112,6691cf29fb66edd8993fd5308e68babac7c7f6de154d5fb9fdfbc4251ebb7a71,every field parsed; assignments/qualifications/summary/manifests/receipt consistency checked,,2026-10-04T02:30:09.871374+00:00
regrowth-200/results/pilot-v2/qwen-damage.json,110,d97da47777b39102497cc294a51e60d817da5e3fe61dd5c76dcaa97fde70edef,every field parsed; assignments/qualifications/summary/manifests/receipt consistency checked,,2026-10-04T02:30:09.871374+00:00
regrowth-200/results/pilot-v3.log,425,93ae13d8c59e8b08abaad8437615bb991372b9cc4278d675a12ba46fff3d29ff,"all lines structurally checked, JSON status/progress parsed; raw diagnostics not disclosed",,2026-10-04T02:30:09.871374+00:00
regrowth-200/results/pilot-v3/algorithm-control.json,121,d702ca3482ae80696528512c015364644f06cee64d2d7869e01fe449f1d09561,every field parsed; assignments/qualifications/summary/manifests/receipt consistency checked,,2026-10-04T02:30:09.871374+00:00
regrowth-200/results/pilot-v3/algorithm-damage.json,120,bbe8c7990e8ae0d98f314d4eab30fe0debd6526e6897eaef59726f132058c185,every field parsed; assignments/qualifications/summary/manifests/receipt consistency checked,,2026-10-04T02:30:09.871374+00:00
regrowth-200/results/pilot-v3/hybrid-control.json,116,ff32325c9a3c23f63a1be8f60d0692a7f3f4cffc31a2268e38f21f183a604356,every field parsed; assignments/qualifications/summary/manifests/receipt consistency checked,,2026-10-04T02:30:09.871374+00:00
regrowth-200/results/pilot-v3/hybrid-damage.json,114,96f5a6b912d8686c7f5809065015f26cdcaf1e2203e858cbdae16f169ddbccbf,every field parsed; assignments/qualifications/summary/manifests/receipt consistency checked,,2026-10-04T02:30:09.871374+00:00
regrowth-200/results/pilot-v3/manifest.json,1840,e0d11e6411c831efda6bf35d90ac01f55b82c9be6bef4f4429cbb992cd653b9c,every field parsed; assignments/qualifications/summary/manifests/receipt consistency checked,,2026-10-04T02:30:09.871374+00:00
regrowth-200/results/pilot-v3/qualification.json,2724,de36bc86f3e0d96c9a2de04f8315096a46e2c4e654ff3ee925debc9b76c35d06,every field parsed; assignments/qualifications/summary/manifests/receipt consistency checked,,2026-10-04T02:30:09.871374+00:00
regrowth-200/results/pilot-v3/qwen-control.json,112,6691cf29fb66edd8993fd5308e68babac7c7f6de154d5fb9fdfbc4251ebb7a71,every field parsed; assignments/qualifications/summary/manifests/receipt consistency checked,,2026-10-04T02:30:09.871374+00:00
regrowth-200/results/pilot-v3/qwen-damage.json,110,d97da47777b39102497cc294a51e60d817da5e3fe61dd5c76dcaa97fde70edef,every field parsed; assignments/qualifications/summary/manifests/receipt consistency checked,,2026-10-04T02:30:09.871374+00:00
regrowth-200/results/pilot-v4.log,11463,865b30e2b94cf2c555efc5e2d884cfa24ba6a00a99ae0e10b974ce059648c658,"all lines structurally checked, JSON status/progress parsed; raw diagnostics not disclosed",,2026-10-04T02:30:09.871374+00:00
regrowth-200/results/pilot-v4/algorithm-control-events.jsonl,0,e3b0c44298fc1c149afbf4c8996fb92427ae41e4649b934ca495991b7852b855,every event/outcome parsed; Regrowth decisions reconstructed; Avalon hash chains and terminal payloads verified; no raw log dumping,,2026-10-04T02:30:09.871374+00:00
regrowth-200/results/pilot-v4/algorithm-control.json,285980,692ad6ae91cfce941bee32c9acfd12a9bf358ace1f6d62f035e5047276e1413a,every field parsed; assignments/qualifications/summary/manifests/receipt consistency checked,,2026-10-04T02:30:09.871374+00:00
regrowth-200/results/pilot-v4/algorithm-damage-events.jsonl,0,e3b0c44298fc1c149afbf4c8996fb92427ae41e4649b934ca495991b7852b855,every event/outcome parsed; Regrowth decisions reconstructed; Avalon hash chains and terminal payloads verified; no raw log dumping,,2026-10-04T02:30:09.871374+00:00
regrowth-200/results/pilot-v4/algorithm-damage.json,289277,1909a98ca6babbe5a5c9dd193896e36b3019593712061bd45d2f94fd8f2699a4,every field parsed; assignments/qualifications/summary/manifests/receipt consistency checked,,2026-10-04T02:30:09.871374+00:00
regrowth-200/results/pilot-v4/hub-publication.json,517,e967ece58f216e2da198b185a86613b7045fd8a81630d1e547aa1a4792ca5950,every field parsed; assignments/qualifications/summary/manifests/receipt consistency checked,,2026-10-04T02:30:09.871374+00:00
regrowth-200/results/pilot-v4/hybrid-control-events.jsonl,422372,8c563ef89ba5d29c201be476b43c5baf4104937891a850ce3b334f1a8efc9515,every event/outcome parsed; Regrowth decisions reconstructed; Avalon hash chains and terminal payloads verified; no raw log dumping,,2026-10-04T02:30:09.871374+00:00
regrowth-200/results/pilot-v4/hybrid-control.json,303289,394d2a5190775ebcc356c1fcf67a32a2bd6a17ca7a886ce088e8b30cd75f7337,every field parsed; assignments/qualifications/summary/manifests/receipt consistency checked,,2026-10-04T02:30:09.871374+00:00
regrowth-200/results/pilot-v4/hybrid-damage-events.jsonl,442071,8709545782ea275410aae0a3e11f122b9baad9425ac90c270cf4aa8707d19b0c,every event/outcome parsed; Regrowth decisions reconstructed; Avalon hash chains and terminal payloads verified; no raw log dumping,,2026-10-04T02:30:09.871374+00:00
regrowth-200/results/pilot-v4/hybrid-damage.json,303525,e850277809e5f353bb64c1d808b47b49c9df39cb572d91f7901154acbb57fb54,every field parsed; assignments/qualifications/summary/manifests/receipt consistency checked,,2026-10-04T02:30:09.871374+00:00
regrowth-200/results/pilot-v4/manifest.json,1789,3141f9395161cadf45ef3fd962676766f66455db5b4abfe632e4c00819516689,every field parsed; assignments/qualifications/summary/manifests/receipt consistency checked,,2026-10-04T02:30:09.871374+00:00
regrowth-200/results/pilot-v4/outcomes.png,129678,9ca2354608fcd0ddd96def3f316366827b0a5e3b7412a1454c03b278448029dc,visual inspection of full image and asset metadata,,2026-10-04T02:30:09.871374+00:00
regrowth-200/results/pilot-v4/outcomes.svg,72577,243ffe4078b6cffc841b6f60ddaa6d70f71aaa783a8b7266d835d5d31bfeed36,valid XML parsed; corresponding PNG visually inspected,,2026-10-04T02:30:09.871374+00:00
regrowth-200/results/pilot-v4/progress.json,75,a5e95015811dcebbe39c3cff08eafdc11d8a8166ffd7c5c607c7a92a6edc8136,every field parsed; assignments/qualifications/summary/manifests/receipt consistency checked,,2026-10-04T02:30:09.871374+00:00
regrowth-200/results/pilot-v4/qualification.json,2725,75454c874af3b928e85689df5d93c4012c98b8c37b150e0b442d566c22dcd15b,every field parsed; assignments/qualifications/summary/manifests/receipt consistency checked,,2026-10-04T02:30:09.871374+00:00
regrowth-200/results/pilot-v4/qwen-control-events.jsonl,398060,71402e786e968091473688287dc9e44e0ecc62d7e3104127fdd56520bd9ac30f,every event/outcome parsed; Regrowth decisions reconstructed; Avalon hash chains and terminal payloads verified; no raw log dumping,,2026-10-04T02:30:09.871374+00:00
regrowth-200/results/pilot-v4/qwen-control.json,303281,f3fce6cd27ce32149fb541e68618d956e66bed7ee9480985ee7078b7ffc39035,every field parsed; assignments/qualifications/summary/manifests/receipt consistency checked,,2026-10-04T02:30:09.871374+00:00
regrowth-200/results/pilot-v4/qwen-damage-events.jsonl,416952,8766c73f9eccfcbfff5eeeb1901320e1c0df35e27a341dfb832ebe237b000952,every event/outcome parsed; Regrowth decisions reconstructed; Avalon hash chains and terminal payloads verified; no raw log dumping,,2026-10-04T02:30:09.871374+00:00
regrowth-200/results/pilot-v4/qwen-damage.json,303516,71a94e3ccd032c82faf7c8185176df0665c5fc1698a03cf6f1886248bc0163c1,every field parsed; assignments/qualifications/summary/manifests/receipt consistency checked,,2026-10-04T02:30:09.871374+00:00
regrowth-200/results/pilot-v4/summary.json,1595,0f9e4062af8f8395c5bc82162b11ad79ce49f057fafc2e15fc6a28b8854c5cc9,every field parsed; assignments/qualifications/summary/manifests/receipt consistency checked,REG-10,2026-10-04T02:30:09.871374+00:00
regrowth-200/results/registration-repair-receipt.json,905,83f3427ce68c7b3f98af380ef278e04a70c769c5ebdc6ba994538bd1d76e9cc6,every field parsed; assignments/qualifications/summary/manifests/receipt consistency checked,,2026-10-04T02:30:09.871374+00:00
regrowth-200/site/data.js,1790705,f536b9ef9748200a1655da06530a3534b637b4bde9abe7db92e4ebb2ac9a4bda,entire embedded JSON parsed; exact equality checked against six world records and manifest,,2026-10-04T02:30:09.871374+00:00
regrowth-200/site/final_frame.png,153190,0009df9eb0820905388f9071708b433dee9574734dddf9c48959540b74324b2d,visual inspection of full image and asset metadata,,2026-10-04T02:30:09.871374+00:00
regrowth-200/site/index.html,10213,5b0bd45e4a8b0416492f675f34ddbd2d5bb7b2ca7e5ec15a1ac709fef3bce460,full substantive source/document review,"REG-05,REG-11",2026-10-04T02:30:09.871374+00:00
regrowth-200/src/analyze.py,3736,2a26ba2a3ab8277f9c2ff5a4142f7f3347ad805900f2f8dccc3022fa625daaaf,full substantive source/document review,REG-09,2026-10-04T02:30:09.871374+00:00
regrowth-200/src/archive_evidence.py,998,2176d484963ea9d4ab2b14d74eb6bdda13f2cfec06106cdfaca66e685aa86ebf,full substantive source/document review,,2026-10-04T02:30:09.871374+00:00
regrowth-200/src/build_replay.py,508,391401721bb4254ec700536fc08fa69430d176b05f3e7cde966bd1e90d75ebfe,full substantive source/document review,,2026-10-04T02:30:09.871374+00:00
regrowth-200/src/check_replay.cjs,1211,7079e7fb5dc1d3106fbe344f26b4162352619be0eac8a261e40cf38cb95d3d31,full substantive source/document review,REG-11,2026-10-04T02:30:09.871374+00:00
regrowth-200/src/models.py,3039,cfb63bb51790470a9e09fe6c8f67e64c4516b523289bf48762e1cd6011eb8f88,full substantive source/document review,"REG-03,REG-07",2026-10-04T02:30:09.871374+00:00
regrowth-200/src/plot.py,1140,1cb2081ea32565337312c4426d210943c1798611350c79f2f070308055315e51,full substantive source/document review,,2026-10-04T02:30:09.871374+00:00
regrowth-200/src/public_plan.py,2505,9659f96660334d773c28886e314ea31cc9b76171ec51825ba4564523f0aa9166,full substantive source/document review,REG-01,2026-10-04T02:30:09.871374+00:00
regrowth-200/src/publish_hub.py,3444,d142dc001a70bad4803e88d12f75b721620e44f8798c48ca3c270cb8d2de2517,full substantive source/document review,REG-04,2026-10-04T02:30:09.871374+00:00
regrowth-200/src/run.py,8441,3a437fa2c87d200124795489a0b383ef64dea6a2555bd4f4cff310f0b71fef33,full substantive source/document review,"REG-01,REG-02,REG-03,REG-07",2026-10-04T02:30:09.871374+00:00
regrowth-200/src/world.py,1918,e03f40e4cb5052b0611cd57df33d5d39e0f7dfd1626a307cedcf26c82dfff4de,full substantive source/document review,REG-05,2026-10-04T02:30:09.871374+00:00
regrowth-200/tests/test_world.py,1727,ec936407b2dabe60a57b7f052c0f02cdb2d5b8ef968dfb6d8679b37599422986,full substantive source/document review,,2026-10-04T02:30:09.871374+00:00
seo-guide-src/app.js,11517,4ceb22f6f2c529b00f96bb9b571969db714b1207aaaafc100b4012b8dc2ba2f2,full prose/source review,,2026-10-04T02:30:09.871374+00:00
seo-guide-src/body.html,58612,65c0c10c712241ee755fb744e8a7df48dde1bf16d7b53da1e25fb58479a8453b,full substantive rendered text/source; generated duplicate sections cross-checked,"ROOT-03,ROOT-05",2026-10-04T02:30:09.871374+00:00
seo-guide-src/build.py,2391,d6a609cb54675c9576798eb814c27aac04b0a092c3e1a6d2adda113a0a854e72,full prose/source review,,2026-10-04T02:30:09.871374+00:00
seo-guide-src/check.cjs,4775,74467bc99e81778170be80bc48c026911deeb9d4bb140fea58f042f5f068262b,source review; primary current browser regression commands executed where applicable,ROOT-08,2026-10-04T02:30:09.871374+00:00
seo-guide-src/minimal.html,11941,25486a4d0fb55e3b1009923b20e48726d8df7abed6e5f79ff1c6f1c1e9a6d5dc,full substantive rendered text/source; generated duplicate sections cross-checked,,2026-10-04T02:30:09.871374+00:00
seo-guide-src/references.json,10433,4cc5c60777c779d67f5b3f8532b37bb38fdc90f7ffc486f54830e9de4921021d,full prose/source review,,2026-10-04T02:30:09.871374+00:00
seo-guide-src/simulation.js,4099,f0e464010c2b3451ff80bf5f79383dbdf4f397f0fd0443d1b12d123afb467bc5,full prose/source review,"ROOT-03,ROOT-04",2026-10-04T02:30:09.871374+00:00
seo-guide-src/style.css,14091,33dc0d9dd8b4524674b04d7fe2b94e038e6b466992d6d534bcb47752e9540313,full prose/source review,,2026-10-04T02:30:09.871374+00:00
swarm-ecology-dossier.html,216652,b181672de3ae245fee0b7f5371095dcbe285500fc75870340d4597112b2f7867,full substantive rendered text/source; generated duplicate sections cross-checked,,2026-10-04T02:30:09.871374+00:00
swarm-influence-guide.html,23616,0c268072036f111fe3e3dbd206d6db33173d6ff5209aee80698ca4ca7ffe2538,full substantive rendered text/source; generated duplicate sections cross-checked,ROOT-02,2026-10-04T02:30:09.871374+00:00
swarm-of-theseus/.gitignore,19,862263fa1f46c20f0d1e4dac5ffcc75abd55c08211b2c3864c5f8764b9d87793,full substantive source/document review,,2026-10-04T02:58:11.098785+00:00
swarm-of-theseus/DEPLOYMENT.md,6201,2385e5ef374ee38e9098575a10fe38f6da12d46842389f485d5510aa0afec0f6,full substantive source/document review,,2026-10-04T02:58:11.098785+00:00
swarm-of-theseus/README.md,15085,2e0bc3af7a46e5f719f45a076a7c374b484703cf5eeaea4835f1da458d94cf48,full substantive source/document review,ADD-T-01,2026-10-04T02:58:11.098785+00:00
swarm-of-theseus/RESULTS.md,8202,5af038d90fb9da83d6ae749da0a36d2613fe8ee2da783ceab44361a168644508,full substantive source/document review,"EP-06,EP-07,EP-08",2026-10-04T02:58:11.098785+00:00
swarm-of-theseus/design.yaml,625,f9b2c293775a375ee23892c7083e08e72b0fb70e6908e65f7e1c6df832aecedc,full config/declarative review; source identity checked against S1 manifest when applicable,,2026-10-04T02:58:11.098785+00:00
swarm-of-theseus/evidence.tar.gz,372168,be53597095953fdf3ad717df93d1e3d4b9d6a22399b6a815c80d1571ebc0eafc,every archive member/index hash checked; every outcome parsed; S1 event records read programmatically to independently recompute structural claims and label-domain check; raw traces not printed,,2026-10-04T02:58:11.098785+00:00
swarm-of-theseus/experiment.yaml,767,6144b32a8c4657f6e77e4ec77fb264737900645f123c30eb95b020c1435d5edb,full config/declarative review; source identity checked against S1 manifest when applicable,,2026-10-04T02:58:11.098785+00:00
swarm-of-theseus/model-config.json,335,4b36fd0932680b861f11711321121fc17639c1033286f0ae2b703273bbc53bf0,full config/declarative review; source identity checked against S1 manifest when applicable,,2026-10-04T02:58:11.098785+00:00
swarm-of-theseus/redesign/DESIGN.md,14071,4e1c7058e0fc2707fbb556b0677653e2c056e5b60cdbcf294dcb8eda70d6dcab,full substantive source/document review,ADD-T-02,2026-10-04T02:58:11.098785+00:00
swarm-of-theseus/redesign/REVIEW-PLAN.md,1366,d466e946a8db0d5ccf08b46063217580566632dff19609f2868c79e6dae74461,full substantive source/document review,,2026-10-04T02:58:11.098785+00:00
swarm-of-theseus/redesign/REVIEW.md,7893,7f24a8b782f52b62d21c8b86da7c4d9219e72d73bd4f20a2e184711b28f40e68,full substantive source/document review,,2026-10-04T02:58:11.098785+00:00
swarm-of-theseus/redesign/audit_structure.py,2247,94e5ae4c410425955d0d2bdccb40597524c53b161e89d265274be6dd457bad25,full substantive source/document review,,2026-10-04T02:58:11.098785+00:00
swarm-of-theseus/redesign/structural-audit.json,772,f46b0d22daa4848db0dc89e32139d3134563060212431bd86cb91a72c2476391,every field checked against independent recomputation of archived S1 evidence,,2026-10-04T02:58:11.098785+00:00
swarm-of-theseus/replay.html,110920,2505413a08c286f0669d520f938b234a97f8bbf0baeede5a7b70dcbc4290037a,HTML decoded; replay program reviewed by template; every embedded JSON dataset parsed,,2026-10-04T02:30:09.871374+00:00
swarm-of-theseus/results/S0-a1-setup.json,341,b77b8b8a339f44bb91f68cd3ac2bb461d51f654f2a3e25b3a9488023c05c61df,full JSON parse; schema/semantic cross-checks by artifact family,,2026-10-04T02:30:09.871374+00:00
swarm-of-theseus/results/S0-a2/audit.json,370,e23bd35c64bfc745039dcec5ce335030d3d80a1a9ae1faad7f86f01c04210543,full JSON parse; schema/semantic cross-checks by artifact family,EP-12,2026-10-04T02:30:09.871374+00:00
swarm-of-theseus/results/S0-a2/manifest.json,2722,b7d4fc15b258c3f5db33dd76ce33016137e26cfcace6517554210bfd3c67b80c,full JSON parse; schema/semantic cross-checks by artifact family,,2026-10-04T02:30:09.871374+00:00
swarm-of-theseus/results/S0-a2/observatory-founders-102/events.jsonl,57429,81c599cbfef535c1477bf27fd574019c9321e47f875ead788d0df2e9384154f0,every JSONL record parsed; safe aggregate analysis and trace reconciliation,,2026-10-04T02:30:09.871374+00:00
swarm-of-theseus/results/S0-a2/observatory-founders-102/final_frame.png,45080,97c786a7ba0f26914dde824aa16dc8717f31f97583df095f2ba3d136ae2c2e05,binary signature/dimensions/hash only; not visually inspected,,2026-10-04T02:30:09.871374+00:00
swarm-of-theseus/results/S0-a2/observatory-founders-102/history.json,1952,3dd6b8aba3f557b3c80f6c4c1cc6fd4b82d48a1af75e163f3b974ff6afaaf05f,full JSON parse; schema/semantic cross-checks by artifact family,,2026-10-04T02:30:09.871374+00:00
swarm-of-theseus/results/S0-a2/observatory-founders-102/outcome.json,2727,bce05de39505500d2afba201bc8f546ddb59db591b984b3a3ec9a3ce0af96f22,full JSON parse; schema/semantic cross-checks by artifact family,,2026-10-04T02:30:09.871374+00:00
swarm-of-theseus/results/S0-a2/observatory-founders-102/public-plan-receipt.json,1142,ec1ae886e61b8e3ac327056d65ab1bc0f14234cd3c5cf2ae9fce061b95a24028,full JSON parse; schema/semantic cross-checks by artifact family,,2026-10-04T02:30:09.871374+00:00
swarm-of-theseus/results/S0-a2/observatory-founders-102/replay.html,4075,fd2ac2a6203b2a57d1fb932bdc052593d1583377608a0d5f344efae6f7a55540,HTML decoded; replay program reviewed by template; every embedded JSON dataset parsed,,2026-10-04T02:30:09.871374+00:00
swarm-of-theseus/results/S0-a2/observatory-founders-103/events.jsonl,51546,69e1fc12b1a95963fe72f33f6e44acc5cd8f49ce141f02a3200fb3d672c5eeb9,every JSONL record parsed; safe aggregate analysis and trace reconciliation,,2026-10-04T02:30:09.871374+00:00
swarm-of-theseus/results/S0-a2/observatory-founders-103/final_frame.png,45192,2eb82c6fb9585ddb2700054757d0ba9e720f33cc8c178fe7318ca184287b4aab,binary signature/dimensions/hash only; not visually inspected,,2026-10-04T02:30:09.871374+00:00
swarm-of-theseus/results/S0-a2/observatory-founders-103/history.json,1966,39f9b90e5ca47ee856952fda2b437ef004726330e53f1b30b0cc2ef21586ee7a,full JSON parse; schema/semantic cross-checks by artifact family,,2026-10-04T02:30:09.871374+00:00
swarm-of-theseus/results/S0-a2/observatory-founders-103/outcome.json,2741,3a8ee2d64f8f6279063dd019d15e61b127b4e4856e5301552dbf704c996c52b3,full JSON parse; schema/semantic cross-checks by artifact family,,2026-10-04T02:30:09.871374+00:00
swarm-of-theseus/results/S0-a2/observatory-founders-103/public-plan-receipt.json,1142,ec1ae886e61b8e3ac327056d65ab1bc0f14234cd3c5cf2ae9fce061b95a24028,full JSON parse; schema/semantic cross-checks by artifact family,,2026-10-04T02:30:09.871374+00:00
swarm-of-theseus/results/S0-a2/observatory-founders-103/replay.html,4089,52f7029bd216f34bf37dfd68f34d41a89c33f757f9b9af1b4e85807ae25ce4ef,HTML decoded; replay program reviewed by template; every embedded JSON dataset parsed,,2026-10-04T02:30:09.871374+00:00
swarm-of-theseus/results/S0-a2/observatory-verbatim-102/events.jsonl,19175,d626e606233032180ea660a2272a4aa101242369911e45db0e5b485ad7aacfdd,every JSONL record parsed; safe aggregate analysis and trace reconciliation,,2026-10-04T02:30:09.871374+00:00
swarm-of-theseus/results/S0-a2/observatory-verbatim-102/final_frame.png,40035,7914b6a81e1e78ef7ed00acc178242009b2cf1fe67f17f102a3caf2ff6125d17,binary signature/dimensions/hash only; not visually inspected,,2026-10-04T02:30:09.871374+00:00
swarm-of-theseus/results/S0-a2/observatory-verbatim-102/history.json,491,9e96e75cc1b469247f75b40cc6eea1e7590217bd13e5546e5d19dd89905a0c03,full JSON parse; schema/semantic cross-checks by artifact family,,2026-10-04T02:30:09.871374+00:00
swarm-of-theseus/results/S0-a2/observatory-verbatim-102/outcome.json,1106,f0208fc71f6b47f403d6545108aab69f6120e4f023434ca4ea5f0cfa2da89c9e,full JSON parse; schema/semantic cross-checks by artifact family,,2026-10-04T02:30:09.871374+00:00
swarm-of-theseus/results/S0-a2/observatory-verbatim-102/public-plan-receipt.json,1142,52d8d66198dd284c24d15ce2904c45e670718eeffb6b2fb91071fa8277780c02,full JSON parse; schema/semantic cross-checks by artifact family,,2026-10-04T02:30:09.871374+00:00
swarm-of-theseus/results/S0-a2/observatory-verbatim-102/replay.html,3060,4d6e3a29ceb7ffaf6268876a5d996e7ac44a4c995ec8d698102e1b42fa1c3c8e,HTML decoded; replay program reviewed by template; every embedded JSON dataset parsed,,2026-10-04T02:30:09.871374+00:00
swarm-of-theseus/results/S0-a2/observatory-verbatim-103/events.jsonl,58376,773e263173d46e8629a55e5e279615653b0fea800d7316bcf0b4e092d12cf35d,every JSONL record parsed; safe aggregate analysis and trace reconciliation,,2026-10-04T02:30:09.871374+00:00
swarm-of-theseus/results/S0-a2/observatory-verbatim-103/final_frame.png,49282,1c50c54531900acaba536c913dbb6058c20a5dbc61d7797252e53bccadb08bc3,binary signature/dimensions/hash only; not visually inspected,,2026-10-04T02:30:09.871374+00:00
swarm-of-theseus/results/S0-a2/observatory-verbatim-103/history.json,1987,485ce1494a362a0fa09987a7837f080469258a438dc801ce0e9487b6a57fac71,full JSON parse; schema/semantic cross-checks by artifact family,,2026-10-04T02:30:09.871374+00:00
swarm-of-theseus/results/S0-a2/observatory-verbatim-103/outcome.json,2750,b9b571d8fb5b34794f1c7050b7cd40aafe1eaf2219fe3e20500f139756c0239e,full JSON parse; schema/semantic cross-checks by artifact family,,2026-10-04T02:30:09.871374+00:00
swarm-of-theseus/results/S0-a2/observatory-verbatim-103/public-plan-receipt.json,1142,52d8d66198dd284c24d15ce2904c45e670718eeffb6b2fb91071fa8277780c02,full JSON parse; schema/semantic cross-checks by artifact family,,2026-10-04T02:30:09.871374+00:00
swarm-of-theseus/results/S0-a2/observatory-verbatim-103/replay.html,4098,246f8889fbbf454c545751540b63583565f187aa458bbbfd6ee6bc663110e581,HTML decoded; replay program reviewed by template; every embedded JSON dataset parsed,,2026-10-04T02:30:09.871374+00:00
swarm-of-theseus/results/S0-a2/repair-dock-founders-102/events.jsonl,44915,305e08b7ca52aee50a10965edfbe9f2eef62fb9c5d90049ccbf108fe727f15a9,every JSONL record parsed; safe aggregate analysis and trace reconciliation,,2026-10-04T02:30:09.871374+00:00
swarm-of-theseus/results/S0-a2/repair-dock-founders-102/final_frame.png,49948,9ea605a980d27120df572a713738df74a9a780549834cd3970119ec6a85379c3,binary signature/dimensions/hash only; not visually inspected,,2026-10-04T02:30:09.871374+00:00
swarm-of-theseus/results/S0-a2/repair-dock-founders-102/history.json,3000,5c1f7f5db6fb9a83e75221d927dad83e29b9ad01371cd3a3f45735d1abc181e0,full JSON parse; schema/semantic cross-checks by artifact family,,2026-10-04T02:30:09.871374+00:00
swarm-of-theseus/results/S0-a2/repair-dock-founders-102/outcome.json,3757,bb49a8678c422dc9d73ecafdd3fb924c7dfda76a1a9ba4a71f16da651a50caad,full JSON parse; schema/semantic cross-checks by artifact family,,2026-10-04T02:30:09.871374+00:00
swarm-of-theseus/results/S0-a2/repair-dock-founders-102/public-plan-receipt.json,1142,c51d75a4e8663d7db8221e01063a0a346bdff7780e0c0da751554f4e7c97696f,full JSON parse; schema/semantic cross-checks by artifact family,,2026-10-04T02:30:09.871374+00:00
swarm-of-theseus/results/S0-a2/repair-dock-founders-102/replay.html,4739,53665e00b5c22b2d5947d33c60b14caa4b2b84b3359bf1aa9bf94a0fc72609b2,HTML decoded; replay program reviewed by template; every embedded JSON dataset parsed,,2026-10-04T02:30:09.871374+00:00
swarm-of-theseus/results/S0-a2/repair-dock-founders-103/events.jsonl,41842,82721589ade81a2f5b3a512ee392daac15047ab0c03c4e4d716829d71afecee3,every JSONL record parsed; safe aggregate analysis and trace reconciliation,,2026-10-04T02:30:09.871374+00:00
swarm-of-theseus/results/S0-a2/repair-dock-founders-103/final_frame.png,47733,97f8747b78249da4798ee992d93eb56a1adde22ce3cfa136984699659ee2970b,binary signature/dimensions/hash only; not visually inspected,,2026-10-04T02:30:09.871374+00:00
swarm-of-theseus/results/S0-a2/repair-dock-founders-103/history.json,2938,a0a9c751024659f20f4ec753a07c514562f9684055cde2eee6c64d78d0cefe8c,full JSON parse; schema/semantic cross-checks by artifact family,,2026-10-04T02:30:09.871374+00:00
swarm-of-theseus/results/S0-a2/repair-dock-founders-103/outcome.json,3684,45d1a4b4b69ced6608bf79c748e53a24297ab3aff0de1fdbf82ad882bd752597,full JSON parse; schema/semantic cross-checks by artifact family,,2026-10-04T02:30:09.871374+00:00
swarm-of-theseus/results/S0-a2/repair-dock-founders-103/public-plan-receipt.json,1142,c51d75a4e8663d7db8221e01063a0a346bdff7780e0c0da751554f4e7c97696f,full JSON parse; schema/semantic cross-checks by artifact family,,2026-10-04T02:30:09.871374+00:00
swarm-of-theseus/results/S0-a2/repair-dock-founders-103/replay.html,4666,9da97b6e7f55ddfbff87a580c4bf3c8fdae3f11f0456d0c5a145b0c3cc8b1011,HTML decoded; replay program reviewed by template; every embedded JSON dataset parsed,,2026-10-04T02:30:09.871374+00:00
swarm-of-theseus/results/S0-a2/repair-dock-verbatim-102/events.jsonl,50999,17107fdc3d2ac24e7813ec097b34eb985c8750af8e521a8e57c9966a664f85d6,every JSONL record parsed; safe aggregate analysis and trace reconciliation,,2026-10-04T02:30:09.871374+00:00
swarm-of-theseus/results/S0-a2/repair-dock-verbatim-102/final_frame.png,54084,0b1b3f379413f30ab17f6b02dd7517a942a8a1e7b89e8ef274ca74613cb2d38a,binary signature/dimensions/hash only; not visually inspected,,2026-10-04T02:30:09.871374+00:00
swarm-of-theseus/results/S0-a2/repair-dock-verbatim-102/history.json,2980,9c76c7b3b34fe699efe0e97c0798f0aa297345b1f457241f8f72a7942bbc3a77,full JSON parse; schema/semantic cross-checks by artifact family,,2026-10-04T02:30:09.871374+00:00
swarm-of-theseus/results/S0-a2/repair-dock-verbatim-102/outcome.json,4544,e1c82d4c96f074655e634c3369e8c2e0d2530f0feb8ec33ba3600ec2eaa87cb7,full JSON parse; schema/semantic cross-checks by artifact family,,2026-10-04T02:30:09.871374+00:00
swarm-of-theseus/results/S0-a2/repair-dock-verbatim-102/public-plan-receipt.json,1142,5709f1b05a5084d2552bfbc03a1d9d1ca20db68f950e9bf23bf88f64e1937bc3,full JSON parse; schema/semantic cross-checks by artifact family,,2026-10-04T02:30:09.871374+00:00
swarm-of-theseus/results/S0-a2/repair-dock-verbatim-102/replay.html,5348,444d7c958d48ee08f63e03640eb88002017fc5a01f1ce09e3fd72d11839ca519,HTML decoded; replay program reviewed by template; every embedded JSON dataset parsed,,2026-10-04T02:30:09.871374+00:00
swarm-of-theseus/results/S0-a2/repair-dock-verbatim-103/events.jsonl,51670,949991968814af36049aee13913f0804ad6151b75e61af868a960d6231b59b7d,every JSONL record parsed; safe aggregate analysis and trace reconciliation,,2026-10-04T02:30:09.871374+00:00
swarm-of-theseus/results/S0-a2/repair-dock-verbatim-103/final_frame.png,54385,bf58aebce6d4c33356e01c26d6dd85644c388ac732c55f4719f372714997ab9c,binary signature/dimensions/hash only; not visually inspected,,2026-10-04T02:30:09.871374+00:00
swarm-of-theseus/results/S0-a2/repair-dock-verbatim-103/history.json,3012,b63a68ea94e9d3815a75b967cc3d9f39855e3240e2387761c6cb7705e4a14a50,full JSON parse; schema/semantic cross-checks by artifact family,,2026-10-04T02:30:09.871374+00:00
swarm-of-theseus/results/S0-a2/repair-dock-verbatim-103/outcome.json,4576,258420b780fe1a59fa3bbcf31d23372e9564170a2f60e47586a3797ee441666c,full JSON parse; schema/semantic cross-checks by artifact family,,2026-10-04T02:30:09.871374+00:00
swarm-of-theseus/results/S0-a2/repair-dock-verbatim-103/public-plan-receipt.json,1142,5709f1b05a5084d2552bfbc03a1d9d1ca20db68f950e9bf23bf88f64e1937bc3,full JSON parse; schema/semantic cross-checks by artifact family,,2026-10-04T02:30:09.871374+00:00
swarm-of-theseus/results/S0-a2/repair-dock-verbatim-103/replay.html,5380,9aca03efd17eba08f86523ea52a0ba80eaa79b650060ff862351a23e1b426ff7,HTML decoded; replay program reviewed by template; every embedded JSON dataset parsed,,2026-10-04T02:30:09.871374+00:00
swarm-of-theseus/results/S0-a2/replay.html,30888,3598702bfaf0938339de881a69cdb32b00b1a0b3f1d1bd3466a28b75aaa9eefc,HTML decoded; replay program reviewed by template; every embedded JSON dataset parsed,,2026-10-04T02:30:09.871374+00:00
swarm-of-theseus/results/S0-a2/rows.json,46730,dcb11606ebf68ddc2394f08f27ff51e3b884425678ff11e15cf763a9e1cf1007,full JSON parse; schema/semantic cross-checks by artifact family,,2026-10-04T02:30:09.871374+00:00
swarm-of-theseus/results/S0-a2/seed-bank-founders-102/events.jsonl,49461,c91a48835320b0f56a1eae6169c45e93187de53a5100026bb121a29de7b4ab3e,every JSONL record parsed; safe aggregate analysis and trace reconciliation,,2026-10-04T02:30:09.871374+00:00
swarm-of-theseus/results/S0-a2/seed-bank-founders-102/final_frame.png,47129,534c777160c2a485d52bef4d62d2e97d8c0872fdb3af3305e012e3b5f08ba675,binary signature/dimensions/hash only; not visually inspected,,2026-10-04T02:30:09.871374+00:00
swarm-of-theseus/results/S0-a2/seed-bank-founders-102/history.json,2958,7cc1ba0a3bb032de660fb5e368adcace1e0eaa6659f82a863148012cc01d2968,full JSON parse; schema/semantic cross-checks by artifact family,,2026-10-04T02:30:09.871374+00:00
swarm-of-theseus/results/S0-a2/seed-bank-founders-102/outcome.json,3700,5d72fa9d10a5bb5104a25ec17b485aa295ca355d0c03084d650686dd8b2be20d,full JSON parse; schema/semantic cross-checks by artifact family,,2026-10-04T02:30:09.871374+00:00
swarm-of-theseus/results/S0-a2/seed-bank-founders-102/public-plan-receipt.json,1140,799bc2c5b3fe52d20b41d1dcc3b298425ec5fad7b0939e1ee74b9b05da1eae61,full JSON parse; schema/semantic cross-checks by artifact family,,2026-10-04T02:30:09.871374+00:00
swarm-of-theseus/results/S0-a2/seed-bank-founders-102/replay.html,4682,5a733dd79753537a20c9ef25da728277031c0350990611a027296d23823b41bb,HTML decoded; replay program reviewed by template; every embedded JSON dataset parsed,,2026-10-04T02:30:09.871374+00:00
swarm-of-theseus/results/S0-a2/seed-bank-founders-103/events.jsonl,49050,c7d183f1d29a3f3411125b942634db886eeba9fa2182c3901338c93b9107b110,every JSONL record parsed; safe aggregate analysis and trace reconciliation,,2026-10-04T02:30:09.871374+00:00
swarm-of-theseus/results/S0-a2/seed-bank-founders-103/final_frame.png,48621,d5a5e750e11aaf635301a5f311efc59cd8f9b0b109199e6a8e96b11a91c54c1a,binary signature/dimensions/hash only; not visually inspected,,2026-10-04T02:30:09.871374+00:00
swarm-of-theseus/results/S0-a2/seed-bank-founders-103/history.json,2943,9302e5d57bde0c36f58ece8c0a520c66bc209299c6098df8def1b3fa6df4afbb,full JSON parse; schema/semantic cross-checks by artifact family,,2026-10-04T02:30:09.871374+00:00
swarm-of-theseus/results/S0-a2/seed-bank-founders-103/outcome.json,3701,119c728a0aa8fe47f16bc0419af25bc8e4616e46745da4c7d66d7d85d644925e,full JSON parse; schema/semantic cross-checks by artifact family,,2026-10-04T02:30:09.871374+00:00
swarm-of-theseus/results/S0-a2/seed-bank-founders-103/public-plan-receipt.json,1140,799bc2c5b3fe52d20b41d1dcc3b298425ec5fad7b0939e1ee74b9b05da1eae61,full JSON parse; schema/semantic cross-checks by artifact family,,2026-10-04T02:30:09.871374+00:00
swarm-of-theseus/results/S0-a2/seed-bank-founders-103/replay.html,4683,1a7aff9980fcfebd831e71c157f44d28bb52ef4b7583c370fd35d1e72d9d2be0,HTML decoded; replay program reviewed by template; every embedded JSON dataset parsed,,2026-10-04T02:30:09.871374+00:00
swarm-of-theseus/results/S0-a2/seed-bank-verbatim-102/events.jsonl,48970,83388cc598e35115d6e517a8d2967a178b928781fbe7ed836441b9758a4b667f,every JSONL record parsed; safe aggregate analysis and trace reconciliation,,2026-10-04T02:30:09.871374+00:00
swarm-of-theseus/results/S0-a2/seed-bank-verbatim-102/final_frame.png,52920,3a1e3409021354ccf520ff5bf221888df103d424feebeb390f162ba8a431b7e4,binary signature/dimensions/hash only; not visually inspected,,2026-10-04T02:30:09.871374+00:00
swarm-of-theseus/results/S0-a2/seed-bank-verbatim-102/history.json,2945,69b80587d20c7d7dcc0c227648a63516f63676b855c9119f6235276f3225bece,full JSON parse; schema/semantic cross-checks by artifact family,,2026-10-04T02:30:09.871374+00:00
swarm-of-theseus/results/S0-a2/seed-bank-verbatim-102/outcome.json,4503,bc1e69627c0c73a6f19fe74011b14907b21b6e1d65882840722d121ad004f41a,full JSON parse; schema/semantic cross-checks by artifact family,,2026-10-04T02:30:09.871374+00:00
swarm-of-theseus/results/S0-a2/seed-bank-verbatim-102/public-plan-receipt.json,1140,fbdd7f9bdc4c15ddfabb8ae20026dded17099464aaa9100e8f37b97ffbe14730,full JSON parse; schema/semantic cross-checks by artifact family,,2026-10-04T02:30:09.871374+00:00
swarm-of-theseus/results/S0-a2/seed-bank-verbatim-102/replay.html,5307,ae65fa0dfcebc19f3ce3d176ae085f2fc06dafa40d2133d6b3d8c73842abcefd,HTML decoded; replay program reviewed by template; every embedded JSON dataset parsed,,2026-10-04T02:30:09.871374+00:00
swarm-of-theseus/results/S0-a2/seed-bank-verbatim-103/events.jsonl,44236,272868664a399d3c7f045f7386f1dc3a2b724295fc47c19a33498bd339ef046d,every JSONL record parsed; safe aggregate analysis and trace reconciliation,,2026-10-04T02:30:09.871374+00:00
swarm-of-theseus/results/S0-a2/seed-bank-verbatim-103/final_frame.png,54133,5b85582e3eb85489127ae40e8045b5c65bfbf4bc7ff5d26125cf322bb914ccf3,binary signature/dimensions/hash only; not visually inspected,,2026-10-04T02:30:09.871374+00:00
swarm-of-theseus/results/S0-a2/seed-bank-verbatim-103/history.json,2989,7707e5a9aa4b13b8e31c911455cb8c963f043346204c8cc26d268ec022250d0f,full JSON parse; schema/semantic cross-checks by artifact family,,2026-10-04T02:30:09.871374+00:00
swarm-of-theseus/results/S0-a2/seed-bank-verbatim-103/outcome.json,4553,2e1d5287802a6485ec3db8bc8536b10abfbeb72ffd6ac52197d6dd456ef57b60,full JSON parse; schema/semantic cross-checks by artifact family,,2026-10-04T02:30:09.871374+00:00
swarm-of-theseus/results/S0-a2/seed-bank-verbatim-103/public-plan-receipt.json,1140,fbdd7f9bdc4c15ddfabb8ae20026dded17099464aaa9100e8f37b97ffbe14730,full JSON parse; schema/semantic cross-checks by artifact family,,2026-10-04T02:30:09.871374+00:00
swarm-of-theseus/results/S0-a2/seed-bank-verbatim-103/replay.html,5357,8f4171bb6625117935b56f4eda05f2118c68533527e8bc2e17c6c3475cf945f9,HTML decoded; replay program reviewed by template; every embedded JSON dataset parsed,,2026-10-04T02:30:09.871374+00:00
swarm-of-theseus/results/S0-a2/summary.json,1173,2a6e8ee9cd29e0c237aeba01f7878db62fd84f6a6a7dd2f9661209dd32b0c95a,full JSON parse; schema/semantic cross-checks by artifact family,,2026-10-04T02:30:09.871374+00:00
swarm-of-theseus/results/S0-a3/audit.json,87,bcc41230c4a981398f9b53d9dd282b3c5f8ee0785245deec1e5ee5905431c0e2,full JSON parse; schema/semantic cross-checks by artifact family,,2026-10-04T02:30:09.871374+00:00
swarm-of-theseus/results/S0-a3/manifest.json,3003,66ae33f8aaa31d4d89a655b75a36c145d0008a972882950b206385cf2b060aa4,full JSON parse; schema/semantic cross-checks by artifact family,,2026-10-04T02:30:09.871374+00:00
swarm-of-theseus/results/S0-a3/observatory-founders-104/events.jsonl,62123,8cf1b75e6291f07e3c911416117cb23a30536e576d3a639bda070b0264540ba8,every JSONL record parsed; safe aggregate analysis and trace reconciliation,,2026-10-04T02:30:09.871374+00:00
swarm-of-theseus/results/S0-a3/observatory-founders-104/final_frame.png,50157,4e80c422c4b8768956f7dc8f25d166795effe2feecd81a40f09cee5174a5d9a4,binary signature/dimensions/hash only; not visually inspected,,2026-10-04T02:30:09.871374+00:00
swarm-of-theseus/results/S0-a3/observatory-founders-104/history.json,2986,aaf3609128ec12d0ce956029906589b9692dba0f455c77c44de7359982fe2712,full JSON parse; schema/semantic cross-checks by artifact family,,2026-10-04T02:30:09.871374+00:00
swarm-of-theseus/results/S0-a3/observatory-founders-104/outcome.json,3744,aeda0405a168722c9078615dc8663ea0455ba13267ed379a9f9561be4726dd28,full JSON parse; schema/semantic cross-checks by artifact family,,2026-10-04T02:30:09.871374+00:00
swarm-of-theseus/results/S0-a3/observatory-founders-104/public-plan-receipt.json,1142,8f904ce74ef690efd086b8d6caa8ec10df884ac3e56ad51e05156f473a9ed112,full JSON parse; schema/semantic cross-checks by artifact family,,2026-10-04T02:30:09.871374+00:00
swarm-of-theseus/results/S0-a3/observatory-founders-104/replay.html,4726,4309200cc4014c161d061f6bb673a4bd6dc52aea714bd621c3e1c051c97af620,HTML decoded; replay program reviewed by template; every embedded JSON dataset parsed,,2026-10-04T02:30:09.871374+00:00
swarm-of-theseus/results/S0-a3/observatory-founders-105/events.jsonl,62917,d73b531631086d03de317ba240ad4c1d29037cd057ed26b550661a17edea720b,every JSONL record parsed; safe aggregate analysis and trace reconciliation,,2026-10-04T02:30:09.871374+00:00
swarm-of-theseus/results/S0-a3/observatory-founders-105/final_frame.png,47791,47ba6ac8da5fb3a267ef5e81a8739b03ba702e1525b9d73c33b3e6b717b38f00,binary signature/dimensions/hash only; not visually inspected,,2026-10-04T02:30:09.871374+00:00
swarm-of-theseus/results/S0-a3/observatory-founders-105/history.json,2971,becd8b29c5f03670988aff5afe17dc551793d6dca87e58d2556096aa402719c7,full JSON parse; schema/semantic cross-checks by artifact family,,2026-10-04T02:30:09.871374+00:00
swarm-of-theseus/results/S0-a3/observatory-founders-105/outcome.json,3718,2643068f2c2fc47919a50fad188114e9b8ee1fc458c5aab6ac7dfa112663ee10,full JSON parse; schema/semantic cross-checks by artifact family,,2026-10-04T02:30:09.871374+00:00
swarm-of-theseus/results/S0-a3/observatory-founders-105/public-plan-receipt.json,1142,8f904ce74ef690efd086b8d6caa8ec10df884ac3e56ad51e05156f473a9ed112,full JSON parse; schema/semantic cross-checks by artifact family,,2026-10-04T02:30:09.871374+00:00
swarm-of-theseus/results/S0-a3/observatory-founders-105/replay.html,4700,dd1d88c045bfba01179435d699ee5f9189a613eff91dba8a5a0ce794a30fb268,HTML decoded; replay program reviewed by template; every embedded JSON dataset parsed,,2026-10-04T02:30:09.871374+00:00
swarm-of-theseus/results/S0-a3/observatory-verbatim-104/events.jsonl,64523,7326d455c7c9053f270bc1aa663c2662926d1c79335a6c8e1c180bc76f662e84,every JSONL record parsed; safe aggregate analysis and trace reconciliation,,2026-10-04T02:30:09.871374+00:00
swarm-of-theseus/results/S0-a3/observatory-verbatim-104/final_frame.png,52951,de536d897452953c41b9f020aa80f28c749ab4f1f685a7acc4843815400b0184,binary signature/dimensions/hash only; not visually inspected,,2026-10-04T02:30:09.871374+00:00
swarm-of-theseus/results/S0-a3/observatory-verbatim-104/history.json,2968,6486fc6ff2f1a4256e531cd84277713108a4911e31dbeafa0401ebff2010e6e3,full JSON parse; schema/semantic cross-checks by artifact family,,2026-10-04T02:30:09.871374+00:00
swarm-of-theseus/results/S0-a3/observatory-verbatim-104/outcome.json,4532,52d58c8f3a9823fc6effb94f16e8f8c61087df38836325326bd7d593c4cc1ac2,full JSON parse; schema/semantic cross-checks by artifact family,,2026-10-04T02:30:09.871374+00:00
swarm-of-theseus/results/S0-a3/observatory-verbatim-104/public-plan-receipt.json,1142,f4eac4e9a30b1af0557f2bdfbd7a6372efd4a5072b2709fabf56e516423a62eb,full JSON parse; schema/semantic cross-checks by artifact family,,2026-10-04T02:30:09.871374+00:00
swarm-of-theseus/results/S0-a3/observatory-verbatim-104/replay.html,5336,8b5d013e8ac56b820f9ab465fcd788b91800702557f5b040e7eb26311bb1c962,HTML decoded; replay program reviewed by template; every embedded JSON dataset parsed,,2026-10-04T02:30:09.871374+00:00
swarm-of-theseus/results/S0-a3/observatory-verbatim-105/events.jsonl,64402,486dd53c2e6a4c28ee4a6d16e75d28a7a2bd1e07f9e09ba452a65e2d0e53ee28,every JSONL record parsed; safe aggregate analysis and trace reconciliation,,2026-10-04T02:30:09.871374+00:00
swarm-of-theseus/results/S0-a3/observatory-verbatim-105/final_frame.png,51913,ba745ec26b1b07c6ff38b54b6c27634bb13aec7f5febe80dec5a0e22a053eb7b,binary signature/dimensions/hash only; not visually inspected,,2026-10-04T02:30:09.871374+00:00
swarm-of-theseus/results/S0-a3/observatory-verbatim-105/history.json,2942,28bbba61caa6ac26b7eff1db3c14324f9a714c32a66cc35cbe879479f77037d4,full JSON parse; schema/semantic cross-checks by artifact family,,2026-10-04T02:30:09.871374+00:00
swarm-of-theseus/results/S0-a3/observatory-verbatim-105/outcome.json,4505,9cd4b8f0b88acc819e44836fd6d7c9f32e17d9e524f1669dba7c3c56419be337,full JSON parse; schema/semantic cross-checks by artifact family,,2026-10-04T02:30:09.871374+00:00
swarm-of-theseus/results/S0-a3/observatory-verbatim-105/public-plan-receipt.json,1142,f4eac4e9a30b1af0557f2bdfbd7a6372efd4a5072b2709fabf56e516423a62eb,full JSON parse; schema/semantic cross-checks by artifact family,,2026-10-04T02:30:09.871374+00:00
swarm-of-theseus/results/S0-a3/observatory-verbatim-105/replay.html,5309,4ca4221907a137da57507f4e0ae7907210adeda32ae90414726a3e56828f72a0,HTML decoded; replay program reviewed by template; every embedded JSON dataset parsed,,2026-10-04T02:30:09.871374+00:00
swarm-of-theseus/results/S0-a3/repair-dock-founders-104/events.jsonl,51183,7c2704ad3e7ec86564e298e371f1eaf4b51ba67a9402992e820adb105c58551e,every JSONL record parsed; safe aggregate analysis and trace reconciliation,,2026-10-04T02:30:09.871374+00:00
swarm-of-theseus/results/S0-a3/repair-dock-founders-104/final_frame.png,46168,8d815132bca8a65dbd1e366a50d409944bc80c4d9e6c5a03abf7869e55d304bb,binary signature/dimensions/hash only; not visually inspected,,2026-10-04T02:30:09.871374+00:00
swarm-of-theseus/results/S0-a3/repair-dock-founders-104/history.json,2922,42bbd0caf7cdc781ca176797008549bfc56f75f6bf64b3cf2e8df518a8c53c44,full JSON parse; schema/semantic cross-checks by artifact family,,2026-10-04T02:30:09.871374+00:00
swarm-of-theseus/results/S0-a3/repair-dock-founders-104/outcome.json,3679,0daf1542b3e83e0f581ede8ccfaa926619650d729e142ee4dcdfa163953f5b10,full JSON parse; schema/semantic cross-checks by artifact family,,2026-10-04T02:30:09.871374+00:00
swarm-of-theseus/results/S0-a3/repair-dock-founders-104/public-plan-receipt.json,1142,7fdfe3b714e7417e984bfcd238fef40ba7857653f9fd1eac91d6f5867ddd4b0f,full JSON parse; schema/semantic cross-checks by artifact family,,2026-10-04T02:30:09.871374+00:00
swarm-of-theseus/results/S0-a3/repair-dock-founders-104/replay.html,4661,3065580a9fb96204e0fd96df4778f29832734ec284f2a5c4caa273e385be866c,HTML decoded; replay program reviewed by template; every embedded JSON dataset parsed,,2026-10-04T02:30:09.871374+00:00
swarm-of-theseus/results/S0-a3/repair-dock-founders-105/events.jsonl,51651,e3e5cc19d207708352312436be67be3e18d53e9e0809a79ce2752f9f29c5eaca,every JSONL record parsed; safe aggregate analysis and trace reconciliation,,2026-10-04T02:30:09.871374+00:00
swarm-of-theseus/results/S0-a3/repair-dock-founders-105/final_frame.png,46544,4bd56960a4b91944f52da459cc67a15b8107d5cc249f6c2e65fb949a82387ad7,binary signature/dimensions/hash only; not visually inspected,,2026-10-04T02:30:09.871374+00:00
swarm-of-theseus/results/S0-a3/repair-dock-founders-105/history.json,2983,a1cad025eb28fa38f41ac33266a84312125c8c9542953b4cc2edcc19d14e6845,full JSON parse; schema/semantic cross-checks by artifact family,,2026-10-04T02:30:09.871374+00:00
swarm-of-theseus/results/S0-a3/repair-dock-founders-105/outcome.json,3755,6cffb90122f28b3fe6477d7f04fd95f86cc5af94de532796ddd6a466d0bd570f,full JSON parse; schema/semantic cross-checks by artifact family,,2026-10-04T02:30:09.871374+00:00
swarm-of-theseus/results/S0-a3/repair-dock-founders-105/public-plan-receipt.json,1142,7fdfe3b714e7417e984bfcd238fef40ba7857653f9fd1eac91d6f5867ddd4b0f,full JSON parse; schema/semantic cross-checks by artifact family,,2026-10-04T02:30:09.871374+00:00
swarm-of-theseus/results/S0-a3/repair-dock-founders-105/replay.html,4737,b4372deadda7e10a85b8c5630b89757013aea2c0a3f472b78aaff619d14603bb,HTML decoded; replay program reviewed by template; every embedded JSON dataset parsed,,2026-10-04T02:30:09.871374+00:00
swarm-of-theseus/results/S0-a3/repair-dock-verbatim-104/events.jsonl,53494,0a74622da5d4edb5e8d78d03669e6cd7c446545f1a4cd7c5092cbd3863013df3,every JSONL record parsed; safe aggregate analysis and trace reconciliation,,2026-10-04T02:30:09.871374+00:00
swarm-of-theseus/results/S0-a3/repair-dock-verbatim-104/final_frame.png,49320,e32bd1d2c1d4b0f1ff6b0f63723d94a8821d406b68e428e74f8cf8dd5778ae97,binary signature/dimensions/hash only; not visually inspected,,2026-10-04T02:30:09.871374+00:00
swarm-of-theseus/results/S0-a3/repair-dock-verbatim-104/history.json,2904,a6a04182dc6c5f242ed94298f352a4dc70cbfd77b4855e5bcedf26cabeb0b647,full JSON parse; schema/semantic cross-checks by artifact family,,2026-10-04T02:30:09.871374+00:00
swarm-of-theseus/results/S0-a3/repair-dock-verbatim-104/outcome.json,4456,8b95b821991b4ad0ea81f4ee4ba3ffcae1bc9bc5c49f2e9211743f476c5de14f,full JSON parse; schema/semantic cross-checks by artifact family,,2026-10-04T02:30:09.871374+00:00
swarm-of-theseus/results/S0-a3/repair-dock-verbatim-104/public-plan-receipt.json,1142,916504783606d11c0d7ac23404c33318e3cbb8636fdfac53d936d31d8cea1008,full JSON parse; schema/semantic cross-checks by artifact family,,2026-10-04T02:30:09.871374+00:00
swarm-of-theseus/results/S0-a3/repair-dock-verbatim-104/replay.html,5260,f52c819d795055672b61807172c795038273befb5e9b157673e1496302105f33,HTML decoded; replay program reviewed by template; every embedded JSON dataset parsed,,2026-10-04T02:30:09.871374+00:00
swarm-of-theseus/results/S0-a3/repair-dock-verbatim-105/events.jsonl,53686,fa58ad647b753bfd9f27d2116cf6b102834550313fc31e4d6c7b04e0f75e8485,every JSONL record parsed; safe aggregate analysis and trace reconciliation,,2026-10-04T02:30:09.871374+00:00
swarm-of-theseus/results/S0-a3/repair-dock-verbatim-105/final_frame.png,49405,6eea9e1fee57bfc2c6aca67397145bd2d9dae5c01edf87130e519facf4b60416,binary signature/dimensions/hash only; not visually inspected,,2026-10-04T02:30:09.871374+00:00
swarm-of-theseus/results/S0-a3/repair-dock-verbatim-105/history.json,2904,08d00b6061bf7b5991051457d26327e5d1d037aca114cc9f319bd64560d6fa42,full JSON parse; schema/semantic cross-checks by artifact family,,2026-10-04T02:30:09.871374+00:00
swarm-of-theseus/results/S0-a3/repair-dock-verbatim-105/outcome.json,4466,fe1457db52d3eb624b1a19e5b98d35eacd7cfd163f8492f06c4cc6eff87834f9,full JSON parse; schema/semantic cross-checks by artifact family,,2026-10-04T02:30:09.871374+00:00
swarm-of-theseus/results/S0-a3/repair-dock-verbatim-105/public-plan-receipt.json,1142,916504783606d11c0d7ac23404c33318e3cbb8636fdfac53d936d31d8cea1008,full JSON parse; schema/semantic cross-checks by artifact family,,2026-10-04T02:30:09.871374+00:00
swarm-of-theseus/results/S0-a3/repair-dock-verbatim-105/replay.html,5270,71e46e25dbd133e75a4c38eda4f7229b0c57ce4877b37c9b019ac9dd45835dc6,HTML decoded; replay program reviewed by template; every embedded JSON dataset parsed,,2026-10-04T02:30:09.871374+00:00
swarm-of-theseus/results/S0-a3/replay.html,35205,014221f9a6f287da2a901f3fdd78796e9a766ebbaabaa0ede191d1db5312d8f7,HTML decoded; replay program reviewed by template; every embedded JSON dataset parsed,,2026-10-04T02:30:09.871374+00:00
swarm-of-theseus/results/S0-a3/rows.json,54187,37b36f498db4acd0a202f2bfab03e1428df0c2cb0489aec4639acb0ad173e845,full JSON parse; schema/semantic cross-checks by artifact family,,2026-10-04T02:30:09.871374+00:00
swarm-of-theseus/results/S0-a3/seed-bank-founders-104/events.jsonl,49659,29b98c464c2618804b4473c739679ee4bce67e35ca6a5cb863da1f7c93cffac1,every JSONL record parsed; safe aggregate analysis and trace reconciliation,,2026-10-04T02:30:09.871374+00:00
swarm-of-theseus/results/S0-a3/seed-bank-founders-104/final_frame.png,44594,b65cc23dcf0c90bb562bc208e34b7ef4cb1723b3c84152b0cc0b13b58995d6c4,binary signature/dimensions/hash only; not visually inspected,,2026-10-04T02:30:09.871374+00:00
swarm-of-theseus/results/S0-a3/seed-bank-founders-104/history.json,2912,3397104d2c28be41474506988ab0128a6e1bf36b4f4faf47843c53902575dd27,full JSON parse; schema/semantic cross-checks by artifact family,,2026-10-04T02:30:09.871374+00:00
swarm-of-theseus/results/S0-a3/seed-bank-founders-104/outcome.json,3655,47b41b9c1445ee23366982057855eaee227ce3e2b050965edc6a88cf68924965,full JSON parse; schema/semantic cross-checks by artifact family,,2026-10-04T02:30:09.871374+00:00
swarm-of-theseus/results/S0-a3/seed-bank-founders-104/public-plan-receipt.json,1140,ab87d805548e145dcc992600fb82f79f0b95b878ee4d53da0be85ebb2f327a36,full JSON parse; schema/semantic cross-checks by artifact family,,2026-10-04T02:30:09.871374+00:00
swarm-of-theseus/results/S0-a3/seed-bank-founders-104/replay.html,4637,fe91e0236e1b16aa121f40b74619d6af5dd174008f690cfcfbf8f89d6dec38c3,HTML decoded; replay program reviewed by template; every embedded JSON dataset parsed,,2026-10-04T02:30:09.871374+00:00
swarm-of-theseus/results/S0-a3/seed-bank-founders-105/events.jsonl,49399,439cec8fdfcdcffa99e38a6f96e4c5048a5dc20a9d2183cc515e250013d86e93,every JSONL record parsed; safe aggregate analysis and trace reconciliation,,2026-10-04T02:30:09.871374+00:00
swarm-of-theseus/results/S0-a3/seed-bank-founders-105/final_frame.png,45729,e0746b92e36e402a3b1735074a323ce98746d5556ef10fca8cd852ce13358c38,binary signature/dimensions/hash only; not visually inspected,,2026-10-04T02:30:09.871374+00:00
swarm-of-theseus/results/S0-a3/seed-bank-founders-105/history.json,2912,a2ba2a113d7f305996a7f24612e2ad7b1e0d0b599eaa9d91b1dd9286e8b03175,full JSON parse; schema/semantic cross-checks by artifact family,,2026-10-04T02:30:09.871374+00:00
swarm-of-theseus/results/S0-a3/seed-bank-founders-105/outcome.json,3666,40107e889bf53fa3e29c1f99dc2b4f19276e969d40bab0720860371f0e043dc7,full JSON parse; schema/semantic cross-checks by artifact family,,2026-10-04T02:30:09.871374+00:00
swarm-of-theseus/results/S0-a3/seed-bank-founders-105/public-plan-receipt.json,1140,ab87d805548e145dcc992600fb82f79f0b95b878ee4d53da0be85ebb2f327a36,full JSON parse; schema/semantic cross-checks by artifact family,,2026-10-04T02:30:09.871374+00:00
swarm-of-theseus/results/S0-a3/seed-bank-founders-105/replay.html,4648,7181f886b6d651a8ae759cdbee840b88a3bf4b1305de8a41cdd9fc5b96a7116f,HTML decoded; replay program reviewed by template; every embedded JSON dataset parsed,,2026-10-04T02:30:09.871374+00:00
swarm-of-theseus/results/S0-a3/seed-bank-verbatim-104/events.jsonl,52615,463107f541c5cf652b891b091485e63b1728d452697cce366b58dba1f631371a,every JSONL record parsed; safe aggregate analysis and trace reconciliation,,2026-10-04T02:30:09.871374+00:00
swarm-of-theseus/results/S0-a3/seed-bank-verbatim-104/final_frame.png,48848,720eb267c0aa402c129517bbb823f15ccee5c94454c325fda483840ea3d2aa8e,binary signature/dimensions/hash only; not visually inspected,,2026-10-04T02:30:09.871374+00:00
swarm-of-theseus/results/S0-a3/seed-bank-verbatim-104/history.json,2894,128d9aa239b0660e11e462ff8ed90816a843b296909189808f099c63cb3d8fa2,full JSON parse; schema/semantic cross-checks by artifact family,,2026-10-04T02:30:09.871374+00:00
swarm-of-theseus/results/S0-a3/seed-bank-verbatim-104/outcome.json,4455,96eecb81dd3d5024b491d8705a916c74d080c441f6cb4ee7a9536d2075f46e37,full JSON parse; schema/semantic cross-checks by artifact family,,2026-10-04T02:30:09.871374+00:00
swarm-of-theseus/results/S0-a3/seed-bank-verbatim-104/public-plan-receipt.json,1140,c94b6d59e6e2dbaf09d6871bd7b74f397790949d8dd8fc8d0c7f79c8c40ab09c,full JSON parse; schema/semantic cross-checks by artifact family,,2026-10-04T02:30:09.871374+00:00
swarm-of-theseus/results/S0-a3/seed-bank-verbatim-104/replay.html,5259,4bc323da7b0ede7fc8f29ffab8ae13eaf92a3f6976c5ed847b46ddaf970943d0,HTML decoded; replay program reviewed by template; every embedded JSON dataset parsed,,2026-10-04T02:30:09.871374+00:00
swarm-of-theseus/results/S0-a3/seed-bank-verbatim-105/events.jsonl,52798,505412319aced4ab09f73e75f33022c0db27b9b73ed9eac6dfb838da97a44298,every JSONL record parsed; safe aggregate analysis and trace reconciliation,,2026-10-04T02:30:09.871374+00:00
swarm-of-theseus/results/S0-a3/seed-bank-verbatim-105/final_frame.png,48929,e8b6d60b1f94e0259d62fc13594000b8881fe5a79e8628c342158a8ddfea3502,binary signature/dimensions/hash only; not visually inspected,,2026-10-04T02:30:09.871374+00:00
swarm-of-theseus/results/S0-a3/seed-bank-verbatim-105/history.json,2894,d103df44897cdf1c916ab44c993119960a85cbdf58dfe3d496a644e31f2a7937,full JSON parse; schema/semantic cross-checks by artifact family,,2026-10-04T02:30:09.871374+00:00
swarm-of-theseus/results/S0-a3/seed-bank-verbatim-105/outcome.json,4454,a38bfaa02f7c974fd46f5da0197946ffc7de50907ef251900497e746b8e614b2,full JSON parse; schema/semantic cross-checks by artifact family,,2026-10-04T02:30:09.871374+00:00
swarm-of-theseus/results/S0-a3/seed-bank-verbatim-105/public-plan-receipt.json,1140,c94b6d59e6e2dbaf09d6871bd7b74f397790949d8dd8fc8d0c7f79c8c40ab09c,full JSON parse; schema/semantic cross-checks by artifact family,,2026-10-04T02:30:09.871374+00:00
swarm-of-theseus/results/S0-a3/seed-bank-verbatim-105/replay.html,5258,461b9ce45b298ab7f3afe32272a097f7fdd535debc0aeb975730c70e37a43ebe,HTML decoded; replay program reviewed by template; every embedded JSON dataset parsed,,2026-10-04T02:30:09.871374+00:00
swarm-of-theseus/results/S0-a3/summary.json,1149,aec58b7f1a2b15e7ea38a9c9ec5f1e944013a9090ab723f9745b47d0939dbba5,full JSON parse; schema/semantic cross-checks by artifact family,,2026-10-04T02:30:09.871374+00:00
swarm-of-theseus/results/S0-a3/summary.png,66890,fc3cd8a9aaa8c17879e04afdb4b1bd49862f9c1a8b4cc8cec02c2def2f5bd986,binary signature/dimensions/hash only; not visually inspected,,2026-10-04T02:30:09.871374+00:00
swarm-of-theseus/results/S0-a4/audit.json,87,bcc41230c4a981398f9b53d9dd282b3c5f8ee0785245deec1e5ee5905431c0e2,full JSON parse; schema/semantic cross-checks by artifact family,,2026-10-04T02:30:09.871374+00:00
swarm-of-theseus/results/S0-a4/manifest.json,3196,3ae43134d9bee517883b10052d3a54d429eeeaaf26a83a671a8a746d204554fe,full JSON parse; schema/semantic cross-checks by artifact family,,2026-10-04T02:30:09.871374+00:00
swarm-of-theseus/results/S0-a4/observatory-founders-106/events.jsonl,72224,3cb19351122179a8269b90c91a687d78ef57bf5ca982027653fa94d93a1f7c93,every JSONL record parsed; safe aggregate analysis and trace reconciliation,,2026-10-04T02:30:09.871374+00:00
swarm-of-theseus/results/S0-a4/observatory-founders-106/final_frame.png,48747,40406064b36c68331a1e1ae395e8e1e3599294b033229ff945cc7c9db3e266cd,binary signature/dimensions/hash only; not visually inspected,,2026-10-04T02:30:09.871374+00:00
swarm-of-theseus/results/S0-a4/observatory-founders-106/history.json,2945,63cb0870f2f90827b71b32b8f12b924cbb1e90dfd22e81074e11742d45f2c95c,full JSON parse; schema/semantic cross-checks by artifact family,,2026-10-04T02:30:09.871374+00:00
swarm-of-theseus/results/S0-a4/observatory-founders-106/outcome.json,3703,9af279d1b8a1fda04cb791dc0390bf3d1d270d4b19d1dd99aa4001f635c9327c,full JSON parse; schema/semantic cross-checks by artifact family,,2026-10-04T02:30:09.871374+00:00
swarm-of-theseus/results/S0-a4/observatory-founders-106/public-plan-receipt.json,1142,92b7fbdb2c94f3fd81f596f12b3c92a4ef94db323c0721b93bfeb353f2b485d0,full JSON parse; schema/semantic cross-checks by artifact family,,2026-10-04T02:30:09.871374+00:00
swarm-of-theseus/results/S0-a4/observatory-founders-106/replay.html,4685,78cd6fabd0ce931c55d603e144e4d15b8b59ec971adaebc6a86f45b68552718c,HTML decoded; replay program reviewed by template; every embedded JSON dataset parsed,,2026-10-04T02:30:09.871374+00:00
swarm-of-theseus/results/S0-a4/observatory-founders-107/events.jsonl,72817,86bf9e6a84d1d286002882985d7b7e01896484eecf5c2672bc13cb7cabbcbb45,every JSONL record parsed; safe aggregate analysis and trace reconciliation,,2026-10-04T02:30:09.871374+00:00
swarm-of-theseus/results/S0-a4/observatory-founders-107/final_frame.png,47179,ac433ddba8a175fd74950c5d33ec0246ba94a3b524227895b41e285a8a753d81,binary signature/dimensions/hash only; not visually inspected,,2026-10-04T02:30:09.871374+00:00
swarm-of-theseus/results/S0-a4/observatory-founders-107/history.json,2956,cff834dd7d19c5cfcbd7147762f7766f3143dee7786262f6c8d84d5da4dacaff,full JSON parse; schema/semantic cross-checks by artifact family,,2026-10-04T02:30:09.871374+00:00
swarm-of-theseus/results/S0-a4/observatory-founders-107/outcome.json,3712,469c792ba02d82fcd8dedde8327afffaacb53288c3bb1b9f0bf47db4ef8e4ba8,full JSON parse; schema/semantic cross-checks by artifact family,,2026-10-04T02:30:09.871374+00:00
swarm-of-theseus/results/S0-a4/observatory-founders-107/public-plan-receipt.json,1142,92b7fbdb2c94f3fd81f596f12b3c92a4ef94db323c0721b93bfeb353f2b485d0,full JSON parse; schema/semantic cross-checks by artifact family,,2026-10-04T02:30:09.871374+00:00
swarm-of-theseus/results/S0-a4/observatory-founders-107/replay.html,4694,8f75ac33ebdcf9d2e3b7c84651a0498cbd1ddaf0b32e341242fef8b7922138fd,HTML decoded; replay program reviewed by template; every embedded JSON dataset parsed,,2026-10-04T02:30:09.871374+00:00
swarm-of-theseus/results/S0-a4/observatory-verbatim-106/events.jsonl,73645,4ffed7eadb8b642e923eef8ee23f04d1707dab1d6434a0a5084aab3fb8adf75c,every JSONL record parsed; safe aggregate analysis and trace reconciliation,,2026-10-04T02:30:09.871374+00:00
swarm-of-theseus/results/S0-a4/observatory-verbatim-106/final_frame.png,51511,98628c080fe53d5e2d019d179923791fccef85ba025169b3f5ff2fea688326e8,binary signature/dimensions/hash only; not visually inspected,,2026-10-04T02:30:09.871374+00:00
swarm-of-theseus/results/S0-a4/observatory-verbatim-106/history.json,2910,16cad85159604823367b0bbfc8721b2c395e0ca52dfc333f589aeb0dd0a2d8d0,full JSON parse; schema/semantic cross-checks by artifact family,,2026-10-04T02:30:09.871374+00:00
swarm-of-theseus/results/S0-a4/observatory-verbatim-106/outcome.json,4472,0ac186d47025853eacc98b1b3d16c2f98b4b43104e6e720b58482e611a94488e,full JSON parse; schema/semantic cross-checks by artifact family,,2026-10-04T02:30:09.871374+00:00
swarm-of-theseus/results/S0-a4/observatory-verbatim-106/public-plan-receipt.json,1142,25413e40bb2315c28482d32e6f558d46aafe39e6c8205b27cd18e111a954beba,full JSON parse; schema/semantic cross-checks by artifact family,,2026-10-04T02:30:09.871374+00:00
swarm-of-theseus/results/S0-a4/observatory-verbatim-106/replay.html,5276,affb786d4efcf36f48021c036ca06cd23bcc9ca14824b83d2a34b2d650b8c10b,HTML decoded; replay program reviewed by template; every embedded JSON dataset parsed,,2026-10-04T02:30:09.871374+00:00
swarm-of-theseus/results/S0-a4/observatory-verbatim-107/events.jsonl,73781,80df16be4315604287e214c1030c37f11b238ba3e1ba18530ff3a1833ba697c4,every JSONL record parsed; safe aggregate analysis and trace reconciliation,,2026-10-04T02:30:09.871374+00:00
swarm-of-theseus/results/S0-a4/observatory-verbatim-107/final_frame.png,49968,6af16a214949eda2adbac4b08224bf66860ca3ae0bd3a1e95741c941cff85d78,binary signature/dimensions/hash only; not visually inspected,,2026-10-04T02:30:09.871374+00:00
swarm-of-theseus/results/S0-a4/observatory-verbatim-107/history.json,2906,cd93a0ae4819a139ef851033b15bc3e72e0a3e9d0a2ae956508f5bfc5684c4af,full JSON parse; schema/semantic cross-checks by artifact family,,2026-10-04T02:30:09.871374+00:00
swarm-of-theseus/results/S0-a4/observatory-verbatim-107/outcome.json,4469,a9585c89c716942798ea60b6c40ae194585b21093bcfa81b339a283e914af300,full JSON parse; schema/semantic cross-checks by artifact family,,2026-10-04T02:30:09.871374+00:00
swarm-of-theseus/results/S0-a4/observatory-verbatim-107/public-plan-receipt.json,1142,25413e40bb2315c28482d32e6f558d46aafe39e6c8205b27cd18e111a954beba,full JSON parse; schema/semantic cross-checks by artifact family,,2026-10-04T02:30:09.871374+00:00
swarm-of-theseus/results/S0-a4/observatory-verbatim-107/replay.html,5273,3344913c96f9d36033715091a15b9ca622b9c31b0eab5ad901d015a45a4f8893,HTML decoded; replay program reviewed by template; every embedded JSON dataset parsed,,2026-10-04T02:30:09.871374+00:00
swarm-of-theseus/results/S0-a4/repair-dock-founders-106/events.jsonl,58751,5ee914418f0928e7ddfbb8b9b8e3acabd17977fa0dde8083bd85a5ab1057fdaa,every JSONL record parsed; safe aggregate analysis and trace reconciliation,,2026-10-04T02:30:09.871374+00:00
swarm-of-theseus/results/S0-a4/repair-dock-founders-106/final_frame.png,48412,a99a6578a804deba60bc953f03314ce1b17f6b8f2013723a3aefe0eb4918747f,binary signature/dimensions/hash only; not visually inspected,,2026-10-04T02:30:09.871374+00:00
swarm-of-theseus/results/S0-a4/repair-dock-founders-106/history.json,2952,b7a6f9eceecad1d07cb61a416c4d989ffeb3326e73bc84e00818a50410c9e843,full JSON parse; schema/semantic cross-checks by artifact family,,2026-10-04T02:30:09.871374+00:00
swarm-of-theseus/results/S0-a4/repair-dock-founders-106/outcome.json,3726,eede07bdb5d50b8605b6255b484375eaa150d85182ae205b482f1b2b766ca04e,full JSON parse; schema/semantic cross-checks by artifact family,,2026-10-04T02:30:09.871374+00:00
swarm-of-theseus/results/S0-a4/repair-dock-founders-106/public-plan-receipt.json,1142,3539f09714ca289a078b268bcf4108019ce40655b90b9e31c2e904a7cb163fb4,full JSON parse; schema/semantic cross-checks by artifact family,,2026-10-04T02:30:09.871374+00:00
swarm-of-theseus/results/S0-a4/repair-dock-founders-106/replay.html,4708,39c766bb5c17f8a65142517b6daececf256447e1e5511677e47d03a81b0f7ba1,HTML decoded; replay program reviewed by template; every embedded JSON dataset parsed,,2026-10-04T02:30:09.871374+00:00
swarm-of-theseus/results/S0-a4/repair-dock-founders-107/events.jsonl,58813,93cec0ced605889dedfebcf536d4242014a855d867eb13dfa00e9223f6550c41,every JSONL record parsed; safe aggregate analysis and trace reconciliation,,2026-10-04T02:30:09.871374+00:00
swarm-of-theseus/results/S0-a4/repair-dock-founders-107/final_frame.png,45956,81e1171e869147c16d44bce844316a22f19b661d450ce0d0b17409c85cb70a75,binary signature/dimensions/hash only; not visually inspected,,2026-10-04T02:30:09.871374+00:00
swarm-of-theseus/results/S0-a4/repair-dock-founders-107/history.json,2937,067eb71996b2f1c76091e925dcb47a50205e602446c69cf095e40b0e11eefe8f,full JSON parse; schema/semantic cross-checks by artifact family,,2026-10-04T02:30:09.871374+00:00
swarm-of-theseus/results/S0-a4/repair-dock-founders-107/outcome.json,3694,8b8045eee78cb1b262ee18984c840519a779a05395df744c88b65a06f9590524,full JSON parse; schema/semantic cross-checks by artifact family,,2026-10-04T02:30:09.871374+00:00
swarm-of-theseus/results/S0-a4/repair-dock-founders-107/public-plan-receipt.json,1142,3539f09714ca289a078b268bcf4108019ce40655b90b9e31c2e904a7cb163fb4,full JSON parse; schema/semantic cross-checks by artifact family,,2026-10-04T02:30:09.871374+00:00
swarm-of-theseus/results/S0-a4/repair-dock-founders-107/replay.html,4676,915f7e4232a9ab8df6c4b92fe9d8ca09e04e0fb266720db8fc53d6b0f789e7f0,HTML decoded; replay program reviewed by template; every embedded JSON dataset parsed,,2026-10-04T02:30:09.871374+00:00
swarm-of-theseus/results/S0-a4/repair-dock-verbatim-106/events.jsonl,60816,2c2629942a7a1f345171f2546e071440ddc55f3939d92bfb99f5b9d49804a3c8,every JSONL record parsed; safe aggregate analysis and trace reconciliation,,2026-10-04T02:30:09.871374+00:00
swarm-of-theseus/results/S0-a4/repair-dock-verbatim-106/final_frame.png,50462,21f9d3bc4a775e6b5c396de5f577dc10fd73ed3cc38fca449eb5ab4589d31ccc,binary signature/dimensions/hash only; not visually inspected,,2026-10-04T02:30:09.871374+00:00
swarm-of-theseus/results/S0-a4/repair-dock-verbatim-106/history.json,2904,819f94a7aae331151a61e4a43f8082f014d083686445acdc647f4f706abd81f1,full JSON parse; schema/semantic cross-checks by artifact family,,2026-10-04T02:30:09.871374+00:00
swarm-of-theseus/results/S0-a4/repair-dock-verbatim-106/outcome.json,4468,c3a571031f6057ee5e074765d6a3a3972ebb252a4fa7fc308397cb5f2cdda9c7,full JSON parse; schema/semantic cross-checks by artifact family,,2026-10-04T02:30:09.871374+00:00
swarm-of-theseus/results/S0-a4/repair-dock-verbatim-106/public-plan-receipt.json,1142,cfd61f747de1718c35f8449882dc6bb63083dcd7a4b70c53f7e61c359128936f,full JSON parse; schema/semantic cross-checks by artifact family,,2026-10-04T02:30:09.871374+00:00
swarm-of-theseus/results/S0-a4/repair-dock-verbatim-106/replay.html,5272,cd67ec5bb30c45f56c5d05ca79ca6f6927dcd9eb35055e84f501be9eb8f06561,HTML decoded; replay program reviewed by template; every embedded JSON dataset parsed,,2026-10-04T02:30:09.871374+00:00
swarm-of-theseus/results/S0-a4/repair-dock-verbatim-107/events.jsonl,60792,5c37c4ed3d849f67417e35065b53f4b637519f5b4c141366559e427fa11561c5,every JSONL record parsed; safe aggregate analysis and trace reconciliation,,2026-10-04T02:30:09.871374+00:00
swarm-of-theseus/results/S0-a4/repair-dock-verbatim-107/final_frame.png,50144,d63c3048d5cc8c734ce2ea10f2e23c8eb94dfe4943f6f7dcd3d0816722ab230d,binary signature/dimensions/hash only; not visually inspected,,2026-10-04T02:30:09.871374+00:00
swarm-of-theseus/results/S0-a4/repair-dock-verbatim-107/history.json,2904,1b55f10283e3735ca802d0ed04b4fed627b7c4b51909535a669fa50442530c75,full JSON parse; schema/semantic cross-checks by artifact family,,2026-10-04T02:30:09.871374+00:00
swarm-of-theseus/results/S0-a4/repair-dock-verbatim-107/outcome.json,4455,e1f738e503bebb502ae6ae6cece0931127be902fa8866c00ea7e11a5512af9b6,full JSON parse; schema/semantic cross-checks by artifact family,,2026-10-04T02:30:09.871374+00:00
swarm-of-theseus/results/S0-a4/repair-dock-verbatim-107/public-plan-receipt.json,1142,cfd61f747de1718c35f8449882dc6bb63083dcd7a4b70c53f7e61c359128936f,full JSON parse; schema/semantic cross-checks by artifact family,,2026-10-04T02:30:09.871374+00:00
swarm-of-theseus/results/S0-a4/repair-dock-verbatim-107/replay.html,5259,e36783ae34752a68b4875b0328a3c8efdb9507f01a8c74f08f0374ffbfbd8232,HTML decoded; replay program reviewed by template; every embedded JSON dataset parsed,,2026-10-04T02:30:09.871374+00:00
swarm-of-theseus/results/S0-a4/replay.html,35046,fc6abc41f1060d5c891e8a012f32987dfd5064c9e474d785eae57be394a109ab,HTML decoded; replay program reviewed by template; every embedded JSON dataset parsed,,2026-10-04T02:30:09.871374+00:00
swarm-of-theseus/results/S0-a4/rows.json,54028,f71779396e016707d5a8087bdd1246c4579182805a66061f30e9f784e5b6de22,full JSON parse; schema/semantic cross-checks by artifact family,,2026-10-04T02:30:09.871374+00:00
swarm-of-theseus/results/S0-a4/seed-bank-founders-106/events.jsonl,56548,bcad48723e6374d4909424377d6ec9acb0b39649946746b2b28f5af80511e45b,every JSONL record parsed; safe aggregate analysis and trace reconciliation,,2026-10-04T02:30:09.871374+00:00
swarm-of-theseus/results/S0-a4/seed-bank-founders-106/final_frame.png,46771,0f60bfdef079cc391b5f0ebb85ff420ec9ac4dde2518f778689a760a8a51eb9c,binary signature/dimensions/hash only; not visually inspected,,2026-10-04T02:30:09.871374+00:00
swarm-of-theseus/results/S0-a4/seed-bank-founders-106/history.json,2912,1071fbce879a1bb11413c6e69b9499c9a3a2a23961b4f69d848e3d4f5a0358d2,full JSON parse; schema/semantic cross-checks by artifact family,,2026-10-04T02:30:09.871374+00:00
swarm-of-theseus/results/S0-a4/seed-bank-founders-106/outcome.json,3666,ca2f60cbbc9fb200bd32df7228f575c09cc380ab48629c112ca11f15ccedf2c1,full JSON parse; schema/semantic cross-checks by artifact family,,2026-10-04T02:30:09.871374+00:00
swarm-of-theseus/results/S0-a4/seed-bank-founders-106/public-plan-receipt.json,1140,d3acc6fbd2d89061c256446f7ead50a1f0e21a8436a9194a707e3d096ff32717,full JSON parse; schema/semantic cross-checks by artifact family,,2026-10-04T02:30:09.871374+00:00
swarm-of-theseus/results/S0-a4/seed-bank-founders-106/replay.html,4648,b11a058430b80fcb47d39694e6e56b5b321b95d9e231dc6800aa721be877cf1d,HTML decoded; replay program reviewed by template; every embedded JSON dataset parsed,,2026-10-04T02:30:09.871374+00:00
swarm-of-theseus/results/S0-a4/seed-bank-founders-107/events.jsonl,57210,792de0d9ba751cf2952b9f28bfa16a68905086b5b2f60367c286f70ada4bb500,every JSONL record parsed; safe aggregate analysis and trace reconciliation,,2026-10-04T02:30:09.871374+00:00
swarm-of-theseus/results/S0-a4/seed-bank-founders-107/final_frame.png,46451,171630de14d2755a98c318e42fc6a8eb8abeb686a60434bbfb251f497fa95d50,binary signature/dimensions/hash only; not visually inspected,,2026-10-04T02:30:09.871374+00:00
swarm-of-theseus/results/S0-a4/seed-bank-founders-107/history.json,2912,93fa6ac9451ba686f6c787e515333ca256a42b44c76c72d9b558a22474220b1b,full JSON parse; schema/semantic cross-checks by artifact family,,2026-10-04T02:30:09.871374+00:00
swarm-of-theseus/results/S0-a4/seed-bank-founders-107/outcome.json,3666,a18deceacc8c5bd6ce9704ad65d569f5b0c21df6c0d9bd6ce25c32c6fb0b677f,full JSON parse; schema/semantic cross-checks by artifact family,,2026-10-04T02:30:09.871374+00:00
swarm-of-theseus/results/S0-a4/seed-bank-founders-107/public-plan-receipt.json,1140,d3acc6fbd2d89061c256446f7ead50a1f0e21a8436a9194a707e3d096ff32717,full JSON parse; schema/semantic cross-checks by artifact family,,2026-10-04T02:30:09.871374+00:00
swarm-of-theseus/results/S0-a4/seed-bank-founders-107/replay.html,4648,6f576983b1f6a00059615cdc291f6eba912f41031d57ec58903a78eea2247017,HTML decoded; replay program reviewed by template; every embedded JSON dataset parsed,,2026-10-04T02:30:09.871374+00:00
swarm-of-theseus/results/S0-a4/seed-bank-verbatim-106/events.jsonl,60213,b3dfd234e1c184a75125796080e0fd1a13140fa8204dbe300cf85d4405191384,every JSONL record parsed; safe aggregate analysis and trace reconciliation,,2026-10-04T02:30:09.871374+00:00
swarm-of-theseus/results/S0-a4/seed-bank-verbatim-106/final_frame.png,49977,24e531dcd289d56b19aca97f59960a6fadc32f4852f0400a8eee2ce206eca466,binary signature/dimensions/hash only; not visually inspected,,2026-10-04T02:30:09.871374+00:00
swarm-of-theseus/results/S0-a4/seed-bank-verbatim-106/history.json,2894,4cee142c8791d9d266697bdebf48f2f85954b165c8ff706aaa3b87bfa29605d0,full JSON parse; schema/semantic cross-checks by artifact family,,2026-10-04T02:30:09.871374+00:00
swarm-of-theseus/results/S0-a4/seed-bank-verbatim-106/outcome.json,4442,6a9bc82a9c19cdf6281115b92faca9840902811137769356576a98eb5c8c556d,full JSON parse; schema/semantic cross-checks by artifact family,,2026-10-04T02:30:09.871374+00:00
swarm-of-theseus/results/S0-a4/seed-bank-verbatim-106/public-plan-receipt.json,1140,b480e9a743e5aacfd38af124fad0e321efd01c764e15b3123e3a723eec31d422,full JSON parse; schema/semantic cross-checks by artifact family,,2026-10-04T02:30:09.871374+00:00
swarm-of-theseus/results/S0-a4/seed-bank-verbatim-106/replay.html,5246,b475ffb7a900dcfbca41677656f6a7a68a4429a84875157639a4f499767584e8,HTML decoded; replay program reviewed by template; every embedded JSON dataset parsed,,2026-10-04T02:30:09.871374+00:00
swarm-of-theseus/results/S0-a4/seed-bank-verbatim-107/events.jsonl,60061,a9d29efedef5c2361ce3d5940a43f7ffca3bfe1cbe5f3ccfe923b1e0faa5d112,every JSONL record parsed; safe aggregate analysis and trace reconciliation,,2026-10-04T02:30:09.871374+00:00
swarm-of-theseus/results/S0-a4/seed-bank-verbatim-107/final_frame.png,49667,cbfea2ff3aaac4d1233cd8784533f11681dd3dc53001643ead6873350e15d5f2,binary signature/dimensions/hash only; not visually inspected,,2026-10-04T02:30:09.871374+00:00
swarm-of-theseus/results/S0-a4/seed-bank-verbatim-107/history.json,2894,d9ebb0858b39c4ec0196edd4909f11cf6bfd90b620a2a2d53f9f975490ad57d1,full JSON parse; schema/semantic cross-checks by artifact family,,2026-10-04T02:30:09.871374+00:00
swarm-of-theseus/results/S0-a4/seed-bank-verbatim-107/outcome.json,4453,3420b47037a11cc9c919da947b4940973096d409ab416aff64d3ac2bfbf6b475,full JSON parse; schema/semantic cross-checks by artifact family,,2026-10-04T02:30:09.871374+00:00
swarm-of-theseus/results/S0-a4/seed-bank-verbatim-107/public-plan-receipt.json,1140,b480e9a743e5aacfd38af124fad0e321efd01c764e15b3123e3a723eec31d422,full JSON parse; schema/semantic cross-checks by artifact family,,2026-10-04T02:30:09.871374+00:00
swarm-of-theseus/results/S0-a4/seed-bank-verbatim-107/replay.html,5257,a74cc488f80e0bead917c31230b8423264358ab310a632ce730560005f86eac1,HTML decoded; replay program reviewed by template; every embedded JSON dataset parsed,,2026-10-04T02:30:09.871374+00:00
swarm-of-theseus/results/S0-a4/summary.json,1147,dad078d3f41d0352949f9f5e0ba66e30449de7edcfd6a6599e2212d4009ed7f0,full JSON parse; schema/semantic cross-checks by artifact family,,2026-10-04T02:30:09.871374+00:00
swarm-of-theseus/results/S1-a1/audit.json,88,2e4902eeab7c490c0b0d42e161c15c514a601f5675748044e391c9d1d2197a23,full JSON parse; schema/semantic cross-checks by artifact family,,2026-10-04T02:30:09.871374+00:00
swarm-of-theseus/results/S1-a1/manifest.json,5635,bc452a324567602da4afbb168aabc0d5161431505b17e7961da2331142b453ad,full JSON parse; schema/semantic cross-checks by artifact family,EP-11,2026-10-04T02:30:09.871374+00:00
swarm-of-theseus/results/S1-a1/observatory-both-200/events.jsonl,75387,56678f814c43cb504330a8f30b8014cacb3ad5f00f4827f28d98f14c0c50b44e,every JSONL record parsed; safe aggregate analysis and trace reconciliation,,2026-10-04T02:30:09.871374+00:00
swarm-of-theseus/results/S1-a1/observatory-both-200/final_frame.png,52143,eebd08cde898d23859c62114d53123b795a6be7fb7181f901d27406da606371c,binary signature/dimensions/hash only; not visually inspected,,2026-10-04T02:30:09.871374+00:00
swarm-of-theseus/results/S1-a1/observatory-both-200/history.json,2915,b0dcd60ca92a67094e2f271b1db04a4f2fe168c61e68db3797fb5ef141de2a2d,full JSON parse; schema/semantic cross-checks by artifact family,,2026-10-04T02:30:09.871374+00:00
swarm-of-theseus/results/S1-a1/observatory-both-200/outcome.json,4737,abeb43808c84636cdca86d0f0e23b74a02b0068dbbfa80e34f45cdbbb97aae7c,full JSON parse; schema/semantic cross-checks by artifact family,,2026-10-04T02:30:09.871374+00:00
swarm-of-theseus/results/S1-a1/observatory-both-200/public-plan-receipt.json,1129,d965bd8f3546289471e8c595ca7c68d774fa8804df65c4e639d3589c39f4a2a5,full JSON parse; schema/semantic cross-checks by artifact family,,2026-10-04T02:30:09.871374+00:00
swarm-of-theseus/results/S1-a1/observatory-both-200/replay.html,5493,619f1ebcb76ef372d502f407347f2a1d319640d7061c9e5f73851b02be44f728,HTML decoded; replay program reviewed by template; every embedded JSON dataset parsed,,2026-10-04T02:30:09.871374+00:00
swarm-of-theseus/results/S1-a1/observatory-both-201/events.jsonl,73814,df7f5e3cc633aea55d2e7abc8706f36a5f4ff836fe44cbc108bf9f1d74e295f4,every JSONL record parsed; safe aggregate analysis and trace reconciliation,,2026-10-04T02:30:09.871374+00:00
swarm-of-theseus/results/S1-a1/observatory-both-201/final_frame.png,53586,be4a6f2e78d9ec84c9aecbd8ec1393b7801c25af8af8d1da26410af167198c6b,binary signature/dimensions/hash only; not visually inspected,,2026-10-04T02:30:09.871374+00:00
swarm-of-theseus/results/S1-a1/observatory-both-201/history.json,2913,c7b23831e34d7f1d62712a02134a55664a977dd1e9d0b0bfd9700edd31e5e960,full JSON parse; schema/semantic cross-checks by artifact family,,2026-10-04T02:30:09.871374+00:00
swarm-of-theseus/results/S1-a1/observatory-both-201/outcome.json,4735,e33802b134aef460e4d479d9ea733fb35251b5afd414fbecfbc3c0ab7fcd68f5,full JSON parse; schema/semantic cross-checks by artifact family,,2026-10-04T02:30:09.871374+00:00
swarm-of-theseus/results/S1-a1/observatory-both-201/public-plan-receipt.json,1129,d965bd8f3546289471e8c595ca7c68d774fa8804df65c4e639d3589c39f4a2a5,full JSON parse; schema/semantic cross-checks by artifact family,,2026-10-04T02:30:09.871374+00:00
swarm-of-theseus/results/S1-a1/observatory-both-201/replay.html,5491,42bebfeac622d1b8a4312cf59df0970bbf1e2370f3a267086ebfa7825abef7eb,HTML decoded; replay program reviewed by template; every embedded JSON dataset parsed,,2026-10-04T02:30:09.871374+00:00
swarm-of-theseus/results/S1-a1/observatory-founders-200/events.jsonl,72023,c62fa8ac2a6d8b3abd5212fa9c3570d9cca1a6bc6824d02e651b669891ee1db0,every JSONL record parsed; safe aggregate analysis and trace reconciliation,,2026-10-04T02:30:09.871374+00:00
swarm-of-theseus/results/S1-a1/observatory-founders-200/final_frame.png,48496,f0f8c6a33b4203e05166b7d806268694264d0e720d8ad8591ef572172584df93,binary signature/dimensions/hash only; not visually inspected,,2026-10-04T02:30:09.871374+00:00
swarm-of-theseus/results/S1-a1/observatory-founders-200/history.json,2944,33fc27004d23f67ca81bd6ce5dba4812303a487bd48fb8f8c18c65c7df9b5212,full JSON parse; schema/semantic cross-checks by artifact family,,2026-10-04T02:30:09.871374+00:00
swarm-of-theseus/results/S1-a1/observatory-founders-200/outcome.json,3702,6d7feca4b7a6b7699fbf84d4643af82b659510fd20b9cdc3b11ece14155326d3,full JSON parse; schema/semantic cross-checks by artifact family,,2026-10-04T02:30:09.871374+00:00
swarm-of-theseus/results/S1-a1/observatory-founders-200/public-plan-receipt.json,1133,ecb26189b99ca279383d14d6808dd8ef3be53f12242754731670942065d929b8,full JSON parse; schema/semantic cross-checks by artifact family,,2026-10-04T02:30:09.871374+00:00
swarm-of-theseus/results/S1-a1/observatory-founders-200/replay.html,4684,f3063816e56148dfc14736b530b11d5e9fb03bf05670f1a871cf394e6d7ef027,HTML decoded; replay program reviewed by template; every embedded JSON dataset parsed,,2026-10-04T02:30:09.871374+00:00
swarm-of-theseus/results/S1-a1/observatory-founders-201/events.jsonl,71537,8e0fad25498217597e90a563a96bd2651e467b2f60fc8393ab36009872b21079,every JSONL record parsed; safe aggregate analysis and trace reconciliation,,2026-10-04T02:30:09.871374+00:00
swarm-of-theseus/results/S1-a1/observatory-founders-201/final_frame.png,49950,4825f646e418e575554bed5454105d9671f8050dc755e4426c8f4e023ce1b7d3,binary signature/dimensions/hash only; not visually inspected,,2026-10-04T02:30:09.871374+00:00
swarm-of-theseus/results/S1-a1/observatory-founders-201/history.json,2957,7976f0f3e1c07be118558e57c14418bf383ea92fadc76f7fcd328c6cd33c1ea3,full JSON parse; schema/semantic cross-checks by artifact family,,2026-10-04T02:30:09.871374+00:00
swarm-of-theseus/results/S1-a1/observatory-founders-201/outcome.json,3715,dc1bd1ec11ae1252477ceebae00f91278cc6b3301e405d15b94f9eab3241a0fe,full JSON parse; schema/semantic cross-checks by artifact family,,2026-10-04T02:30:09.871374+00:00
swarm-of-theseus/results/S1-a1/observatory-founders-201/public-plan-receipt.json,1133,ecb26189b99ca279383d14d6808dd8ef3be53f12242754731670942065d929b8,full JSON parse; schema/semantic cross-checks by artifact family,,2026-10-04T02:30:09.871374+00:00
swarm-of-theseus/results/S1-a1/observatory-founders-201/replay.html,4697,41b7fc555659a8cce0a2727d7321bc92d741f8ae9a197ac0ab513706f09fb2ff,HTML decoded; replay program reviewed by template; every embedded JSON dataset parsed,,2026-10-04T02:30:09.871374+00:00
swarm-of-theseus/results/S1-a1/observatory-mentor-200/events.jsonl,72957,aa25fc63391ddd4e23039b509fe1c8271b4bd2811900ded26fe8a4ae1aa44385,every JSONL record parsed; safe aggregate analysis and trace reconciliation,,2026-10-04T02:30:09.871374+00:00
swarm-of-theseus/results/S1-a1/observatory-mentor-200/final_frame.png,52130,a3c19a89bef51dae173880677857f4ee8a7f4c28b5d8046005dd18803e253e5b,binary signature/dimensions/hash only; not visually inspected,,2026-10-04T02:30:09.871374+00:00
swarm-of-theseus/results/S1-a1/observatory-mentor-200/history.json,2913,cad8a6f94c8bdb4aaf6385f75aeab01c9a152485633187c1bf2910e4361e5f6c,full JSON parse; schema/semantic cross-checks by artifact family,,2026-10-04T02:30:09.871374+00:00
swarm-of-theseus/results/S1-a1/observatory-mentor-200/outcome.json,4556,40ffd96818a4b75adefc4938743ed0d972956240dad2a6e99dc3d02291c58eda,full JSON parse; schema/semantic cross-checks by artifact family,,2026-10-04T02:30:09.871374+00:00
swarm-of-theseus/results/S1-a1/observatory-mentor-200/public-plan-receipt.json,1131,0ace23ff1921840679c4f30bcce207b05f97afb701425d21e57b6dd3c9cc3c78,full JSON parse; schema/semantic cross-checks by artifact family,,2026-10-04T02:30:09.871374+00:00
swarm-of-theseus/results/S1-a1/observatory-mentor-200/replay.html,5312,66fadcb1c0e51e516d58c779c3bd1b7c10828df22197158d481b01ffd0739605,HTML decoded; replay program reviewed by template; every embedded JSON dataset parsed,,2026-10-04T02:30:09.871374+00:00
swarm-of-theseus/results/S1-a1/observatory-mentor-201/events.jsonl,72635,b10e3dcd1209d198caee9dfebf440a46618442665db2096156e809cbd114c70b,every JSONL record parsed; safe aggregate analysis and trace reconciliation,,2026-10-04T02:30:09.871374+00:00
swarm-of-theseus/results/S1-a1/observatory-mentor-201/final_frame.png,52326,84bbb2bc75d56be5758ddef7d128a7b8bf4f7d3e13cb42114a61258f636568f3,binary signature/dimensions/hash only; not visually inspected,,2026-10-04T02:30:09.871374+00:00
swarm-of-theseus/results/S1-a1/observatory-mentor-201/history.json,2927,51680e5bf4c65f174b8c7dc9181d145be0f558d775c297d77482fbcf49f94f5d,full JSON parse; schema/semantic cross-checks by artifact family,,2026-10-04T02:30:09.871374+00:00
swarm-of-theseus/results/S1-a1/observatory-mentor-201/outcome.json,4571,a953b2a643239808c53bbe34c05081b4bcb71cb1c23f3ab7e3225127e31620fc,full JSON parse; schema/semantic cross-checks by artifact family,,2026-10-04T02:30:09.871374+00:00
swarm-of-theseus/results/S1-a1/observatory-mentor-201/public-plan-receipt.json,1131,0ace23ff1921840679c4f30bcce207b05f97afb701425d21e57b6dd3c9cc3c78,full JSON parse; schema/semantic cross-checks by artifact family,,2026-10-04T02:30:09.871374+00:00
swarm-of-theseus/results/S1-a1/observatory-mentor-201/replay.html,5327,a6be1002d5049f4209ae5da9590e27b3ebd160ec6da65b3dd7f96904ce2df286,HTML decoded; replay program reviewed by template; every embedded JSON dataset parsed,,2026-10-04T02:30:09.871374+00:00
swarm-of-theseus/results/S1-a1/observatory-neither-200/events.jsonl,74087,fe0e718c90dfc3436513a76c8a2911accfa437b72bcf348e1ad226879c3526db,every JSONL record parsed; safe aggregate analysis and trace reconciliation,,2026-10-04T02:30:09.871374+00:00
swarm-of-theseus/results/S1-a1/observatory-neither-200/final_frame.png,53198,a437b0840551fc1a6a6d4b1f618b677cdcde944f5689da5a42df90dd73961cab,binary signature/dimensions/hash only; not visually inspected,,2026-10-04T02:30:09.871374+00:00
swarm-of-theseus/results/S1-a1/observatory-neither-200/history.json,2961,3330df6c6c5fbc91037fd41d1eec1f7130607ef417ab35495ebced3b842fb502,full JSON parse; schema/semantic cross-checks by artifact family,,2026-10-04T02:30:09.871374+00:00
swarm-of-theseus/results/S1-a1/observatory-neither-200/outcome.json,4522,c5338d493fc7a16594b56b26ca9946e7bf5baa9b13db1c99c9a8a72771ea66ab,full JSON parse; schema/semantic cross-checks by artifact family,,2026-10-04T02:30:09.871374+00:00
swarm-of-theseus/results/S1-a1/observatory-neither-200/public-plan-receipt.json,1132,9f2431d4b59b9bb3bd05f36c81303626b65cec7f932d789e34a0b9ca86a11c5b,full JSON parse; schema/semantic cross-checks by artifact family,,2026-10-04T02:30:09.871374+00:00
swarm-of-theseus/results/S1-a1/observatory-neither-200/replay.html,5326,705c33c9ad6fcf5996b77b95c262c1da5e8998d3a5e451125a41a05395bb5d3f,HTML decoded; replay program reviewed by template; every embedded JSON dataset parsed,,2026-10-04T02:30:09.871374+00:00
swarm-of-theseus/results/S1-a1/observatory-neither-201/events.jsonl,75314,fa0f97591ddbbac020f545aa8510dc9c7b92b93a19faa027676522c278689a5f,every JSONL record parsed; safe aggregate analysis and trace reconciliation,,2026-10-04T02:30:09.871374+00:00
swarm-of-theseus/results/S1-a1/observatory-neither-201/final_frame.png,52352,4d45be487eec4a7c2b0ac247ce9748f6d16ace602a6544689d94e616bad1dfdd,binary signature/dimensions/hash only; not visually inspected,,2026-10-04T02:30:09.871374+00:00
swarm-of-theseus/results/S1-a1/observatory-neither-201/history.json,2975,c7bcbfa2aaf2541966ff8dde578859b4264d273b0d07ebcec03876a8b28f5bcc,full JSON parse; schema/semantic cross-checks by artifact family,,2026-10-04T02:30:09.871374+00:00
swarm-of-theseus/results/S1-a1/observatory-neither-201/outcome.json,4525,a0a3630a720f97c815d26b74f3d4ddc0e73961e9188f63d95b3ec7619403d643,full JSON parse; schema/semantic cross-checks by artifact family,,2026-10-04T02:30:09.871374+00:00
swarm-of-theseus/results/S1-a1/observatory-neither-201/public-plan-receipt.json,1132,9f2431d4b59b9bb3bd05f36c81303626b65cec7f932d789e34a0b9ca86a11c5b,full JSON parse; schema/semantic cross-checks by artifact family,,2026-10-04T02:30:09.871374+00:00
swarm-of-theseus/results/S1-a1/observatory-neither-201/replay.html,5329,8cc51212f10bfb7a537abdb3111a89a205ba754c53ccce0f5d518921fe94fbe8,HTML decoded; replay program reviewed by template; every embedded JSON dataset parsed,,2026-10-04T02:30:09.871374+00:00
swarm-of-theseus/results/S1-a1/observatory-notes-200/events.jsonl,73239,0f9e9d4827b8391d0a0ade5afbf1561927de269fe5232b376a27e7f55f7e7c68,every JSONL record parsed; safe aggregate analysis and trace reconciliation,,2026-10-04T02:30:09.871374+00:00
swarm-of-theseus/results/S1-a1/observatory-notes-200/final_frame.png,52136,fd96c3faa4df658021af3de068414c1b605abff7149e09d3aa78517dfda61ee9,binary signature/dimensions/hash only; not visually inspected,,2026-10-04T02:30:09.871374+00:00
swarm-of-theseus/results/S1-a1/observatory-notes-200/history.json,2892,4a9e9b1912b2446785589736e16cfdda96baf01b6469421412a1de9d7c24835e,full JSON parse; schema/semantic cross-checks by artifact family,,2026-10-04T02:30:09.871374+00:00
swarm-of-theseus/results/S1-a1/observatory-notes-200/outcome.json,4638,9a71a93c875ff2ed99042fcd85afdb6d89d8b520d4754610cfbef8844d3a9100,full JSON parse; schema/semantic cross-checks by artifact family,,2026-10-04T02:30:09.871374+00:00
swarm-of-theseus/results/S1-a1/observatory-notes-200/public-plan-receipt.json,1130,8fc6cb4246baf2151ec8406311f25f53e48e3fab92eede48bc5bef1335842e31,full JSON parse; schema/semantic cross-checks by artifact family,,2026-10-04T02:30:09.871374+00:00
swarm-of-theseus/results/S1-a1/observatory-notes-200/replay.html,5442,2435af8d247bde227b79b92503e7fec4615e5426d4645aa663d17a5e9fcb3f80,HTML decoded; replay program reviewed by template; every embedded JSON dataset parsed,,2026-10-04T02:30:09.871374+00:00
swarm-of-theseus/results/S1-a1/observatory-notes-201/events.jsonl,72692,39e16c0593a8362f7fc24b088a30ffabe8786783d7efeebfdcde79292f68874d,every JSONL record parsed; safe aggregate analysis and trace reconciliation,,2026-10-04T02:30:09.871374+00:00
swarm-of-theseus/results/S1-a1/observatory-notes-201/final_frame.png,53648,1ab00bfa1108b16b7c1a47305fefc014124eed2be57fac1a3bb993fff9d7a784,binary signature/dimensions/hash only; not visually inspected,,2026-10-04T02:30:09.871374+00:00
swarm-of-theseus/results/S1-a1/observatory-notes-201/history.json,2919,521108e057fc01e9ce9fb3c7fa74249ece43f9674ba6076e83bdd4a22fe95833,full JSON parse; schema/semantic cross-checks by artifact family,,2026-10-04T02:30:09.871374+00:00
swarm-of-theseus/results/S1-a1/observatory-notes-201/outcome.json,4665,903abfe1eea0f6bff9c0cb30244a8996b32e6e16ef17cda99bd028302353120b,full JSON parse; schema/semantic cross-checks by artifact family,,2026-10-04T02:30:09.871374+00:00
swarm-of-theseus/results/S1-a1/observatory-notes-201/public-plan-receipt.json,1130,8fc6cb4246baf2151ec8406311f25f53e48e3fab92eede48bc5bef1335842e31,full JSON parse; schema/semantic cross-checks by artifact family,,2026-10-04T02:30:09.871374+00:00
swarm-of-theseus/results/S1-a1/observatory-notes-201/replay.html,5469,0f6e935a3e0b616c65059408ce0a87755e0e5e8018240742c7c841afc015565f,HTML decoded; replay program reviewed by template; every embedded JSON dataset parsed,,2026-10-04T02:30:09.871374+00:00
swarm-of-theseus/results/S1-a1/observatory-verbatim-200/events.jsonl,73592,8b36e3fefaca1f639dc5fcc4794c0d0ee09e060d4d88dfda1215e11c71df3f24,every JSONL record parsed; safe aggregate analysis and trace reconciliation,,2026-10-04T02:30:09.871374+00:00
swarm-of-theseus/results/S1-a1/observatory-verbatim-200/final_frame.png,52650,ec15d74f9948c088ea0d4cd4720e6656c28696361bf90ce5663d35c7b89dd33a,binary signature/dimensions/hash only; not visually inspected,,2026-10-04T02:30:09.871374+00:00
swarm-of-theseus/results/S1-a1/observatory-verbatim-200/history.json,2908,b0591037b232d8af7c66ed81bcd3f778987784fc41bab49f65efcd2561725fc7,full JSON parse; schema/semantic cross-checks by artifact family,,2026-10-04T02:30:09.871374+00:00
swarm-of-theseus/results/S1-a1/observatory-verbatim-200/outcome.json,4473,bd93435825a085c45c6b4e878d3f88f6aaa2945c649295fd005b3bdf090cf944,full JSON parse; schema/semantic cross-checks by artifact family,,2026-10-04T02:30:09.871374+00:00
swarm-of-theseus/results/S1-a1/observatory-verbatim-200/public-plan-receipt.json,1133,bcc85935c6d22611b775e779d41b78d4d80477fd93294a25ed117198c07d4b54,full JSON parse; schema/semantic cross-checks by artifact family,,2026-10-04T02:30:09.871374+00:00
swarm-of-theseus/results/S1-a1/observatory-verbatim-200/replay.html,5277,efe94a9926d57aca773ee80ac77bc1586e7b34592c8b99329acec0b9b8c18b55,HTML decoded; replay program reviewed by template; every embedded JSON dataset parsed,,2026-10-04T02:30:09.871374+00:00
swarm-of-theseus/results/S1-a1/observatory-verbatim-201/events.jsonl,74639,6c72298b2ebc100dabf3de7f68be752c49e483107bdfa69eb3992b6fe6c23bb9,every JSONL record parsed; safe aggregate analysis and trace reconciliation,,2026-10-04T02:30:09.871374+00:00
swarm-of-theseus/results/S1-a1/observatory-verbatim-201/final_frame.png,52719,53219d75fbae604c66407c3afab2f83ea4e10866ce3abc3b042da58e158ef602,binary signature/dimensions/hash only; not visually inspected,,2026-10-04T02:30:09.871374+00:00
swarm-of-theseus/results/S1-a1/observatory-verbatim-201/history.json,2908,f42a5fcdb80ada0eea2acea918c2e5e1b295852e8ca4c0fe47889069676a90ec,full JSON parse; schema/semantic cross-checks by artifact family,,2026-10-04T02:30:09.871374+00:00
swarm-of-theseus/results/S1-a1/observatory-verbatim-201/outcome.json,4472,6b346124f269e4e34b34ec42ed9d49429c87653085438cf9174b72ace336ab00,full JSON parse; schema/semantic cross-checks by artifact family,,2026-10-04T02:30:09.871374+00:00
swarm-of-theseus/results/S1-a1/observatory-verbatim-201/public-plan-receipt.json,1133,bcc85935c6d22611b775e779d41b78d4d80477fd93294a25ed117198c07d4b54,full JSON parse; schema/semantic cross-checks by artifact family,,2026-10-04T02:30:09.871374+00:00
swarm-of-theseus/results/S1-a1/observatory-verbatim-201/replay.html,5276,86af3a10f89200a6471f92e45a1e391b1f5b802c0e734a153634aa3b3f4084b9,HTML decoded; replay program reviewed by template; every embedded JSON dataset parsed,,2026-10-04T02:30:09.871374+00:00
swarm-of-theseus/results/S1-a1/repair-dock-both-200/events.jsonl,59902,b197fa52f84423f075b832c1e59aeb89b91655d609d76d4425edc5b45e728cac,every JSONL record parsed; safe aggregate analysis and trace reconciliation,,2026-10-04T02:30:09.871374+00:00
swarm-of-theseus/results/S1-a1/repair-dock-both-200/final_frame.png,51146,df81398680ec44075f9ed10222377357a86a0001b23834cb6f5c67e5b1be5b2f,binary signature/dimensions/hash only; not visually inspected,,2026-10-04T02:30:09.871374+00:00
swarm-of-theseus/results/S1-a1/repair-dock-both-200/history.json,2940,296f7f8493e4d06cab5c89bf7eff262e4d158762e7ce49da4ce9ed5f0174b68c,full JSON parse; schema/semantic cross-checks by artifact family,,2026-10-04T02:30:09.871374+00:00
swarm-of-theseus/results/S1-a1/repair-dock-both-200/outcome.json,4778,c329530e5cde68f01d5f0c9c455f142574ad4c7a458eb7028c1ff48b135d5d61,full JSON parse; schema/semantic cross-checks by artifact family,,2026-10-04T02:30:09.871374+00:00
swarm-of-theseus/results/S1-a1/repair-dock-both-200/public-plan-receipt.json,1129,e7ce8874c4ccf11eade614532d587384b2a65b46800247d7a17114700ffc646f,full JSON parse; schema/semantic cross-checks by artifact family,,2026-10-04T02:30:09.871374+00:00
swarm-of-theseus/results/S1-a1/repair-dock-both-200/replay.html,5534,c5eccc2ab3db8a25b362adac8715b2071e2127a15574b4aef115af6dc1b1e5b1,HTML decoded; replay program reviewed by template; every embedded JSON dataset parsed,,2026-10-04T02:30:09.871374+00:00
swarm-of-theseus/results/S1-a1/repair-dock-both-201/events.jsonl,59946,79a44771907215522475cacbd5bb4f34a56412ba29d6fc19b06e5763720ef543,every JSONL record parsed; safe aggregate analysis and trace reconciliation,,2026-10-04T02:30:09.871374+00:00
swarm-of-theseus/results/S1-a1/repair-dock-both-201/final_frame.png,49845,5d29f9f11bee9cdabe5dc7e92af4cada9016bc67c38f8887c1c76aa99d527724,binary signature/dimensions/hash only; not visually inspected,,2026-10-04T02:30:09.871374+00:00
swarm-of-theseus/results/S1-a1/repair-dock-both-201/history.json,2880,31c74fefe505893585df5dd79de85620a865ba938bd8efc6ce86e040bf1ad3ae,full JSON parse; schema/semantic cross-checks by artifact family,,2026-10-04T02:30:09.871374+00:00
swarm-of-theseus/results/S1-a1/repair-dock-both-201/outcome.json,4691,13ab3f5b8e63e14f5c1ea983035293c9196d8b9cfca656429ee8e300cd3512a4,full JSON parse; schema/semantic cross-checks by artifact family,,2026-10-04T02:30:09.871374+00:00
swarm-of-theseus/results/S1-a1/repair-dock-both-201/public-plan-receipt.json,1129,e7ce8874c4ccf11eade614532d587384b2a65b46800247d7a17114700ffc646f,full JSON parse; schema/semantic cross-checks by artifact family,,2026-10-04T02:30:09.871374+00:00
swarm-of-theseus/results/S1-a1/repair-dock-both-201/replay.html,5447,1b0de0dd7cf50d7fc3c7b763caf0fee8d67b3e59b05f16cb44382e1a3a46d318,HTML decoded; replay program reviewed by template; every embedded JSON dataset parsed,,2026-10-04T02:30:09.871374+00:00
swarm-of-theseus/results/S1-a1/repair-dock-founders-200/events.jsonl,58391,0a3aa793911cde508f67079ceec7bbe6625492b695e7cd6038193d8ea8285bd3,every JSONL record parsed; safe aggregate analysis and trace reconciliation,,2026-10-04T02:30:09.871374+00:00
swarm-of-theseus/results/S1-a1/repair-dock-founders-200/final_frame.png,48226,41fe5aec62b6a6f7821cc48d8c0622e763193e36fab57aaae78bf6254313455b,binary signature/dimensions/hash only; not visually inspected,,2026-10-04T02:30:09.871374+00:00
swarm-of-theseus/results/S1-a1/repair-dock-founders-200/history.json,2967,7bc685d141150c88639a176cdf0f35b2e1f45e15fffefb536c4300de56619fe7,full JSON parse; schema/semantic cross-checks by artifact family,,2026-10-04T02:30:09.871374+00:00
swarm-of-theseus/results/S1-a1/repair-dock-founders-200/outcome.json,3741,7dd10ecc359ec6073a1190f9f4bff39a35309829b90987ffb4b74a72ab22eeec,full JSON parse; schema/semantic cross-checks by artifact family,,2026-10-04T02:30:09.871374+00:00
swarm-of-theseus/results/S1-a1/repair-dock-founders-200/public-plan-receipt.json,1133,b78970604b68796e70428c61a7a3f032d7532b59726476ed3c85ee2c454585af,full JSON parse; schema/semantic cross-checks by artifact family,,2026-10-04T02:30:09.871374+00:00
swarm-of-theseus/results/S1-a1/repair-dock-founders-200/replay.html,4723,b2f59a895bdc697511af17714dd2c31ce6f3570bb8f3398ce6b44b54b02de436,HTML decoded; replay program reviewed by template; every embedded JSON dataset parsed,,2026-10-04T02:30:09.871374+00:00
swarm-of-theseus/results/S1-a1/repair-dock-founders-201/events.jsonl,58646,94c3884c80bf9880433e92e722cc795fe899f03af48362fdafbb6df32c6a053a,every JSONL record parsed; safe aggregate analysis and trace reconciliation,,2026-10-04T02:30:09.871374+00:00
swarm-of-theseus/results/S1-a1/repair-dock-founders-201/final_frame.png,48828,406fdaa34462824cb8818104465c47be662c6335ae2e6738f3c3891ae9b6fc70,binary signature/dimensions/hash only; not visually inspected,,2026-10-04T02:30:09.871374+00:00
swarm-of-theseus/results/S1-a1/repair-dock-founders-201/history.json,2953,7cbd6548d9f2ecf09ac016991f0b023437db1b50fb196d3a537ca7926d9060fc,full JSON parse; schema/semantic cross-checks by artifact family,,2026-10-04T02:30:09.871374+00:00
swarm-of-theseus/results/S1-a1/repair-dock-founders-201/outcome.json,3701,ced838c23076c0cff9144ae123021a0be2643756b0a8413d1535ba1727bd4dc5,full JSON parse; schema/semantic cross-checks by artifact family,,2026-10-04T02:30:09.871374+00:00
swarm-of-theseus/results/S1-a1/repair-dock-founders-201/public-plan-receipt.json,1133,b78970604b68796e70428c61a7a3f032d7532b59726476ed3c85ee2c454585af,full JSON parse; schema/semantic cross-checks by artifact family,,2026-10-04T02:30:09.871374+00:00
swarm-of-theseus/results/S1-a1/repair-dock-founders-201/replay.html,4683,8c32a5eea42080440997ce68de5b0db5c5eadb5af2b15b4bb69542c7f5f7263b,HTML decoded; replay program reviewed by template; every embedded JSON dataset parsed,,2026-10-04T02:30:09.871374+00:00
swarm-of-theseus/results/S1-a1/repair-dock-mentor-200/events.jsonl,59590,ef599f142fb21b9a9b1ed3ee340b390b0ca7c416116cfcaf3d3816792132792a,every JSONL record parsed; safe aggregate analysis and trace reconciliation,,2026-10-04T02:30:09.871374+00:00
swarm-of-theseus/results/S1-a1/repair-dock-mentor-200/final_frame.png,53250,292323d7ba67a34fb08c3b56957ba6f59494db5b358968933cadf3eb0ecebb3a,binary signature/dimensions/hash only; not visually inspected,,2026-10-04T02:30:09.871374+00:00
swarm-of-theseus/results/S1-a1/repair-dock-mentor-200/history.json,2940,aff841fa7fefbc5e07e6fd2b1cc74d9b6bff33b480dee076db39ca7ca00401c8,full JSON parse; schema/semantic cross-checks by artifact family,,2026-10-04T02:30:09.871374+00:00
swarm-of-theseus/results/S1-a1/repair-dock-mentor-200/outcome.json,4583,1f7a8d60570e98fc7cc1f55d7952b0472efc6c9e574c54710718099b79d523bb,full JSON parse; schema/semantic cross-checks by artifact family,,2026-10-04T02:30:09.871374+00:00
swarm-of-theseus/results/S1-a1/repair-dock-mentor-200/public-plan-receipt.json,1131,2da82cd1a627f24b7aa679d5fd406bea2390e42d1eedb889ae48a5b0b8611651,full JSON parse; schema/semantic cross-checks by artifact family,,2026-10-04T02:30:09.871374+00:00
swarm-of-theseus/results/S1-a1/repair-dock-mentor-200/replay.html,5339,c361de6e2b1322ccf03808e3915ed9ed50599846d8139dc5ec18507e4f6ce08c,HTML decoded; replay program reviewed by template; every embedded JSON dataset parsed,,2026-10-04T02:30:09.871374+00:00
swarm-of-theseus/results/S1-a1/repair-dock-mentor-201/events.jsonl,59672,e356717590dd3e2ffbc5fc5fb7fd0cdd5b18f5d07b76b50bf892d06ae799689b,every JSONL record parsed; safe aggregate analysis and trace reconciliation,,2026-10-04T02:30:09.871374+00:00
swarm-of-theseus/results/S1-a1/repair-dock-mentor-201/final_frame.png,53282,ea38deb8c1817f7b3d9d4eecd8d88de17cc5f4a30a0ff5f5dfc4c47aebde2851,binary signature/dimensions/hash only; not visually inspected,,2026-10-04T02:30:09.871374+00:00
swarm-of-theseus/results/S1-a1/repair-dock-mentor-201/history.json,2938,5ebc1fd23c61ac9ea11aaa2283da08ee6c00a0085c352b5834506feb3a31a7e2,full JSON parse; schema/semantic cross-checks by artifact family,,2026-10-04T02:30:09.871374+00:00
swarm-of-theseus/results/S1-a1/repair-dock-mentor-201/outcome.json,4581,eb87414c1b74dee6ffb49ec2910715dc3b3dd1d7a2d5102b5142049044599cbf,full JSON parse; schema/semantic cross-checks by artifact family,,2026-10-04T02:30:09.871374+00:00
swarm-of-theseus/results/S1-a1/repair-dock-mentor-201/public-plan-receipt.json,1131,2da82cd1a627f24b7aa679d5fd406bea2390e42d1eedb889ae48a5b0b8611651,full JSON parse; schema/semantic cross-checks by artifact family,,2026-10-04T02:30:09.871374+00:00
swarm-of-theseus/results/S1-a1/repair-dock-mentor-201/replay.html,5337,69af652c705f95a362cf20edbfe1c3a4b04e8caf87cc01907e20ae2d7923e819,HTML decoded; replay program reviewed by template; every embedded JSON dataset parsed,,2026-10-04T02:30:09.871374+00:00
swarm-of-theseus/results/S1-a1/repair-dock-neither-200/events.jsonl,58858,e306c0cbaf76fb4c8a2fc84f0d68d0dd39b1f0597504cf28dad5dc89dc4da7d4,every JSONL record parsed; safe aggregate analysis and trace reconciliation,,2026-10-04T02:30:09.871374+00:00
swarm-of-theseus/results/S1-a1/repair-dock-neither-200/final_frame.png,55713,49fef20e7783e21db36176bc710d4635ecae69f57169856c528f12451a606b5c,binary signature/dimensions/hash only; not visually inspected,,2026-10-04T02:30:09.871374+00:00
swarm-of-theseus/results/S1-a1/repair-dock-neither-200/history.json,2977,45ed2f0b8e59225f6970bd59219d7c4f6f8e96f110c4a9b792efc3e9face562d,full JSON parse; schema/semantic cross-checks by artifact family,,2026-10-04T02:30:09.871374+00:00
swarm-of-theseus/results/S1-a1/repair-dock-neither-200/outcome.json,4529,407db633f2ba32b4d0fe0b4702e47568b72092e4f8fe9172c87d3338e9c22f4a,full JSON parse; schema/semantic cross-checks by artifact family,,2026-10-04T02:30:09.871374+00:00
swarm-of-theseus/results/S1-a1/repair-dock-neither-200/public-plan-receipt.json,1132,5017670736a8326d6f7854792755c2362403f467ed8232afb7791cac2890640c,full JSON parse; schema/semantic cross-checks by artifact family,,2026-10-04T02:30:09.871374+00:00
swarm-of-theseus/results/S1-a1/repair-dock-neither-200/replay.html,5333,6b66372d5388ce4b29dd26da981f3176c1e662d7576518f1a3134b99f473c287,HTML decoded; replay program reviewed by template; every embedded JSON dataset parsed,,2026-10-04T02:30:09.871374+00:00
swarm-of-theseus/results/S1-a1/repair-dock-neither-201/events.jsonl,58152,679667f1a013a7a8bea9659738c342c5b713a5739112d8e3240b236c2a72583b,every JSONL record parsed; safe aggregate analysis and trace reconciliation,,2026-10-04T02:30:09.871374+00:00
swarm-of-theseus/results/S1-a1/repair-dock-neither-201/final_frame.png,54763,263db45b67e2c0b7cdd468e2f16670c42b0aba339a6b2e2ef941c2f05b31a7a7,binary signature/dimensions/hash only; not visually inspected,,2026-10-04T02:30:09.871374+00:00
swarm-of-theseus/results/S1-a1/repair-dock-neither-201/history.json,2961,56bf3855a4f5b32e0b7ed87d07fcc3ee6cb1dfd22c991e616c997f35529c9a06,full JSON parse; schema/semantic cross-checks by artifact family,,2026-10-04T02:30:09.871374+00:00
swarm-of-theseus/results/S1-a1/repair-dock-neither-201/outcome.json,4524,691948f01825806b741e6d382033316681acee11fa794ecac0f5e97217a31035,full JSON parse; schema/semantic cross-checks by artifact family,,2026-10-04T02:30:09.871374+00:00
swarm-of-theseus/results/S1-a1/repair-dock-neither-201/public-plan-receipt.json,1132,5017670736a8326d6f7854792755c2362403f467ed8232afb7791cac2890640c,full JSON parse; schema/semantic cross-checks by artifact family,,2026-10-04T02:30:09.871374+00:00
swarm-of-theseus/results/S1-a1/repair-dock-neither-201/replay.html,5328,a031f54a81e7b13839847331649aed069704bf5745321c0cb34e4ac254a13dc6,HTML decoded; replay program reviewed by template; every embedded JSON dataset parsed,,2026-10-04T02:30:09.871374+00:00
swarm-of-theseus/results/S1-a1/repair-dock-notes-200/events.jsonl,58713,46bb133cdf530d7615d055d87ee23c9ba5f9fdbc2b00b7fb01427c2eb8e57d22,every JSONL record parsed; safe aggregate analysis and trace reconciliation,,2026-10-04T02:30:09.871374+00:00
swarm-of-theseus/results/S1-a1/repair-dock-notes-200/final_frame.png,51152,f2dcfd199baecad532d87f3136ca3a99b6408e324a8505d8a5b4a1b1f4408733,binary signature/dimensions/hash only; not visually inspected,,2026-10-04T02:30:09.871374+00:00
swarm-of-theseus/results/S1-a1/repair-dock-notes-200/history.json,2901,121d738d5c4c550d6cb2dd9a3e8c02b759af646a33cc8de0aa4fa2dbdd5f3d83,full JSON parse; schema/semantic cross-checks by artifact family,,2026-10-04T02:30:09.871374+00:00
swarm-of-theseus/results/S1-a1/repair-dock-notes-200/outcome.json,4648,46dfabc0dd276b6995a030dfc403c42ab7afba8dacbcdd712c8ed44bfd1dd474,full JSON parse; schema/semantic cross-checks by artifact family,,2026-10-04T02:30:09.871374+00:00
swarm-of-theseus/results/S1-a1/repair-dock-notes-200/public-plan-receipt.json,1130,687c284ac94bf7b48f709b9d4906f8445e159f0099463150110dacfd697a7bf6,full JSON parse; schema/semantic cross-checks by artifact family,,2026-10-04T02:30:09.871374+00:00
swarm-of-theseus/results/S1-a1/repair-dock-notes-200/replay.html,5452,47649ffda91443b1467ef4808770e7445ffe2d00dcced057b22299b4d4856885,HTML decoded; replay program reviewed by template; every embedded JSON dataset parsed,,2026-10-04T02:30:09.871374+00:00
swarm-of-theseus/results/S1-a1/repair-dock-notes-201/events.jsonl,59095,7f1eb01a37e99d540de49ccfc68d52efdfd91a0376d5b0b66ef947797c413948,every JSONL record parsed; safe aggregate analysis and trace reconciliation,,2026-10-04T02:30:09.871374+00:00
swarm-of-theseus/results/S1-a1/repair-dock-notes-201/final_frame.png,51201,e04277eb99318701b01f26bb25c1be8a2c4efe269a62ec210f9d8571d0482616,binary signature/dimensions/hash only; not visually inspected,,2026-10-04T02:30:09.871374+00:00
swarm-of-theseus/results/S1-a1/repair-dock-notes-201/history.json,2901,03353f2a94552b9b1b5caef2fbc58c94dd621d6a6848771b45df8ff53ad6f332,full JSON parse; schema/semantic cross-checks by artifact family,,2026-10-04T02:30:09.871374+00:00
swarm-of-theseus/results/S1-a1/repair-dock-notes-201/outcome.json,4636,9d5270d21e85395ce676851c7b86248cba50e18bfe1366503df7d84ba713f98a,full JSON parse; schema/semantic cross-checks by artifact family,,2026-10-04T02:30:09.871374+00:00
swarm-of-theseus/results/S1-a1/repair-dock-notes-201/public-plan-receipt.json,1130,687c284ac94bf7b48f709b9d4906f8445e159f0099463150110dacfd697a7bf6,full JSON parse; schema/semantic cross-checks by artifact family,,2026-10-04T02:30:09.871374+00:00
swarm-of-theseus/results/S1-a1/repair-dock-notes-201/replay.html,5440,227254a9c2589e805942a92afc333311ef6b6dbee9c66a738aba177fac6821f6,HTML decoded; replay program reviewed by template; every embedded JSON dataset parsed,,2026-10-04T02:30:09.871374+00:00
swarm-of-theseus/results/S1-a1/repair-dock-verbatim-200/events.jsonl,60777,f5aa43ee9a2db0138cf6c6664a41d45e40f95e8194f6ec6d3e1b633841921e0c,every JSONL record parsed; safe aggregate analysis and trace reconciliation,,2026-10-04T02:30:09.871374+00:00
swarm-of-theseus/results/S1-a1/repair-dock-verbatim-200/final_frame.png,50222,bbb49ebf29c6ab9be4de62aeb10b225506efdd509bc5ef7e0d5054fbaaee4f0d,binary signature/dimensions/hash only; not visually inspected,,2026-10-04T02:30:09.871374+00:00
swarm-of-theseus/results/S1-a1/repair-dock-verbatim-200/history.json,2904,f64fa919e1370aa0624d6ce9ed700603f2e4f52054d039c863eb7b8c61b35d36,full JSON parse; schema/semantic cross-checks by artifact family,,2026-10-04T02:30:09.871374+00:00
swarm-of-theseus/results/S1-a1/repair-dock-verbatim-200/outcome.json,4456,f6cc20ef2f494b6bd3841328a9627d3aed06c9c89342e20671afbfd9119eb657,full JSON parse; schema/semantic cross-checks by artifact family,,2026-10-04T02:30:09.871374+00:00
swarm-of-theseus/results/S1-a1/repair-dock-verbatim-200/public-plan-receipt.json,1133,059980b08c10f25b0dd75634252e77740d39c82ab7a475d9e119f294bd2d12f8,full JSON parse; schema/semantic cross-checks by artifact family,,2026-10-04T02:30:09.871374+00:00
swarm-of-theseus/results/S1-a1/repair-dock-verbatim-200/replay.html,5260,f058b2c95490218f3a256f7f22826b95687b2321379bcec4eba3d6dbaf16d315,HTML decoded; replay program reviewed by template; every embedded JSON dataset parsed,,2026-10-04T02:30:09.871374+00:00
swarm-of-theseus/results/S1-a1/repair-dock-verbatim-201/events.jsonl,60765,05883dd60efe823b5615a23ec0edde8488da5966ce14f241fca1adb229ef2174,every JSONL record parsed; safe aggregate analysis and trace reconciliation,,2026-10-04T02:30:09.871374+00:00
swarm-of-theseus/results/S1-a1/repair-dock-verbatim-201/final_frame.png,50282,a1b0ca59945102ed4f368c3f0af95ef90a8881501a67c75ee4ab87ecca749f28,binary signature/dimensions/hash only; not visually inspected,,2026-10-04T02:30:09.871374+00:00
swarm-of-theseus/results/S1-a1/repair-dock-verbatim-201/history.json,2904,181f82f6acdbe5dcca7ed87861d873444d742d3b30254ce9cef89089737fbd9d,full JSON parse; schema/semantic cross-checks by artifact family,,2026-10-04T02:30:09.871374+00:00
swarm-of-theseus/results/S1-a1/repair-dock-verbatim-201/outcome.json,4456,655316761f428fb5c0a101fce4185d283284bf0052b16d0691f5044304f4bd31,full JSON parse; schema/semantic cross-checks by artifact family,,2026-10-04T02:30:09.871374+00:00
swarm-of-theseus/results/S1-a1/repair-dock-verbatim-201/public-plan-receipt.json,1133,059980b08c10f25b0dd75634252e77740d39c82ab7a475d9e119f294bd2d12f8,full JSON parse; schema/semantic cross-checks by artifact family,,2026-10-04T02:30:09.871374+00:00
swarm-of-theseus/results/S1-a1/repair-dock-verbatim-201/replay.html,5260,198f3a3166caa8211c784cc29af07b440f9afbb63dae518c0ad2d17b7df35c6a,HTML decoded; replay program reviewed by template; every embedded JSON dataset parsed,,2026-10-04T02:30:09.871374+00:00
swarm-of-theseus/results/S1-a1/replay.html,110920,2505413a08c286f0669d520f938b234a97f8bbf0baeede5a7b70dcbc4290037a,HTML decoded; replay program reviewed by template; every embedded JSON dataset parsed,,2026-10-04T02:30:09.871374+00:00
swarm-of-theseus/results/S1-a1/rows.json,175934,432fc6742b7e632d669e2c46507e010762a2ce6b953ff7f52c6d6cb14d4111e5,full JSON parse; schema/semantic cross-checks by artifact family,,2026-10-04T02:30:09.871374+00:00
swarm-of-theseus/results/S1-a1/seed-bank-both-200/events.jsonl,60161,7e0e8ec696624407c12cb2ca57b38d6e11cb9d302338f5fcef6f9e981c8b1bab,every JSONL record parsed; safe aggregate analysis and trace reconciliation,,2026-10-04T02:30:09.871374+00:00
swarm-of-theseus/results/S1-a1/seed-bank-both-200/final_frame.png,49282,712e0090e8f5d279c34d90d33461dca103bde18971c1d56f543b7f449a3b0d20,binary signature/dimensions/hash only; not visually inspected,,2026-10-04T02:30:09.871374+00:00
swarm-of-theseus/results/S1-a1/seed-bank-both-200/history.json,2870,d69e975e47414540b764c0f56c54fda7837ea80f84d1658dada5161f7c13ec05,full JSON parse; schema/semantic cross-checks by artifact family,,2026-10-04T02:30:09.871374+00:00
swarm-of-theseus/results/S1-a1/seed-bank-both-200/outcome.json,4688,d9e34f0fbd5326e05b53e3cc196b87913e91875bed5623c929459e3e79d4f04b,full JSON parse; schema/semantic cross-checks by artifact family,,2026-10-04T02:30:09.871374+00:00
swarm-of-theseus/results/S1-a1/seed-bank-both-200/public-plan-receipt.json,1127,c0cee6d30cf223fed87e7674382153b82a97c56ad93dfe354e7a588d0f62d3b2,full JSON parse; schema/semantic cross-checks by artifact family,EP-11,2026-10-04T02:30:09.871374+00:00
swarm-of-theseus/results/S1-a1/seed-bank-both-200/replay.html,5444,ec10bd99e166bed2b2c41797f1799e48b438d616804d8852ba10975081301e81,HTML decoded; replay program reviewed by template; every embedded JSON dataset parsed,,2026-10-04T02:30:09.871374+00:00
swarm-of-theseus/results/S1-a1/seed-bank-both-201/events.jsonl,58684,b56be9e7584a59f4e38bb86483b0e3c6ec9ed5d7f0bfcbdf1789201c3fb3f854,every JSONL record parsed; safe aggregate analysis and trace reconciliation,,2026-10-04T02:30:09.871374+00:00
swarm-of-theseus/results/S1-a1/seed-bank-both-201/final_frame.png,50672,adf253828c8550712fb22563b4d1d1f6749c23b586618c5c4a37a26422f4b095,binary signature/dimensions/hash only; not visually inspected,,2026-10-04T02:30:09.871374+00:00
swarm-of-theseus/results/S1-a1/seed-bank-both-201/history.json,2915,10d787b8b4a30d035a9f9fee8b845b291be3962a931a12aa13664721ef49cf98,full JSON parse; schema/semantic cross-checks by artifact family,,2026-10-04T02:30:09.871374+00:00
swarm-of-theseus/results/S1-a1/seed-bank-both-201/outcome.json,4749,82821aaa115903e28d966dc0f73d9f7f1f7563102a4663b7733789a554a218e5,full JSON parse; schema/semantic cross-checks by artifact family,,2026-10-04T02:30:09.871374+00:00
swarm-of-theseus/results/S1-a1/seed-bank-both-201/public-plan-receipt.json,1127,c0cee6d30cf223fed87e7674382153b82a97c56ad93dfe354e7a588d0f62d3b2,full JSON parse; schema/semantic cross-checks by artifact family,,2026-10-04T02:30:09.871374+00:00
swarm-of-theseus/results/S1-a1/seed-bank-both-201/replay.html,5505,9bbd81644b2aca2de245d51201b74ca3052f9045929fe91129db4985832398fd,HTML decoded; replay program reviewed by template; every embedded JSON dataset parsed,,2026-10-04T02:30:09.871374+00:00
swarm-of-theseus/results/S1-a1/seed-bank-founders-200/events.jsonl,58333,41ae255515bf037cd9ebf7d1a46a1578b7c3453acb1d898d4b04c297726d1d93,every JSONL record parsed; safe aggregate analysis and trace reconciliation,,2026-10-04T02:30:09.871374+00:00
swarm-of-theseus/results/S1-a1/seed-bank-founders-200/final_frame.png,46514,599bca5ed93fad8c1958b65fbe7bf3e400b5ad9e911c029e281bc279d613ed81,binary signature/dimensions/hash only; not visually inspected,,2026-10-04T02:30:09.871374+00:00
swarm-of-theseus/results/S1-a1/seed-bank-founders-200/history.json,2912,85f1ae1bfb5139d3063b4409fe8f18dae911677a75982fbe3e60cfaee9e773b0,full JSON parse; schema/semantic cross-checks by artifact family,,2026-10-04T02:30:09.871374+00:00
swarm-of-theseus/results/S1-a1/seed-bank-founders-200/outcome.json,3665,e2ac4906411da07c24b7c4618ee36acce52434d22bbed2e226a5d528b0dfd5e5,full JSON parse; schema/semantic cross-checks by artifact family,,2026-10-04T02:30:09.871374+00:00
swarm-of-theseus/results/S1-a1/seed-bank-founders-200/public-plan-receipt.json,1131,11c3a4399ed67c0ee67d92debd51ddebcd3e8dc2bf87ca5c4079dc36f0544756,full JSON parse; schema/semantic cross-checks by artifact family,,2026-10-04T02:30:09.871374+00:00
swarm-of-theseus/results/S1-a1/seed-bank-founders-200/replay.html,4647,05a9d1f990f672bb288fe8dd9787062daed28a3efc13ab1a7ec05b1e9f627a32,HTML decoded; replay program reviewed by template; every embedded JSON dataset parsed,,2026-10-04T02:30:09.871374+00:00
swarm-of-theseus/results/S1-a1/seed-bank-founders-201/events.jsonl,57402,d897602745388ed0c9c65f0fc643e9238b84ac944eccf0e6219f21071f46d27e,every JSONL record parsed; safe aggregate analysis and trace reconciliation,,2026-10-04T02:30:09.871374+00:00
swarm-of-theseus/results/S1-a1/seed-bank-founders-201/final_frame.png,45558,cc0f6273e1ccba6035fc97b351cf1e494e6a848d6cc52445e313e73530d5b8de,binary signature/dimensions/hash only; not visually inspected,,2026-10-04T02:30:09.871374+00:00
swarm-of-theseus/results/S1-a1/seed-bank-founders-201/history.json,2912,cdcf85d917a9feada6916eb383ce161bf75fea7c706f2a69fe207e9c0e51ff21,full JSON parse; schema/semantic cross-checks by artifact family,,2026-10-04T02:30:09.871374+00:00
swarm-of-theseus/results/S1-a1/seed-bank-founders-201/outcome.json,3667,9b1e8e762c8595aed1d219b2e7b658f8270d2f5ab18c3d7395194f6052a0df1b,full JSON parse; schema/semantic cross-checks by artifact family,,2026-10-04T02:30:09.871374+00:00
swarm-of-theseus/results/S1-a1/seed-bank-founders-201/public-plan-receipt.json,1131,11c3a4399ed67c0ee67d92debd51ddebcd3e8dc2bf87ca5c4079dc36f0544756,full JSON parse; schema/semantic cross-checks by artifact family,,2026-10-04T02:30:09.871374+00:00
swarm-of-theseus/results/S1-a1/seed-bank-founders-201/replay.html,4649,9733aa314c9c9e8502effb5f06d2159ec9a58c535abe3ff378267f071d876ca4,HTML decoded; replay program reviewed by template; every embedded JSON dataset parsed,,2026-10-04T02:30:09.871374+00:00
swarm-of-theseus/results/S1-a1/seed-bank-mentor-200/events.jsonl,59085,41c7a8d8ceed4628580bab1dd7e87711f645acc4f2032f3b6e318034a011fbdd,every JSONL record parsed; safe aggregate analysis and trace reconciliation,,2026-10-04T02:30:09.871374+00:00
swarm-of-theseus/results/S1-a1/seed-bank-mentor-200/final_frame.png,51873,23a716ab6f756c0248c7e42969e9cf1d905017879506b94621a1d32465f102de,binary signature/dimensions/hash only; not visually inspected,,2026-10-04T02:30:09.871374+00:00
swarm-of-theseus/results/S1-a1/seed-bank-mentor-200/history.json,2927,ef3d468b964062948717f3930abe1d32ae0d30ddaf8dae105af5eee6af4699ff,full JSON parse; schema/semantic cross-checks by artifact family,,2026-10-04T02:30:09.871374+00:00
swarm-of-theseus/results/S1-a1/seed-bank-mentor-200/outcome.json,4581,1aaa92be0fc4baad6d44c6a6308b558ba03f4482c6bc14d8b573775269321628,full JSON parse; schema/semantic cross-checks by artifact family,,2026-10-04T02:30:09.871374+00:00
swarm-of-theseus/results/S1-a1/seed-bank-mentor-200/public-plan-receipt.json,1129,258b756395e0e1a818a8972ffa76d57ff1a18719f52bc08830bd0d281bbd4390,full JSON parse; schema/semantic cross-checks by artifact family,,2026-10-04T02:30:09.871374+00:00
swarm-of-theseus/results/S1-a1/seed-bank-mentor-200/replay.html,5337,904b73258310e59400f15792edfcecf09b2662721651ebdcb70bca133d3166e6,HTML decoded; replay program reviewed by template; every embedded JSON dataset parsed,,2026-10-04T02:30:09.871374+00:00
swarm-of-theseus/results/S1-a1/seed-bank-mentor-201/events.jsonl,58103,98f54577e9a51424fb75fb8fb6973ad0fdc78cfd577a23c4d87d4db8aefa3d1d,every JSONL record parsed; safe aggregate analysis and trace reconciliation,,2026-10-04T02:30:09.871374+00:00
swarm-of-theseus/results/S1-a1/seed-bank-mentor-201/final_frame.png,49508,c1faf8e967274309c8e71b8b850c0bd61a94b8323198ee7cb9f9853102aa4524,binary signature/dimensions/hash only; not visually inspected,,2026-10-04T02:30:09.871374+00:00
swarm-of-theseus/results/S1-a1/seed-bank-mentor-201/history.json,2882,214013bfc069ee95e18cdc987f19b6839a9533ce20388304756699f00ff12519,full JSON parse; schema/semantic cross-checks by artifact family,,2026-10-04T02:30:09.871374+00:00
swarm-of-theseus/results/S1-a1/seed-bank-mentor-201/outcome.json,4511,88c908db1fa6f7df89ecd8e381e63bb0250ee8943293223e466d3b408ac4a8b2,full JSON parse; schema/semantic cross-checks by artifact family,,2026-10-04T02:30:09.871374+00:00
swarm-of-theseus/results/S1-a1/seed-bank-mentor-201/public-plan-receipt.json,1129,258b756395e0e1a818a8972ffa76d57ff1a18719f52bc08830bd0d281bbd4390,full JSON parse; schema/semantic cross-checks by artifact family,,2026-10-04T02:30:09.871374+00:00
swarm-of-theseus/results/S1-a1/seed-bank-mentor-201/replay.html,5267,2fe247239ecc33f7ab42875253b7a4a7ced2775f3e71b1a7c80cfb65ef4620f0,HTML decoded; replay program reviewed by template; every embedded JSON dataset parsed,,2026-10-04T02:30:09.871374+00:00
swarm-of-theseus/results/S1-a1/seed-bank-neither-200/events.jsonl,58392,7a7c1ea15a6ec20f3887228b41acf8dd4ce2ec78857c2bf0aad8d0ffc735cd66,every JSONL record parsed; safe aggregate analysis and trace reconciliation,,2026-10-04T02:30:09.871374+00:00
swarm-of-theseus/results/S1-a1/seed-bank-neither-200/final_frame.png,54103,64900cc781f8a0ce48405707df928ec0bad873914a3725efdd050b2de360040c,binary signature/dimensions/hash only; not visually inspected,,2026-10-04T02:30:09.871374+00:00
swarm-of-theseus/results/S1-a1/seed-bank-neither-200/history.json,2982,3f0c6c58c937cfc602ae9a03906c65a8f38050b569f3a5295c65bd9887e3e31f,full JSON parse; schema/semantic cross-checks by artifact family,,2026-10-04T02:30:09.871374+00:00
swarm-of-theseus/results/S1-a1/seed-bank-neither-200/outcome.json,4541,78415204bc0c65e26937fe9cc72392693ca92f31ad25345c22d56ba259e09fa8,full JSON parse; schema/semantic cross-checks by artifact family,,2026-10-04T02:30:09.871374+00:00
swarm-of-theseus/results/S1-a1/seed-bank-neither-200/public-plan-receipt.json,1130,64d9bd308ec649ecc582e6cea9c60424c9852cadc9876d9f02da4fe0859e3d7f,full JSON parse; schema/semantic cross-checks by artifact family,,2026-10-04T02:30:09.871374+00:00
swarm-of-theseus/results/S1-a1/seed-bank-neither-200/replay.html,5345,6d5e8a402207c4f8b6b456405da0e8d5628d8d80fc726c9da14e880d07288cb0,HTML decoded; replay program reviewed by template; every embedded JSON dataset parsed,,2026-10-04T02:30:09.871374+00:00
swarm-of-theseus/results/S1-a1/seed-bank-neither-201/events.jsonl,58448,f46ef96c7b629ac08b59010fdb3b2aecd6b8e4aa7f0d389dee1fcc700a860416,every JSONL record parsed; safe aggregate analysis and trace reconciliation,,2026-10-04T02:30:09.871374+00:00
swarm-of-theseus/results/S1-a1/seed-bank-neither-201/final_frame.png,54052,6f15d9e43917048cc67c3a26eeca0bedce4d7878255aa732def1d214d8e34996,binary signature/dimensions/hash only; not visually inspected,,2026-10-04T02:30:09.871374+00:00
swarm-of-theseus/results/S1-a1/seed-bank-neither-201/history.json,2999,35759cffbfffdbf29b9850b588430f793d1120bdfce07ceff26e2337687cf88b,full JSON parse; schema/semantic cross-checks by artifact family,,2026-10-04T02:30:09.871374+00:00
swarm-of-theseus/results/S1-a1/seed-bank-neither-201/outcome.json,4557,cbd8c291bfb120d8572ca97104648dfd2776a594909c327061154b5779c6d463,full JSON parse; schema/semantic cross-checks by artifact family,,2026-10-04T02:30:09.871374+00:00
swarm-of-theseus/results/S1-a1/seed-bank-neither-201/public-plan-receipt.json,1130,64d9bd308ec649ecc582e6cea9c60424c9852cadc9876d9f02da4fe0859e3d7f,full JSON parse; schema/semantic cross-checks by artifact family,,2026-10-04T02:30:09.871374+00:00
swarm-of-theseus/results/S1-a1/seed-bank-neither-201/replay.html,5361,ce66017300e18b77116f9925086ca1d4f4c2efd0462379c98bec32fd8e65166d,HTML decoded; replay program reviewed by template; every embedded JSON dataset parsed,,2026-10-04T02:30:09.871374+00:00
swarm-of-theseus/results/S1-a1/seed-bank-notes-200/events.jsonl,59140,e77ad5e636bb7f8ae668e3826973fe556656a882f547af57b161b8272b92a854,every JSONL record parsed; safe aggregate analysis and trace reconciliation,,2026-10-04T02:30:09.871374+00:00
swarm-of-theseus/results/S1-a1/seed-bank-notes-200/final_frame.png,51782,d30ecd5e84535880c8882356bbff3df84eb8cd23372b26b3d049049feedda826,binary signature/dimensions/hash only; not visually inspected,,2026-10-04T02:30:09.871374+00:00
swarm-of-theseus/results/S1-a1/seed-bank-notes-200/history.json,2906,fde663de1e8f6cb286d962f0b937a23c64fcaff9ac5661e2acf05e5b7ff11a7b,full JSON parse; schema/semantic cross-checks by artifact family,,2026-10-04T02:30:09.871374+00:00
swarm-of-theseus/results/S1-a1/seed-bank-notes-200/outcome.json,4636,8780d014bbbdae4eb91000a984a7f8d546d51c19c2f234e0b60661806ff577be,full JSON parse; schema/semantic cross-checks by artifact family,,2026-10-04T02:30:09.871374+00:00
swarm-of-theseus/results/S1-a1/seed-bank-notes-200/public-plan-receipt.json,1128,da98db63d8609efb185805bf308c2944b8ff96fc01a12966f3c7daf9bf869924,full JSON parse; schema/semantic cross-checks by artifact family,,2026-10-04T02:30:09.871374+00:00
swarm-of-theseus/results/S1-a1/seed-bank-notes-200/replay.html,5440,3dd790dcd953f65345780434c3faa350c710894b9cb979eb2f1d7ae301fd21cd,HTML decoded; replay program reviewed by template; every embedded JSON dataset parsed,,2026-10-04T02:30:09.871374+00:00
swarm-of-theseus/results/S1-a1/seed-bank-notes-201/events.jsonl,57695,2747b5234f9baf00579b4ae881bb2cae49ead4352fbc8193e09ed6480c63362e,every JSONL record parsed; safe aggregate analysis and trace reconciliation,,2026-10-04T02:30:09.871374+00:00
swarm-of-theseus/results/S1-a1/seed-bank-notes-201/final_frame.png,49417,0dc4b1d0d0a9a1be90d5d86dc84d71a5bc16708eb9e0b513bb914ae1518b0ffc,binary signature/dimensions/hash only; not visually inspected,,2026-10-04T02:30:09.871374+00:00
swarm-of-theseus/results/S1-a1/seed-bank-notes-201/history.json,2876,f5c89fa8295ffebd6f9f1d42bbfa3bf32ef09a888546253182472a1781b0c04f,full JSON parse; schema/semantic cross-checks by artifact family,,2026-10-04T02:30:09.871374+00:00
swarm-of-theseus/results/S1-a1/seed-bank-notes-201/outcome.json,4620,08c7ed9206d44860a8c1dfb8176a3acb52e78e9eafd4fb4be2255c7e22bb4b56,full JSON parse; schema/semantic cross-checks by artifact family,,2026-10-04T02:30:09.871374+00:00
swarm-of-theseus/results/S1-a1/seed-bank-notes-201/public-plan-receipt.json,1128,da98db63d8609efb185805bf308c2944b8ff96fc01a12966f3c7daf9bf869924,full JSON parse; schema/semantic cross-checks by artifact family,,2026-10-04T02:30:09.871374+00:00
swarm-of-theseus/results/S1-a1/seed-bank-notes-201/replay.html,5424,1724e75ea6fe24652fa32fd610167f8f026377f0e3ef4f06d3b9788f0ef1c2aa,HTML decoded; replay program reviewed by template; every embedded JSON dataset parsed,,2026-10-04T02:30:09.871374+00:00
swarm-of-theseus/results/S1-a1/seed-bank-verbatim-200/events.jsonl,60466,a873b2fa50735353225b9cbe0e3ac1e5cf470693a3e56e9f8301a33141851046,every JSONL record parsed; safe aggregate analysis and trace reconciliation,,2026-10-04T02:30:09.871374+00:00
swarm-of-theseus/results/S1-a1/seed-bank-verbatim-200/final_frame.png,49739,56a8268b0ecbcc9e6ceb68ae1f2bd643e099e20401569e3b0f877b400fe1943b,binary signature/dimensions/hash only; not visually inspected,,2026-10-04T02:30:09.871374+00:00
swarm-of-theseus/results/S1-a1/seed-bank-verbatim-200/history.json,2894,e9e186f9f009c41ccbf5233e56b90dca2ace32755e2bdff8a1c5abb5a4ae561f,full JSON parse; schema/semantic cross-checks by artifact family,,2026-10-04T02:30:09.871374+00:00
swarm-of-theseus/results/S1-a1/seed-bank-verbatim-200/outcome.json,4452,242dda897811b3ad45877ffbed44108c61b7d9a8c773a6f11caa72ba0b38eeaa,full JSON parse; schema/semantic cross-checks by artifact family,,2026-10-04T02:30:09.871374+00:00
swarm-of-theseus/results/S1-a1/seed-bank-verbatim-200/public-plan-receipt.json,1131,8f61404aec522ada5a45212a53715deca7de49408c57a6166b984a36119ca43f,full JSON parse; schema/semantic cross-checks by artifact family,,2026-10-04T02:30:09.871374+00:00
swarm-of-theseus/results/S1-a1/seed-bank-verbatim-200/replay.html,5256,b42dc730bae1f32ed77dce1d52b6c2fb5b48f30e256528777142df3580a3b440,HTML decoded; replay program reviewed by template; every embedded JSON dataset parsed,,2026-10-04T02:30:09.871374+00:00
swarm-of-theseus/results/S1-a1/seed-bank-verbatim-201/events.jsonl,59832,d0f953d7e3346fe5ec683fb4147f894dac9e4f33db90cd3463998f5713c21a63,every JSONL record parsed; safe aggregate analysis and trace reconciliation,,2026-10-04T02:30:09.871374+00:00
swarm-of-theseus/results/S1-a1/seed-bank-verbatim-201/final_frame.png,49801,78203868056a514a9fc9114c63041ae7cadd08dd9e349e1dd043446ef9cdc046,binary signature/dimensions/hash only; not visually inspected,,2026-10-04T02:30:09.871374+00:00
swarm-of-theseus/results/S1-a1/seed-bank-verbatim-201/history.json,2894,e5383b17d3947c66447391730a65d9e0cc29b9e7dbc8d2e7f53b3227911e0f19,full JSON parse; schema/semantic cross-checks by artifact family,,2026-10-04T02:30:09.871374+00:00
swarm-of-theseus/results/S1-a1/seed-bank-verbatim-201/outcome.json,4442,6a004a9b860287ecc900073d7c441a62018ade6f9a081003ddb8aa981b0bc5dd,full JSON parse; schema/semantic cross-checks by artifact family,,2026-10-04T02:30:09.871374+00:00
swarm-of-theseus/results/S1-a1/seed-bank-verbatim-201/public-plan-receipt.json,1131,8f61404aec522ada5a45212a53715deca7de49408c57a6166b984a36119ca43f,full JSON parse; schema/semantic cross-checks by artifact family,,2026-10-04T02:30:09.871374+00:00
swarm-of-theseus/results/S1-a1/seed-bank-verbatim-201/replay.html,5246,f807de0c65651a5608f9f039654c761c057f9684c9235b01aaa725bb89d26bf7,HTML decoded; replay program reviewed by template; every embedded JSON dataset parsed,,2026-10-04T02:30:09.871374+00:00
swarm-of-theseus/results/S1-a1/summary.json,3296,1bd8d6388504fdb3a090f35c68d4944dc654aabc9b16516f2cfbf14c4013d4ad,full JSON parse; schema/semantic cross-checks by artifact family,,2026-10-04T02:30:09.871374+00:00
swarm-of-theseus/reviews/S0-a1-post.md,2262,bc8c03db97927a886c84fb57c4d81c3922aa17e98be4d4b23b0c71d02e01c39f,full substantive source/document review,,2026-10-04T02:58:11.098785+00:00
swarm-of-theseus/reviews/S0-a1-pre.md,5767,6e75ac9f6655cd526fa6ffb89741a35909a71de02b6212797c1708fb82449c57,full substantive source/document review,,2026-10-04T02:58:11.098785+00:00
swarm-of-theseus/reviews/S0-a2-post.md,4372,e2af7b1a87a3484ca90417d1eee0ef82992d1efc812d0dbe7629a2873d85b1b1,full substantive source/document review,,2026-10-04T02:58:11.098785+00:00
swarm-of-theseus/reviews/S0-a2-pre.md,6072,8ed197b5770e5dfb99ea621c98333550e15ba6f3888cc33e46baf40f58315a20,full substantive source/document review,,2026-10-04T02:58:11.098785+00:00
swarm-of-theseus/reviews/S0-a3-post.md,3309,ace8e4aa86a06933b26c43193a54e8527bcf95a94afbfd335756ad420a9e859f,full substantive source/document review,,2026-10-04T02:58:11.098785+00:00
swarm-of-theseus/reviews/S0-a3-pre.md,6637,87daa9c11c59a0701ec676b4294670110f17bfe6cd0300beea0a7ffdf9bbb1c8,full substantive source/document review,,2026-10-04T02:58:11.098785+00:00
swarm-of-theseus/reviews/S0-a4-post.md,2843,f9721246c556ed48368bae5752630386b71bb11dae5e9b3b9c4f2a4ea8b42aab,full substantive source/document review,,2026-10-04T02:58:11.098785+00:00
swarm-of-theseus/reviews/S0-a4-pre.md,7280,47d0f9d211f01a6ac1e5d975df1e3c54697b4061cf1f2dad8a4daf31621e6dc6,full substantive source/document review,,2026-10-04T02:58:11.098785+00:00
swarm-of-theseus/reviews/S1-a1-post.md,4014,bee085f1bf7321d6f5c82804a4f124170f8630b35030aeae539789cb4f5b27e5,full substantive source/document review,,2026-10-04T02:58:11.098785+00:00
swarm-of-theseus/reviews/S1-a1-pre.md,4967,7020cb8863383c9974a95f2c55e54be3bc691f63e75c306ea3dd3514584af83c,full substantive source/document review,,2026-10-04T02:58:11.098785+00:00
swarm-of-theseus/runtime-receipt.json,168,f680533bbd5191854868391f7f44b742c95c75f70779223713980c77690b7aa9,full JSON parse; schema/semantic cross-checks by artifact family,,2026-10-04T02:30:09.871374+00:00
swarm-of-theseus/src/analyze.py,3019,0ca0740ba06634bc760a10084f7e36288d93b4b05db7451de34113eab9e70e76,full substantive source/document review,,2026-10-04T02:58:11.098785+00:00
swarm-of-theseus/src/audit.py,3555,9302d85a22f5933acd60bac3f1df16dc471cdebe652877fa98781f133e8a98f2,full substantive source/document review,,2026-10-04T02:58:11.098785+00:00
swarm-of-theseus/src/package_evidence.py,1522,ef2bb29867c2bcf9a0e6b71158cbd7c1ccdbaabb489e7ef4691b376098ffce61,full substantive source/document review,,2026-10-04T02:58:11.098785+00:00
swarm-of-theseus/src/provider.py,8066,8c81e139784f6c42a24962ac156bbcbe99115d895bb94ed142c867065da65510,full substantive source/document review,ADD-T-01,2026-10-04T02:58:11.098785+00:00
swarm-of-theseus/src/public_plan.py,2547,12ec7225603e928124e4c7f2db94fe923852d41ccebbf4512985de18313a7934,full substantive source/document review,,2026-10-04T02:58:11.098785+00:00
swarm-of-theseus/src/render.py,3731,9e0b3f42c93bdbcd0b3f1d1f9c36eddb7ebed5120007bdc50f50b8c2c2acd976,full substantive source/document review,,2026-10-04T02:58:11.098785+00:00
swarm-of-theseus/src/runner.py,7114,59b84e493aa3bec2a428f5f8362db390eb13ea3c0bd6ba47329960d94605f49d,full substantive source/document review,ADD-T-01,2026-10-04T02:58:11.098785+00:00
swarm-of-theseus/src/study.py,8350,950b8d9c5b0d230f4657f625b15da57ac30352a0fbce0142c7da2f4403ad0e9b,full substantive source/document review,ADD-T-01,2026-10-04T02:58:11.098785+00:00
swarm-of-theseus/src/summary_figure.py,2420,c5fc78ca6b31432761f93ad01cbb50560a65d1760810274e7ec35fcbfa2d29a3,full substantive source/document review,,2026-10-04T02:58:11.098785+00:00
swarm-of-theseus/summary.png,91746,3b4baf6bd78dbf393e4c61ebd54ffe408f29eb48ef4d1ef13959a3a891453f4e,visually inspected plus binary signature/dimensions/hash,,2026-10-04T02:30:09.871374+00:00
swarm-of-theseus/tests/test_study.py,5306,ea2bffbcf690581cd5a375f5d96844ba0aee8359a4ac6e72651c0f3059ca2413,full substantive source/document review,,2026-10-04T02:58:11.098785+00:00
swarm-seo-poisoning-mega-guide.html,113304,61dfec8e74c75d0ae40ce5c5b4f80af4d3c2c726110b7c791665c22aa2482c26,full substantive rendered text/source; generated duplicate sections cross-checked,,2026-10-04T02:30:09.871374+00:00
