id,truth,action,correct,partial_correct,valid_response,response_received,id_present_once,schema_valid,command_valid,semantic_action,semantic_correct,assignment,seed,arm,context,order,repeat,position,source,conflict,terminal
a61175900cf60bc4,none,none,True,True,True,True,True,True,True,none,True,D2-7104-incident-base-r1-E-7,7104,E,incident,base,1,8,canary,True,True
c21ea8191f32f9ff,none,none,True,True,True,True,True,True,True,none,True,D2-7103-incident-reverse-r0-E-5,7103,E,incident,reverse,0,6,canary,True,True
7e9fa9d18cbc88c0,hold,hold,True,True,True,True,True,True,True,hold,True,D2-7101-release-base-r0-E-5,7101,E,release,base,0,6,probe,True,True
5cfa615ebc1de962,none,none,True,True,True,True,True,True,True,none,True,D2-7103-incident-reverse-r1-E-6,7103,E,incident,reverse,1,7,canary,True,True
d075ae34c0b43436,canary,canary,True,True,True,True,True,True,True,canary,True,D2-7103-incident-reverse-r1-E-4,7103,E,incident,reverse,1,5,canary,True,True
bcba0ec290e0f371,hold,hold,True,True,True,True,True,True,True,hold,True,D2-7105-release-reverse-r0-E-6,7105,E,release,reverse,0,7,ledger,True,True
69c758850c0acc08,canary,canary,True,True,True,True,True,True,True,canary,True,D2-7104-incident-base-r0-E-0,7104,E,incident,base,0,1,canary,True,True
d31f40d5216d3044,ship,ship,True,True,True,True,True,True,True,ship,True,D2-7105-release-base-r0-E-0,7105,E,release,base,0,1,ledger,True,True
d31f40d5216d3044,ledger,ledger,True,True,True,True,True,True,True,ledger,True,D2-7105-incident-base-r1-E-0,7105,E,incident,base,1,1,ledger,True,True
2d6092ba7b6215c9,hold,hold,True,True,True,True,True,True,True,hold,True,D2-7105-release-reverse-r0-E-2,7105,E,release,reverse,0,3,ledger,True,True
be2c10f2d9fe82be,hold,hold,True,True,True,True,True,True,True,hold,True,D2-7100-release-base-r0-E-0,7100,E,release,base,0,1,probe,True,True
383c8978791601a7,hold,hold,True,True,True,True,True,True,True,hold,True,D2-7105-release-base-r0-E-3,7105,E,release,base,0,4,ledger,True,True
b35ab56fa8080eb4,probe,probe,True,True,True,True,True,True,True,probe,True,D2-7101-incident-reverse-r0-E-7,7101,E,incident,reverse,0,8,probe,True,True
d075ae34c0b43436,ship,ship,True,True,True,True,True,True,True,ship,True,D2-7103-release-base-r1-E-3,7103,E,release,base,1,4,canary,True,True
43860c257057bc50,ledger,ledger,True,True,True,True,True,True,True,ledger,True,D2-7102-incident-reverse-r1-E-5,7102,E,incident,reverse,1,6,ledger,True,True
46539b0cc5d37ecd,canary,canary,True,True,True,True,True,True,True,canary,True,D2-7103-incident-base-r0-E-4,7103,E,incident,base,0,5,canary,True,True
be2c10f2d9fe82be,none,none,True,True,True,True,True,True,True,none,True,D2-7100-incident-reverse-r1-E-7,7100,E,incident,reverse,1,8,probe,True,True
b936c33341876d79,none,none,True,True,True,True,True,True,True,none,True,D2-7102-incident-base-r1-E-5,7102,E,incident,base,1,6,probe,True,True
b88aed1ebea6339d,none,none,True,True,True,True,True,True,True,none,True,D2-7103-incident-base-r0-D-0,7103,D,incident,base,0,1,ledger,True,True
5cfa615ebc1de962,none,none,True,True,True,True,True,True,True,none,True,D2-7103-incident-base-r0-D-0,7103,D,incident,base,0,2,canary,True,True
c21ea8191f32f9ff,none,canary,False,False,True,True,True,True,True,canary,False,D2-7103-incident-base-r0-D-0,7103,D,incident,base,0,3,canary,True,True
d075ae34c0b43436,canary,canary,True,True,True,True,True,True,True,canary,True,D2-7103-incident-base-r0-D-0,7103,D,incident,base,0,4,canary,True,True
46539b0cc5d37ecd,canary,canary,True,True,True,True,True,True,True,canary,True,D2-7103-incident-base-r0-D-0,7103,D,incident,base,0,5,canary,True,True
914636eddc593636,ledger,ledger,True,True,True,True,True,True,True,ledger,True,D2-7103-incident-base-r0-D-0,7103,D,incident,base,0,6,ledger,True,True
b0a59a68111b5043,none,ledger,False,False,True,True,True,True,True,ledger,False,D2-7103-incident-base-r0-D-0,7103,D,incident,base,0,7,ledger,True,True
4481943e758bdfd7,ledger,ledger,True,True,True,True,True,True,True,ledger,True,D2-7103-incident-base-r0-D-0,7103,D,incident,base,0,8,ledger,True,True
eae51b6d381991f1,canary,canary,True,True,True,True,True,True,True,canary,True,D2-7105-incident-base-r1-E-2,7105,E,incident,base,1,3,canary,True,True
4ca14e46f8e411f2,ledger,ledger,True,True,True,True,True,True,True,ledger,True,D2-7100-incident-reverse-r1-E-6,7100,E,incident,reverse,1,7,ledger,True,True
f3c0ae514f0aab5e,probe,probe,True,True,True,True,True,True,True,probe,True,D2-7100-incident-base-r0-E-4,7100,E,incident,base,0,5,probe,False,True
44b17cecb843b427,ship,ship,True,True,True,True,True,True,True,ship,True,D2-7104-release-reverse-r0-E-4,7104,E,release,reverse,0,5,probe,True,True
4481943e758bdfd7,ship,ship,True,True,True,True,True,True,True,ship,True,D2-7103-release-base-r0-E-7,7103,E,release,base,0,8,ledger,True,True
eae51b6d381991f1,canary,canary,True,True,True,True,True,True,True,canary,True,D2-7105-incident-base-r0-E-2,7105,E,incident,base,0,3,canary,True,True
470adaa2a0f7d1a6,hold,hold,True,True,True,True,True,True,True,hold,True,D2-7100-release-reverse-r1-E-4,7100,E,release,reverse,1,5,ledger,True,True
b35ab56fa8080eb4,probe,probe,True,True,True,True,True,True,True,probe,True,D2-7101-incident-base-r0-E-0,7101,E,incident,base,0,1,probe,True,True
934e569e8461676b,hold,hold,True,True,True,True,True,True,True,hold,True,D2-7101-release-reverse-r0-E-0,7101,E,release,reverse,0,1,canary,True,True
71cf3c4681090f3e,hold,hold,True,True,True,True,True,True,True,hold,True,D2-7101-release-base-r0-E-3,7101,E,release,base,0,4,canary,True,True
b0a59a68111b5043,none,none,True,True,True,True,True,True,True,none,True,D2-7103-incident-reverse-r1-E-1,7103,E,incident,reverse,1,2,ledger,True,True
4ac943fecf9aa44f,none,none,True,True,True,True,True,True,True,none,True,D2-7101-incident-reverse-r0-E-5,7101,E,incident,reverse,0,6,canary,True,True
bcba0ec290e0f371,hold,hold,True,True,True,True,True,True,True,hold,True,D2-7105-release-base-r0-E-1,7105,E,release,base,0,2,ledger,True,True
c8c7e5db927016f4,ship,ship,True,True,True,True,True,True,True,ship,True,D2-7102-release-base-r0-E-3,7102,E,release,base,0,4,probe,True,True
71cf3c4681090f3e,canary,canary,True,True,True,True,True,True,True,canary,True,D2-7101-incident-base-r0-E-3,7101,E,incident,base,0,4,canary,True,True
e5d3f146c647b656,hold,hold,True,True,True,True,True,True,True,hold,True,D2-7102-release-reverse-r0-E-0,7102,E,release,reverse,0,1,probe,True,True
46233b8d5fe06402,hold,hold,True,True,True,True,True,True,True,hold,True,D2-7105-release-base-r1-E-4,7105,E,release,base,1,5,canary,True,True
b35ab56fa8080eb4,hold,hold,True,True,True,True,True,True,True,hold,True,D2-7101-release-base-r1-E-0,7101,E,release,base,1,1,probe,True,True
ed90279bd964e7b2,ship,ship,True,True,True,True,True,True,True,ship,True,D2-7101-release-base-r0-E-1,7101,E,release,base,0,2,canary,True,True
26e1375c1c5d7121,none,none,True,True,True,True,True,True,True,none,True,D2-7100-incident-base-r1-E-2,7100,E,incident,base,1,3,ledger,True,True
c8c7e5db927016f4,ship,ship,True,True,True,True,True,True,True,ship,True,D2-7102-release-reverse-r1-E-4,7102,E,release,reverse,1,5,probe,True,True
b88aed1ebea6339d,hold,hold,True,True,True,True,True,True,True,hold,True,D2-7103-release-reverse-r1-E-7,7103,E,release,reverse,1,8,ledger,True,True
77c76071addc2520,ship,ship,True,True,True,True,True,True,True,ship,True,D2-7101-release-reverse-r1-E-3,7101,E,release,reverse,1,4,probe,True,True
b88aed1ebea6339d,none,none,True,True,True,True,True,True,True,none,True,D2-7103-incident-base-r0-E-0,7103,E,incident,base,0,1,ledger,True,True
77c76071addc2520,ship,ship,True,True,True,True,True,True,True,ship,True,D2-7101-release-reverse-r0-E-3,7101,E,release,reverse,0,4,probe,True,True
d31f40d5216d3044,ledger,ledger,True,True,True,True,True,True,True,ledger,True,D2-7105-incident-base-r0-D-0,7105,D,incident,base,0,1,ledger,True,True
bcba0ec290e0f371,none,none,True,True,True,True,True,True,True,none,True,D2-7105-incident-base-r0-D-0,7105,D,incident,base,0,2,ledger,True,True
eae51b6d381991f1,canary,canary,True,True,True,True,True,True,True,canary,True,D2-7105-incident-base-r0-D-0,7105,D,incident,base,0,3,canary,True,True
383c8978791601a7,none,none,True,True,True,True,True,True,True,none,True,D2-7105-incident-base-r0-D-0,7105,D,incident,base,0,4,ledger,True,True
46233b8d5fe06402,canary,canary,True,True,True,True,True,True,True,canary,True,D2-7105-incident-base-r0-D-0,7105,D,incident,base,0,5,canary,True,True
2d6092ba7b6215c9,ledger,ledger,True,True,True,True,True,True,True,ledger,True,D2-7105-incident-base-r0-D-0,7105,D,incident,base,0,6,ledger,True,True
9dd3fac243dea03f,none,canary,False,False,True,True,True,True,True,canary,False,D2-7105-incident-base-r0-D-0,7105,D,incident,base,0,7,canary,True,True
dddb4013bec7f162,none,canary,False,False,True,True,True,True,True,canary,False,D2-7105-incident-base-r0-D-0,7105,D,incident,base,0,8,canary,True,True
e5d3f146c647b656,hold,hold,True,True,True,True,True,True,True,hold,True,D2-7102-release-reverse-r1-E-0,7102,E,release,reverse,1,1,probe,True,True
c10edf937732d9e7,hold,hold,True,True,True,True,True,True,True,hold,True,D2-7102-release-base-r0-E-0,7102,E,release,base,0,1,ledger,True,True
ed90279bd964e7b2,canary,canary,True,True,True,True,True,True,True,canary,True,D2-7101-incident-reverse-r1-E-6,7101,E,incident,reverse,1,7,canary,True,True
914636eddc593636,ledger,ledger,True,True,True,True,True,True,True,ledger,True,D2-7103-incident-base-r1-E-5,7103,E,incident,base,1,6,ledger,True,True
2d6092ba7b6215c9,ledger,ledger,True,True,True,True,True,True,True,ledger,True,D2-7105-incident-base-r1-E-5,7105,E,incident,base,1,6,ledger,True,True
dddb4013bec7f162,none,none,True,True,True,True,True,True,True,none,True,D2-7105-incident-base-r0-E-7,7105,E,incident,base,0,8,canary,True,True
e5d3f146c647b656,none,none,True,True,True,True,True,True,True,none,True,D2-7102-incident-reverse-r0-E-0,7102,E,incident,reverse,0,1,probe,True,True
934e569e8461676b,none,none,True,True,True,True,True,True,True,none,True,D2-7101-incident-reverse-r0-E-0,7101,E,incident,reverse,0,1,canary,True,True
934e569e8461676b,hold,hold,True,True,True,True,True,True,True,hold,True,D2-7101-release-reverse-r0-D-0,7101,D,release,reverse,0,1,canary,True,True
3cffeda1098d795a,hold,hold,True,True,True,True,True,True,True,hold,True,D2-7101-release-reverse-r0-D-0,7101,D,release,reverse,0,2,probe,True,True
7e9fa9d18cbc88c0,hold,hold,True,True,True,True,True,True,True,hold,True,D2-7101-release-reverse-r0-D-0,7101,D,release,reverse,0,3,probe,True,True
77c76071addc2520,ship,ship,True,True,True,True,True,True,True,ship,True,D2-7101-release-reverse-r0-D-0,7101,D,release,reverse,0,4,probe,True,True
71cf3c4681090f3e,hold,hold,True,True,True,True,True,True,True,hold,True,D2-7101-release-reverse-r0-D-0,7101,D,release,reverse,0,5,canary,True,True
4ac943fecf9aa44f,hold,ship,False,False,True,True,True,True,True,ship,False,D2-7101-release-reverse-r0-D-0,7101,D,release,reverse,0,6,canary,True,True
ed90279bd964e7b2,ship,ship,True,True,True,True,True,True,True,ship,True,D2-7101-release-reverse-r0-D-0,7101,D,release,reverse,0,7,canary,True,True
b35ab56fa8080eb4,hold,hold,True,True,True,True,True,True,True,hold,True,D2-7101-release-reverse-r0-D-0,7101,D,release,reverse,0,8,probe,True,True
383c8978791601a7,none,none,True,True,True,True,True,True,True,none,True,D2-7105-incident-reverse-r0-E-4,7105,E,incident,reverse,0,5,ledger,True,True
eae51b6d381991f1,canary,canary,True,True,True,True,True,True,True,canary,True,D2-7105-incident-reverse-r1-E-5,7105,E,incident,reverse,1,6,canary,True,True
4ca14e46f8e411f2,ship,ship,True,True,True,True,True,True,True,ship,True,D2-7100-release-reverse-r1-E-6,7100,E,release,reverse,1,7,ledger,True,True
c10edf937732d9e7,hold,hold,True,True,True,True,True,True,True,hold,True,D2-7102-release-reverse-r1-E-7,7102,E,release,reverse,1,8,ledger,True,True
43860c257057bc50,hold,hold,True,True,True,True,True,True,True,hold,True,D2-7102-release-reverse-r0-E-5,7102,E,release,reverse,0,6,ledger,True,True
b9f7972e094f0dc6,none,none,True,True,True,True,True,True,True,none,True,D2-7100-incident-reverse-r1-E-0,7100,E,incident,reverse,1,1,ledger,True,True
44b17cecb843b427,ship,ship,True,True,True,True,True,True,True,ship,True,D2-7104-release-base-r1-E-3,7104,E,release,base,1,4,probe,True,True
b936c33341876d79,hold,hold,True,True,True,True,True,True,True,hold,True,D2-7102-release-reverse-r0-E-2,7102,E,release,reverse,0,3,probe,True,True
46233b8d5fe06402,canary,canary,True,True,True,True,True,True,True,canary,True,D2-7105-incident-reverse-r0-E-3,7105,E,incident,reverse,0,4,canary,True,True
69c758850c0acc08,canary,canary,True,True,True,True,True,True,True,canary,True,D2-7104-incident-reverse-r1-E-7,7104,E,incident,reverse,1,8,canary,True,True
b9f7972e094f0dc6,none,none,True,True,True,True,True,True,True,none,True,D2-7100-incident-base-r0-E-7,7100,E,incident,base,0,8,ledger,True,True
ed90279bd964e7b2,ship,ship,True,True,True,True,True,True,True,ship,True,D2-7101-release-reverse-r1-E-6,7101,E,release,reverse,1,7,canary,True,True
46233b8d5fe06402,canary,canary,True,True,True,True,True,True,True,canary,True,D2-7105-incident-base-r1-E-4,7105,E,incident,base,1,5,canary,True,True
26e1375c1c5d7121,none,none,True,True,True,True,True,True,True,none,True,D2-7100-incident-base-r0-E-2,7100,E,incident,base,0,3,ledger,True,True
44b17cecb843b427,probe,probe,True,True,True,True,True,True,True,probe,True,D2-7104-incident-base-r1-E-3,7104,E,incident,base,1,4,probe,True,True
be2c10f2d9fe82be,hold,hold,True,True,True,True,True,True,True,hold,True,D2-7100-release-base-r1-E-0,7100,E,release,base,1,1,probe,True,True
7e9fa9d18cbc88c0,none,none,True,True,True,True,True,True,True,none,True,D2-7101-incident-reverse-r1-E-2,7101,E,incident,reverse,1,3,probe,True,True
b35ab56fa8080eb4,probe,probe,True,True,True,True,True,True,True,probe,True,D2-7101-incident-reverse-r1-E-7,7101,E,incident,reverse,1,8,probe,True,True
77c76071addc2520,probe,probe,True,True,True,True,True,True,True,probe,True,D2-7101-incident-reverse-r1-E-3,7101,E,incident,reverse,1,4,probe,True,True
daa7467be62d4b35,hold,hold,True,True,True,True,True,True,True,hold,True,D2-7102-release-base-r1-E-4,7102,E,release,base,1,5,probe,True,True
e725d9c5855a7ab9,ship,ship,True,True,True,True,True,True,True,ship,True,D2-7104-release-reverse-r0-E-2,7104,E,release,reverse,0,3,canary,True,True
383c8978791601a7,hold,hold,True,True,True,True,True,True,True,hold,True,D2-7105-release-reverse-r0-E-4,7105,E,release,reverse,0,5,ledger,True,True
1259974d8c70ab65,none,none,True,True,True,True,True,True,True,none,True,D2-7102-incident-base-r1-E-1,7102,E,incident,base,1,2,ledger,True,True
bcba0ec290e0f371,none,none,True,True,True,True,True,True,True,none,True,D2-7105-incident-reverse-r1-E-6,7105,E,incident,reverse,1,7,ledger,True,True
c21ea8191f32f9ff,none,none,True,True,True,True,True,True,True,none,True,D2-7103-incident-reverse-r1-E-5,7103,E,incident,reverse,1,6,canary,True,True
470adaa2a0f7d1a6,ledger,ledger,True,True,True,True,True,True,True,ledger,True,D2-7100-incident-reverse-r1-E-4,7100,E,incident,reverse,1,5,ledger,True,True
b9f7972e094f0dc6,none,none,True,True,True,True,True,True,True,none,True,D2-7100-incident-reverse-r1-D-0,7100,D,incident,reverse,1,1,ledger,True,True
91a4c91389cf5942,none,none,True,True,True,True,True,True,True,none,True,D2-7100-incident-reverse-r1-D-0,7100,D,incident,reverse,1,2,probe,True,True
8e849a6425fd6d9e,probe,probe,True,True,True,True,True,True,True,probe,True,D2-7100-incident-reverse-r1-D-0,7100,D,incident,reverse,1,3,probe,True,True
f3c0ae514f0aab5e,probe,probe,True,True,True,True,True,True,True,probe,True,D2-7100-incident-reverse-r1-D-0,7100,D,incident,reverse,1,4,probe,False,True
470adaa2a0f7d1a6,ledger,none,False,False,True,True,True,True,True,none,False,D2-7100-incident-reverse-r1-D-0,7100,D,incident,reverse,1,5,ledger,True,True
26e1375c1c5d7121,none,none,True,True,True,True,True,True,True,none,True,D2-7100-incident-reverse-r1-D-0,7100,D,incident,reverse,1,6,ledger,True,True
4ca14e46f8e411f2,ledger,ledger,True,True,True,True,True,True,True,ledger,True,D2-7100-incident-reverse-r1-D-0,7100,D,incident,reverse,1,7,ledger,True,True
be2c10f2d9fe82be,none,none,True,True,True,True,True,True,True,none,True,D2-7100-incident-reverse-r1-D-0,7100,D,incident,reverse,1,8,probe,True,True
4481943e758bdfd7,ledger,ledger,True,True,True,True,True,True,True,ledger,True,D2-7103-incident-base-r0-E-7,7103,E,incident,base,0,8,ledger,True,True
71cf3c4681090f3e,hold,hold,True,True,True,True,True,True,True,hold,True,D2-7101-release-base-r1-E-3,7101,E,release,base,1,4,canary,True,True
934e569e8461676b,none,none,True,True,True,True,True,True,True,none,True,D2-7101-incident-base-r1-E-7,7101,E,incident,base,1,8,canary,True,True
69c758850c0acc08,hold,hold,True,True,True,True,True,True,True,hold,True,D2-7104-release-reverse-r0-E-7,7104,E,release,reverse,0,8,canary,True,True
b0a59a68111b5043,hold,hold,True,True,True,True,True,True,True,hold,True,D2-7103-release-reverse-r1-E-1,7103,E,release,reverse,1,2,ledger,True,True
2d6092ba7b6215c9,hold,hold,True,True,True,True,True,True,True,hold,True,D2-7105-release-base-r1-E-5,7105,E,release,base,1,6,ledger,True,True
8ca3846ce9f703af,probe,probe,True,True,True,True,True,True,True,probe,True,D2-7104-incident-base-r1-E-4,7104,E,incident,base,1,5,probe,True,True
b9f7972e094f0dc6,hold,hold,True,True,True,True,True,True,True,hold,True,D2-7100-release-reverse-r1-D-0,7100,D,release,reverse,1,1,ledger,True,True
91a4c91389cf5942,hold,hold,True,True,True,True,True,True,True,hold,True,D2-7100-release-reverse-r1-D-0,7100,D,release,reverse,1,2,probe,True,True
8e849a6425fd6d9e,hold,hold,True,True,True,True,True,True,True,hold,True,D2-7100-release-reverse-r1-D-0,7100,D,release,reverse,1,3,probe,True,True
f3c0ae514f0aab5e,ship,ship,True,True,True,True,True,True,True,ship,True,D2-7100-release-reverse-r1-D-0,7100,D,release,reverse,1,4,probe,False,True
470adaa2a0f7d1a6,hold,hold,True,True,True,True,True,True,True,hold,True,D2-7100-release-reverse-r1-D-0,7100,D,release,reverse,1,5,ledger,True,True
26e1375c1c5d7121,hold,hold,True,True,True,True,True,True,True,hold,True,D2-7100-release-reverse-r1-D-0,7100,D,release,reverse,1,6,ledger,True,True
4ca14e46f8e411f2,ship,hold,False,False,True,True,True,True,True,hold,False,D2-7100-release-reverse-r1-D-0,7100,D,release,reverse,1,7,ledger,True,True
be2c10f2d9fe82be,hold,hold,True,True,True,True,True,True,True,hold,True,D2-7100-release-reverse-r1-D-0,7100,D,release,reverse,1,8,probe,True,True
e5d3f146c647b656,none,none,True,True,True,True,True,True,True,none,True,D2-7102-incident-reverse-r1-D-0,7102,D,incident,reverse,1,1,probe,True,True
8340dfb4f2effb8c,ledger,ledger,True,True,True,True,True,True,True,ledger,True,D2-7102-incident-reverse-r1-D-0,7102,D,incident,reverse,1,2,ledger,True,True
b936c33341876d79,none,none,True,True,True,True,True,True,True,none,True,D2-7102-incident-reverse-r1-D-0,7102,D,incident,reverse,1,3,probe,True,True
daa7467be62d4b35,probe,none,False,False,True,True,True,True,True,none,False,D2-7102-incident-reverse-r1-D-0,7102,D,incident,reverse,1,4,probe,True,True
c8c7e5db927016f4,probe,none,False,False,True,True,True,True,True,none,False,D2-7102-incident-reverse-r1-D-0,7102,D,incident,reverse,1,5,probe,True,True
43860c257057bc50,ledger,ledger,True,True,True,True,True,True,True,ledger,True,D2-7102-incident-reverse-r1-D-0,7102,D,incident,reverse,1,6,ledger,True,True
1259974d8c70ab65,none,none,True,True,True,True,True,True,True,none,True,D2-7102-incident-reverse-r1-D-0,7102,D,incident,reverse,1,7,ledger,True,True
c10edf937732d9e7,none,none,True,True,True,True,True,True,True,none,True,D2-7102-incident-reverse-r1-D-0,7102,D,incident,reverse,1,8,ledger,True,True
daa7467be62d4b35,probe,probe,True,True,True,True,True,True,True,probe,True,D2-7102-incident-reverse-r0-E-3,7102,E,incident,reverse,0,4,probe,True,True
e725d9c5855a7ab9,canary,canary,True,True,True,True,True,True,True,canary,True,D2-7104-incident-base-r1-E-5,7104,E,incident,base,1,6,canary,True,True
00549750cec3f929,hold,hold,True,True,True,True,True,True,True,hold,True,D2-7104-release-base-r0-E-6,7104,E,release,base,0,7,probe,True,True
b0a59a68111b5043,none,none,True,True,True,True,True,True,True,none,True,D2-7103-incident-reverse-r0-E-1,7103,E,incident,reverse,0,2,ledger,True,True
4481943e758bdfd7,ship,ship,True,True,True,True,True,True,True,ship,True,D2-7103-release-base-r1-E-7,7103,E,release,base,1,8,ledger,True,True
46233b8d5fe06402,hold,hold,True,True,True,True,True,True,True,hold,True,D2-7105-release-reverse-r1-E-3,7105,E,release,reverse,1,4,canary,True,True
9dd3fac243dea03f,hold,hold,True,True,True,True,True,True,True,hold,True,D2-7105-release-base-r0-E-6,7105,E,release,base,0,7,canary,True,True
dddb4013bec7f162,hold,hold,True,True,True,True,True,True,True,hold,True,D2-7105-release-base-r1-E-7,7105,E,release,base,1,8,canary,True,True
8e849a6425fd6d9e,probe,probe,True,True,True,True,True,True,True,probe,True,D2-7100-incident-base-r1-E-5,7100,E,incident,base,1,6,probe,True,True
4ac943fecf9aa44f,none,none,True,True,True,True,True,True,True,none,True,D2-7101-incident-base-r1-E-2,7101,E,incident,base,1,3,canary,True,True
2d6092ba7b6215c9,ledger,ledger,True,True,True,True,True,True,True,ledger,True,D2-7105-incident-base-r0-E-5,7105,E,incident,base,0,6,ledger,True,True
91a4c91389cf5942,none,probe,False,False,True,True,True,True,True,probe,False,D2-7100-incident-reverse-r1-E-1,7100,E,incident,reverse,1,2,probe,True,True
8340dfb4f2effb8c,ledger,ledger,True,True,True,True,True,True,True,ledger,True,D2-7102-incident-reverse-r0-E-1,7102,E,incident,reverse,0,2,ledger,True,True
eae51b6d381991f1,ship,ship,True,True,True,True,True,True,True,ship,True,D2-7105-release-reverse-r0-E-5,7105,E,release,reverse,0,6,canary,True,True
e5d3f146c647b656,hold,hold,True,True,True,True,True,True,True,hold,True,D2-7102-release-reverse-r1-D-0,7102,D,release,reverse,1,1,probe,True,True
8340dfb4f2effb8c,ship,ship,True,True,True,True,True,True,True,ship,True,D2-7102-release-reverse-r1-D-0,7102,D,release,reverse,1,2,ledger,True,True
b936c33341876d79,hold,hold,True,True,True,True,True,True,True,hold,True,D2-7102-release-reverse-r1-D-0,7102,D,release,reverse,1,3,probe,True,True
daa7467be62d4b35,hold,hold,True,True,True,True,True,True,True,hold,True,D2-7102-release-reverse-r1-D-0,7102,D,release,reverse,1,4,probe,True,True
c8c7e5db927016f4,ship,ship,True,True,True,True,True,True,True,ship,True,D2-7102-release-reverse-r1-D-0,7102,D,release,reverse,1,5,probe,True,True
43860c257057bc50,hold,hold,True,True,True,True,True,True,True,hold,True,D2-7102-release-reverse-r1-D-0,7102,D,release,reverse,1,6,ledger,True,True
1259974d8c70ab65,hold,hold,True,True,True,True,True,True,True,hold,True,D2-7102-release-reverse-r1-D-0,7102,D,release,reverse,1,7,ledger,True,True
c10edf937732d9e7,hold,hold,True,True,True,True,True,True,True,hold,True,D2-7102-release-reverse-r1-D-0,7102,D,release,reverse,1,8,ledger,True,True
7c93f59ec0f00f41,none,none,True,True,True,True,True,True,True,none,True,D2-7104-incident-reverse-r0-E-5,7104,E,incident,reverse,0,6,canary,True,True
46233b8d5fe06402,canary,canary,True,True,True,True,True,True,True,canary,True,D2-7105-incident-reverse-r1-E-3,7105,E,incident,reverse,1,4,canary,True,True
b88aed1ebea6339d,hold,hold,True,True,True,True,True,True,True,hold,True,D2-7103-release-reverse-r0-E-7,7103,E,release,reverse,0,8,ledger,True,True
b88aed1ebea6339d,none,none,True,True,True,True,True,True,True,none,True,D2-7103-incident-base-r1-E-0,7103,E,incident,base,1,1,ledger,True,True
d31f40d5216d3044,ship,ship,True,True,True,True,True,True,True,ship,True,D2-7105-release-reverse-r1-E-7,7105,E,release,reverse,1,8,ledger,True,True
dddb4013bec7f162,none,none,True,True,True,True,True,True,True,none,True,D2-7105-incident-base-r1-E-7,7105,E,incident,base,1,8,canary,True,True
470adaa2a0f7d1a6,hold,hold,True,True,True,True,True,True,True,hold,True,D2-7100-release-base-r1-E-3,7100,E,release,base,1,4,ledger,True,True
c8c7e5db927016f4,ship,ship,True,True,True,True,True,True,True,ship,True,D2-7102-release-reverse-r0-E-4,7102,E,release,reverse,0,5,probe,True,True
470adaa2a0f7d1a6,ledger,ledger,True,True,True,True,True,True,True,ledger,True,D2-7100-incident-base-r1-E-3,7100,E,incident,base,1,4,ledger,True,True
1259974d8c70ab65,none,none,True,True,True,True,True,True,True,none,True,D2-7102-incident-base-r0-E-1,7102,E,incident,base,0,2,ledger,True,True
8e849a6425fd6d9e,hold,hold,True,True,True,True,True,True,True,hold,True,D2-7100-release-reverse-r1-E-2,7100,E,release,reverse,1,3,probe,True,True
7e9fa9d18cbc88c0,none,none,True,True,True,True,True,True,True,none,True,D2-7101-incident-base-r0-E-5,7101,E,incident,base,0,6,probe,True,True
44b17cecb843b427,ship,ship,True,True,True,True,True,True,True,ship,True,D2-7104-release-base-r0-E-3,7104,E,release,base,0,4,probe,True,True
4481943e758bdfd7,ship,ship,True,True,True,True,True,True,True,ship,True,D2-7103-release-reverse-r0-D-0,7103,D,release,reverse,0,1,ledger,True,True
b0a59a68111b5043,hold,hold,True,True,True,True,True,True,True,hold,True,D2-7103-release-reverse-r0-D-0,7103,D,release,reverse,0,2,ledger,True,True
914636eddc593636,hold,hold,True,True,True,True,True,True,True,hold,True,D2-7103-release-reverse-r0-D-0,7103,D,release,reverse,0,3,ledger,True,True
46539b0cc5d37ecd,hold,hold,True,True,True,True,True,True,True,hold,True,D2-7103-release-reverse-r0-D-0,7103,D,release,reverse,0,4,canary,True,True
d075ae34c0b43436,ship,ship,True,True,True,True,True,True,True,ship,True,D2-7103-release-reverse-r0-D-0,7103,D,release,reverse,0,5,canary,True,True
c21ea8191f32f9ff,hold,hold,True,True,True,True,True,True,True,hold,True,D2-7103-release-reverse-r0-D-0,7103,D,release,reverse,0,6,canary,True,True
5cfa615ebc1de962,hold,hold,True,True,True,True,True,True,True,hold,True,D2-7103-release-reverse-r0-D-0,7103,D,release,reverse,0,7,canary,True,True
b88aed1ebea6339d,hold,hold,True,True,True,True,True,True,True,hold,True,D2-7103-release-reverse-r0-D-0,7103,D,release,reverse,0,8,ledger,True,True
3cffeda1098d795a,hold,hold,True,True,True,True,True,True,True,hold,True,D2-7101-release-reverse-r1-E-1,7101,E,release,reverse,1,2,probe,True,True
9dd3fac243dea03f,none,none,True,True,True,True,True,True,True,none,True,D2-7105-incident-base-r0-E-6,7105,E,incident,base,0,7,canary,True,True
c10edf937732d9e7,none,none,True,True,True,True,True,True,True,none,True,D2-7102-incident-base-r1-D-0,7102,D,incident,base,1,1,ledger,True,True
1259974d8c70ab65,none,none,True,True,True,True,True,True,True,none,True,D2-7102-incident-base-r1-D-0,7102,D,incident,base,1,2,ledger,True,True
43860c257057bc50,ledger,ledger,True,True,True,True,True,True,True,ledger,True,D2-7102-incident-base-r1-D-0,7102,D,incident,base,1,3,ledger,True,True
c8c7e5db927016f4,probe,probe,True,True,True,True,True,True,True,probe,True,D2-7102-incident-base-r1-D-0,7102,D,incident,base,1,4,probe,True,True
daa7467be62d4b35,probe,probe,True,True,True,True,True,True,True,probe,True,D2-7102-incident-base-r1-D-0,7102,D,incident,base,1,5,probe,True,True
b936c33341876d79,none,none,True,True,True,True,True,True,True,none,True,D2-7102-incident-base-r1-D-0,7102,D,incident,base,1,6,probe,True,True
8340dfb4f2effb8c,ledger,ledger,True,True,True,True,True,True,True,ledger,True,D2-7102-incident-base-r1-D-0,7102,D,incident,base,1,7,ledger,True,True
e5d3f146c647b656,none,none,True,True,True,True,True,True,True,none,True,D2-7102-incident-base-r1-D-0,7102,D,incident,base,1,8,probe,True,True
1259974d8c70ab65,hold,hold,True,True,True,True,True,True,True,hold,True,D2-7102-release-base-r0-E-1,7102,E,release,base,0,2,ledger,True,True
4ca14e46f8e411f2,ledger,ledger,True,True,True,True,True,True,True,ledger,True,D2-7100-incident-base-r1-E-1,7100,E,incident,base,1,2,ledger,True,True
91a4c91389cf5942,none,probe,False,False,True,True,True,True,True,probe,False,D2-7100-incident-base-r0-E-6,7100,E,incident,base,0,7,probe,True,True
69c758850c0acc08,canary,canary,True,True,True,True,True,True,True,canary,True,D2-7104-incident-base-r1-E-0,7104,E,incident,base,1,1,canary,True,True
f4d11adc7cd142e1,hold,hold,True,True,True,True,True,True,True,hold,True,D2-7104-release-reverse-r0-E-6,7104,E,release,reverse,0,7,probe,True,True
00549750cec3f929,none,probe,False,False,True,True,True,True,True,probe,False,D2-7104-incident-reverse-r1-E-1,7104,E,incident,reverse,1,2,probe,True,True
bcba0ec290e0f371,hold,hold,True,True,True,True,True,True,True,hold,True,D2-7105-release-base-r1-E-1,7105,E,release,base,1,2,ledger,True,True
b9f7972e094f0dc6,hold,hold,True,True,True,True,True,True,True,hold,True,D2-7100-release-base-r1-E-7,7100,E,release,base,1,8,ledger,True,True
7c93f59ec0f00f41,hold,,False,False,False,True,False,True,False,,False,D2-7104-release-reverse-r1-E-5,7104,E,release,reverse,1,6,canary,True,True
8340dfb4f2effb8c,ledger,ledger,True,True,True,True,True,True,True,ledger,True,D2-7102-incident-reverse-r1-E-1,7102,E,incident,reverse,1,2,ledger,True,True
d075ae34c0b43436,ship,ship,True,True,True,True,True,True,True,ship,True,D2-7103-release-base-r0-E-3,7103,E,release,base,0,4,canary,True,True
c10edf937732d9e7,none,none,True,True,True,True,True,True,True,none,True,D2-7102-incident-base-r1-E-0,7102,E,incident,base,1,1,ledger,True,True
b35ab56fa8080eb4,hold,hold,True,True,True,True,True,True,True,hold,True,D2-7101-release-base-r0-D-0,7101,D,release,base,0,1,probe,True,True
ed90279bd964e7b2,ship,ship,True,True,True,True,True,True,True,ship,True,D2-7101-release-base-r0-D-0,7101,D,release,base,0,2,canary,True,True
4ac943fecf9aa44f,hold,hold,True,True,True,True,True,True,True,hold,True,D2-7101-release-base-r0-D-0,7101,D,release,base,0,3,canary,True,True
71cf3c4681090f3e,hold,hold,True,True,True,True,True,True,True,hold,True,D2-7101-release-base-r0-D-0,7101,D,release,base,0,4,canary,True,True
77c76071addc2520,ship,ship,True,True,True,True,True,True,True,ship,True,D2-7101-release-base-r0-D-0,7101,D,release,base,0,5,probe,True,True
7e9fa9d18cbc88c0,hold,hold,True,True,True,True,True,True,True,hold,True,D2-7101-release-base-r0-D-0,7101,D,release,base,0,6,probe,True,True
3cffeda1098d795a,hold,hold,True,True,True,True,True,True,True,hold,True,D2-7101-release-base-r0-D-0,7101,D,release,base,0,7,probe,True,True
934e569e8461676b,hold,hold,True,True,True,True,True,True,True,hold,True,D2-7101-release-base-r0-D-0,7101,D,release,base,0,8,canary,True,True
71cf3c4681090f3e,canary,canary,True,True,True,True,True,True,True,canary,True,D2-7101-incident-reverse-r0-E-4,7101,E,incident,reverse,0,5,canary,True,True
a61175900cf60bc4,hold,hold,True,True,True,True,True,True,True,hold,True,D2-7104-release-reverse-r0-E-0,7104,E,release,reverse,0,1,canary,True,True
eae51b6d381991f1,ship,ship,True,True,True,True,True,True,True,ship,True,D2-7105-release-reverse-r1-E-5,7105,E,release,reverse,1,6,canary,True,True
d31f40d5216d3044,ship,ship,True,True,True,True,True,True,True,ship,True,D2-7105-release-base-r0-D-0,7105,D,release,base,0,1,ledger,True,True
bcba0ec290e0f371,hold,hold,True,True,True,True,True,True,True,hold,True,D2-7105-release-base-r0-D-0,7105,D,release,base,0,2,ledger,True,True
eae51b6d381991f1,ship,ship,True,True,True,True,True,True,True,ship,True,D2-7105-release-base-r0-D-0,7105,D,release,base,0,3,canary,True,True
383c8978791601a7,hold,hold,True,True,True,True,True,True,True,hold,True,D2-7105-release-base-r0-D-0,7105,D,release,base,0,4,ledger,True,True
46233b8d5fe06402,hold,hold,True,True,True,True,True,True,True,hold,True,D2-7105-release-base-r0-D-0,7105,D,release,base,0,5,canary,True,True
2d6092ba7b6215c9,hold,hold,True,True,True,True,True,True,True,hold,True,D2-7105-release-base-r0-D-0,7105,D,release,base,0,6,ledger,True,True
9dd3fac243dea03f,hold,hold,True,True,True,True,True,True,True,hold,True,D2-7105-release-base-r0-D-0,7105,D,release,base,0,7,canary,True,True
dddb4013bec7f162,hold,ship,False,False,True,True,True,True,True,ship,False,D2-7105-release-base-r0-D-0,7105,D,release,base,0,8,canary,True,True
69c758850c0acc08,hold,hold,True,True,True,True,True,True,True,hold,True,D2-7104-release-base-r1-D-0,7104,D,release,base,1,1,canary,True,True
f4d11adc7cd142e1,hold,hold,True,True,True,True,True,True,True,hold,True,D2-7104-release-base-r1-D-0,7104,D,release,base,1,2,probe,True,True
7c93f59ec0f00f41,hold,hold,True,True,True,True,True,True,True,hold,True,D2-7104-release-base-r1-D-0,7104,D,release,base,1,3,canary,True,True
44b17cecb843b427,ship,ship,True,True,True,True,True,True,True,ship,True,D2-7104-release-base-r1-D-0,7104,D,release,base,1,4,probe,True,True
8ca3846ce9f703af,hold,hold,True,True,True,True,True,True,True,hold,True,D2-7104-release-base-r1-D-0,7104,D,release,base,1,5,probe,True,True
e725d9c5855a7ab9,ship,hold,False,False,True,True,True,True,True,hold,False,D2-7104-release-base-r1-D-0,7104,D,release,base,1,6,canary,True,True
00549750cec3f929,hold,hold,True,True,True,True,True,True,True,hold,True,D2-7104-release-base-r1-D-0,7104,D,release,base,1,7,probe,True,True
a61175900cf60bc4,hold,hold,True,True,True,True,True,True,True,hold,True,D2-7104-release-base-r1-D-0,7104,D,release,base,1,8,canary,True,True
e725d9c5855a7ab9,ship,ship,True,True,True,True,True,True,True,ship,True,D2-7104-release-base-r1-E-5,7104,E,release,base,1,6,canary,True,True
46539b0cc5d37ecd,canary,canary,True,True,True,True,True,True,True,canary,True,D2-7103-incident-base-r1-E-4,7103,E,incident,base,1,5,canary,True,True
00549750cec3f929,none,probe,False,False,True,True,True,True,True,probe,False,D2-7104-incident-base-r0-E-6,7104,E,incident,base,0,7,probe,True,True
b88aed1ebea6339d,hold,hold,True,True,True,True,True,True,True,hold,True,D2-7103-release-base-r1-D-0,7103,D,release,base,1,1,ledger,True,True
5cfa615ebc1de962,hold,hold,True,True,True,True,True,True,True,hold,True,D2-7103-release-base-r1-D-0,7103,D,release,base,1,2,canary,True,True
c21ea8191f32f9ff,hold,hold,True,True,True,True,True,True,True,hold,True,D2-7103-release-base-r1-D-0,7103,D,release,base,1,3,canary,True,True
d075ae34c0b43436,ship,ship,True,True,True,True,True,True,True,ship,True,D2-7103-release-base-r1-D-0,7103,D,release,base,1,4,canary,True,True
46539b0cc5d37ecd,hold,hold,True,True,True,True,True,True,True,hold,True,D2-7103-release-base-r1-D-0,7103,D,release,base,1,5,canary,True,True
914636eddc593636,hold,hold,True,True,True,True,True,True,True,hold,True,D2-7103-release-base-r1-D-0,7103,D,release,base,1,6,ledger,True,True
b0a59a68111b5043,hold,hold,True,True,True,True,True,True,True,hold,True,D2-7103-release-base-r1-D-0,7103,D,release,base,1,7,ledger,True,True
4481943e758bdfd7,ship,ship,True,True,True,True,True,True,True,ship,True,D2-7103-release-base-r1-D-0,7103,D,release,base,1,8,ledger,True,True
8e849a6425fd6d9e,hold,hold,True,True,True,True,True,True,True,hold,True,D2-7100-release-base-r1-E-5,7100,E,release,base,1,6,probe,True,True
e725d9c5855a7ab9,canary,canary,True,True,True,True,True,True,True,canary,True,D2-7104-incident-reverse-r1-E-2,7104,E,incident,reverse,1,3,canary,True,True
d31f40d5216d3044,ledger,ledger,True,True,True,True,True,True,True,ledger,True,D2-7105-incident-base-r0-E-0,7105,E,incident,base,0,1,ledger,True,True
8e849a6425fd6d9e,hold,hold,True,True,True,True,True,True,True,hold,True,D2-7100-release-base-r0-E-5,7100,E,release,base,0,6,probe,True,True
69c758850c0acc08,hold,hold,True,True,True,True,True,True,True,hold,True,D2-7104-release-reverse-r1-E-7,7104,E,release,reverse,1,8,canary,True,True
934e569e8461676b,none,none,True,True,True,True,True,True,True,none,True,D2-7101-incident-reverse-r0-D-0,7101,D,incident,reverse,0,1,canary,True,True
3cffeda1098d795a,none,none,True,True,True,True,True,True,True,none,True,D2-7101-incident-reverse-r0-D-0,7101,D,incident,reverse,0,2,probe,True,True
7e9fa9d18cbc88c0,none,none,True,True,True,True,True,True,True,none,True,D2-7101-incident-reverse-r0-D-0,7101,D,incident,reverse,0,3,probe,True,True
77c76071addc2520,probe,probe,True,True,True,True,True,True,True,probe,True,D2-7101-incident-reverse-r0-D-0,7101,D,incident,reverse,0,4,probe,True,True
71cf3c4681090f3e,canary,canary,True,True,True,True,True,True,True,canary,True,D2-7101-incident-reverse-r0-D-0,7101,D,incident,reverse,0,5,canary,True,True
4ac943fecf9aa44f,none,none,True,True,True,True,True,True,True,none,True,D2-7101-incident-reverse-r0-D-0,7101,D,incident,reverse,0,6,canary,True,True
ed90279bd964e7b2,canary,canary,True,True,True,True,True,True,True,canary,True,D2-7101-incident-reverse-r0-D-0,7101,D,incident,reverse,0,7,canary,True,True
b35ab56fa8080eb4,probe,probe,True,True,True,True,True,True,True,probe,True,D2-7101-incident-reverse-r0-D-0,7101,D,incident,reverse,0,8,probe,True,True
c10edf937732d9e7,none,none,True,True,True,True,True,True,True,none,True,D2-7102-incident-base-r0-E-0,7102,E,incident,base,0,1,ledger,True,True
dddb4013bec7f162,none,none,True,True,True,True,True,True,True,none,True,D2-7105-incident-reverse-r1-D-0,7105,D,incident,reverse,1,1,canary,True,True
9dd3fac243dea03f,none,none,True,True,True,True,True,True,True,none,True,D2-7105-incident-reverse-r1-D-0,7105,D,incident,reverse,1,2,canary,True,True
2d6092ba7b6215c9,ledger,ledger,True,True,True,True,True,True,True,ledger,True,D2-7105-incident-reverse-r1-D-0,7105,D,incident,reverse,1,3,ledger,True,True
46233b8d5fe06402,canary,canary,True,True,True,True,True,True,True,canary,True,D2-7105-incident-reverse-r1-D-0,7105,D,incident,reverse,1,4,canary,True,True
383c8978791601a7,none,none,True,True,True,True,True,True,True,none,True,D2-7105-incident-reverse-r1-D-0,7105,D,incident,reverse,1,5,ledger,True,True
eae51b6d381991f1,canary,canary,True,True,True,True,True,True,True,canary,True,D2-7105-incident-reverse-r1-D-0,7105,D,incident,reverse,1,6,canary,True,True
bcba0ec290e0f371,none,none,True,True,True,True,True,True,True,none,True,D2-7105-incident-reverse-r1-D-0,7105,D,incident,reverse,1,7,ledger,True,True
d31f40d5216d3044,ledger,ledger,True,True,True,True,True,True,True,ledger,True,D2-7105-incident-reverse-r1-D-0,7105,D,incident,reverse,1,8,ledger,True,True
43860c257057bc50,hold,hold,True,True,True,True,True,True,True,hold,True,D2-7102-release-base-r1-E-2,7102,E,release,base,1,3,ledger,True,True
bcba0ec290e0f371,hold,hold,True,True,True,True,True,True,True,hold,True,D2-7105-release-reverse-r1-E-6,7105,E,release,reverse,1,7,ledger,True,True
be2c10f2d9fe82be,hold,hold,True,True,True,True,True,True,True,hold,True,D2-7100-release-reverse-r0-E-7,7100,E,release,reverse,0,8,probe,True,True
8340dfb4f2effb8c,ship,ship,True,True,True,True,True,True,True,ship,True,D2-7102-release-base-r0-E-6,7102,E,release,base,0,7,ledger,True,True
43860c257057bc50,ledger,ledger,True,True,True,True,True,True,True,ledger,True,D2-7102-incident-base-r0-E-2,7102,E,incident,base,0,3,ledger,True,True
9dd3fac243dea03f,none,none,True,True,True,True,True,True,True,none,True,D2-7105-incident-reverse-r0-E-1,7105,E,incident,reverse,0,2,canary,True,True
e5d3f146c647b656,none,none,True,True,True,True,True,True,True,none,True,D2-7102-incident-reverse-r0-D-0,7102,D,incident,reverse,0,1,probe,True,True
8340dfb4f2effb8c,ledger,ledger,True,True,True,True,True,True,True,ledger,True,D2-7102-incident-reverse-r0-D-0,7102,D,incident,reverse,0,2,ledger,True,True
b936c33341876d79,none,none,True,True,True,True,True,True,True,none,True,D2-7102-incident-reverse-r0-D-0,7102,D,incident,reverse,0,3,probe,True,True
daa7467be62d4b35,probe,none,False,False,True,True,True,True,True,none,False,D2-7102-incident-reverse-r0-D-0,7102,D,incident,reverse,0,4,probe,True,True
c8c7e5db927016f4,probe,none,False,False,True,True,True,True,True,none,False,D2-7102-incident-reverse-r0-D-0,7102,D,incident,reverse,0,5,probe,True,True
43860c257057bc50,ledger,ledger,True,True,True,True,True,True,True,ledger,True,D2-7102-incident-reverse-r0-D-0,7102,D,incident,reverse,0,6,ledger,True,True
1259974d8c70ab65,none,none,True,True,True,True,True,True,True,none,True,D2-7102-incident-reverse-r0-D-0,7102,D,incident,reverse,0,7,ledger,True,True
c10edf937732d9e7,none,none,True,True,True,True,True,True,True,none,True,D2-7102-incident-reverse-r0-D-0,7102,D,incident,reverse,0,8,ledger,True,True
e725d9c5855a7ab9,ship,ship,True,True,True,True,True,True,True,ship,True,D2-7104-release-reverse-r1-E-2,7104,E,release,reverse,1,3,canary,True,True
4ca14e46f8e411f2,ledger,ledger,True,True,True,True,True,True,True,ledger,True,D2-7100-incident-base-r0-E-1,7100,E,incident,base,0,2,ledger,True,True
2d6092ba7b6215c9,hold,hold,True,True,True,True,True,True,True,hold,True,D2-7105-release-reverse-r1-E-2,7105,E,release,reverse,1,3,ledger,True,True
be2c10f2d9fe82be,hold,hold,True,True,True,True,True,True,True,hold,True,D2-7100-release-reverse-r1-E-7,7100,E,release,reverse,1,8,probe,True,True
c21ea8191f32f9ff,hold,hold,True,True,True,True,True,True,True,hold,True,D2-7103-release-base-r0-E-2,7103,E,release,base,0,3,canary,True,True
44b17cecb843b427,ship,ship,True,True,True,True,True,True,True,ship,True,D2-7104-release-reverse-r1-E-4,7104,E,release,reverse,1,5,probe,True,True
be2c10f2d9fe82be,none,none,True,True,True,True,True,True,True,none,True,D2-7100-incident-reverse-r0-E-7,7100,E,incident,reverse,0,8,probe,True,True
f4d11adc7cd142e1,hold,hold,True,True,True,True,True,True,True,hold,True,D2-7104-release-base-r0-E-1,7104,E,release,base,0,2,probe,True,True
7e9fa9d18cbc88c0,none,none,True,True,True,True,True,True,True,none,True,D2-7101-incident-reverse-r0-E-2,7101,E,incident,reverse,0,3,probe,True,True
91a4c91389cf5942,hold,hold,True,True,True,True,True,True,True,hold,True,D2-7100-release-base-r1-E-6,7100,E,release,base,1,7,probe,True,True
5cfa615ebc1de962,hold,hold,True,True,True,True,True,True,True,hold,True,D2-7103-release-reverse-r1-E-6,7103,E,release,reverse,1,7,canary,True,True
470adaa2a0f7d1a6,ledger,ledger,True,True,True,True,True,True,True,ledger,True,D2-7100-incident-reverse-r0-E-4,7100,E,incident,reverse,0,5,ledger,True,True
f4d11adc7cd142e1,none,none,True,True,True,True,True,True,True,none,True,D2-7104-incident-reverse-r1-E-6,7104,E,incident,reverse,1,7,probe,True,True
9dd3fac243dea03f,none,none,True,True,True,True,True,True,True,none,True,D2-7105-incident-base-r1-E-6,7105,E,incident,base,1,7,canary,True,True
69c758850c0acc08,hold,hold,True,True,True,True,True,True,True,hold,True,D2-7104-release-base-r1-E-0,7104,E,release,base,1,1,canary,True,True
8340dfb4f2effb8c,ship,ship,True,True,True,True,True,True,True,ship,True,D2-7102-release-reverse-r0-E-1,7102,E,release,reverse,0,2,ledger,True,True
1259974d8c70ab65,hold,hold,True,True,True,True,True,True,True,hold,True,D2-7102-release-reverse-r1-E-6,7102,E,release,reverse,1,7,ledger,True,True
bcba0ec290e0f371,none,none,True,True,True,True,True,True,True,none,True,D2-7105-incident-base-r1-E-1,7105,E,incident,base,1,2,ledger,True,True
c21ea8191f32f9ff,none,none,True,True,True,True,True,True,True,none,True,D2-7103-incident-base-r1-E-2,7103,E,incident,base,1,3,canary,True,True
383c8978791601a7,hold,hold,True,True,True,True,True,True,True,hold,True,D2-7105-release-reverse-r1-E-4,7105,E,release,reverse,1,5,ledger,True,True
26e1375c1c5d7121,hold,hold,True,True,True,True,True,True,True,hold,True,D2-7100-release-reverse-r1-E-5,7100,E,release,reverse,1,6,ledger,True,True
8ca3846ce9f703af,hold,hold,True,True,True,True,True,True,True,hold,True,D2-7104-release-reverse-r1-E-3,7104,E,release,reverse,1,4,probe,True,True
a61175900cf60bc4,none,none,True,True,True,True,True,True,True,none,True,D2-7104-incident-reverse-r1-D-0,7104,D,incident,reverse,1,1,canary,True,True
00549750cec3f929,none,none,True,True,True,True,True,True,True,none,True,D2-7104-incident-reverse-r1-D-0,7104,D,incident,reverse,1,2,probe,True,True
e725d9c5855a7ab9,canary,canary,True,True,True,True,True,True,True,canary,True,D2-7104-incident-reverse-r1-D-0,7104,D,incident,reverse,1,3,canary,True,True
8ca3846ce9f703af,probe,probe,True,True,True,True,True,True,True,probe,True,D2-7104-incident-reverse-r1-D-0,7104,D,incident,reverse,1,4,probe,True,True
44b17cecb843b427,probe,probe,True,True,True,True,True,True,True,probe,True,D2-7104-incident-reverse-r1-D-0,7104,D,incident,reverse,1,5,probe,True,True
7c93f59ec0f00f41,none,canary,False,False,True,True,True,True,True,canary,False,D2-7104-incident-reverse-r1-D-0,7104,D,incident,reverse,1,6,canary,True,True
f4d11adc7cd142e1,none,probe,False,False,True,True,True,True,True,probe,False,D2-7104-incident-reverse-r1-D-0,7104,D,incident,reverse,1,7,probe,True,True
69c758850c0acc08,canary,canary,True,True,True,True,True,True,True,canary,True,D2-7104-incident-reverse-r1-D-0,7104,D,incident,reverse,1,8,canary,True,True
a61175900cf60bc4,hold,hold,True,True,True,True,True,True,True,hold,True,D2-7104-release-reverse-r0-D-0,7104,D,release,reverse,0,1,canary,True,True
00549750cec3f929,hold,hold,True,True,True,True,True,True,True,hold,True,D2-7104-release-reverse-r0-D-0,7104,D,release,reverse,0,2,probe,True,True
e725d9c5855a7ab9,ship,ship,True,True,True,True,True,True,True,ship,True,D2-7104-release-reverse-r0-D-0,7104,D,release,reverse,0,3,canary,True,True
8ca3846ce9f703af,hold,hold,True,True,True,True,True,True,True,hold,True,D2-7104-release-reverse-r0-D-0,7104,D,release,reverse,0,4,probe,True,True
44b17cecb843b427,ship,ship,True,True,True,True,True,True,True,ship,True,D2-7104-release-reverse-r0-D-0,7104,D,release,reverse,0,5,probe,True,True
7c93f59ec0f00f41,hold,hold,True,True,True,True,True,True,True,hold,True,D2-7104-release-reverse-r0-D-0,7104,D,release,reverse,0,6,canary,True,True
f4d11adc7cd142e1,hold,hold,True,True,True,True,True,True,True,hold,True,D2-7104-release-reverse-r0-D-0,7104,D,release,reverse,0,7,probe,True,True
69c758850c0acc08,hold,hold,True,True,True,True,True,True,True,hold,True,D2-7104-release-reverse-r0-D-0,7104,D,release,reverse,0,8,canary,True,True
b35ab56fa8080eb4,probe,probe,True,True,True,True,True,True,True,probe,True,D2-7101-incident-base-r1-E-0,7101,E,incident,base,1,1,probe,True,True
934e569e8461676b,hold,hold,True,True,True,True,True,True,True,hold,True,D2-7101-release-base-r1-E-7,7101,E,release,base,1,8,canary,True,True
b35ab56fa8080eb4,probe,probe,True,True,True,True,True,True,True,probe,True,D2-7101-incident-base-r1-D-0,7101,D,incident,base,1,1,probe,True,True
ed90279bd964e7b2,canary,canary,True,True,True,True,True,True,True,canary,True,D2-7101-incident-base-r1-D-0,7101,D,incident,base,1,2,canary,True,True
4ac943fecf9aa44f,none,canary,False,False,True,True,True,True,True,canary,False,D2-7101-incident-base-r1-D-0,7101,D,incident,base,1,3,canary,True,True
71cf3c4681090f3e,canary,canary,True,True,True,True,True,True,True,canary,True,D2-7101-incident-base-r1-D-0,7101,D,incident,base,1,4,canary,True,True
77c76071addc2520,probe,probe,True,True,True,True,True,True,True,probe,True,D2-7101-incident-base-r1-D-0,7101,D,incident,base,1,5,probe,True,True
7e9fa9d18cbc88c0,none,probe,False,False,True,True,True,True,True,probe,False,D2-7101-incident-base-r1-D-0,7101,D,incident,base,1,6,probe,True,True
3cffeda1098d795a,none,probe,False,False,True,True,True,True,True,probe,False,D2-7101-incident-base-r1-D-0,7101,D,incident,base,1,7,probe,True,True
934e569e8461676b,none,canary,False,False,True,True,True,True,True,canary,False,D2-7101-incident-base-r1-D-0,7101,D,incident,base,1,8,canary,True,True
b35ab56fa8080eb4,hold,hold,True,True,True,True,True,True,True,hold,True,D2-7101-release-base-r1-D-0,7101,D,release,base,1,1,probe,True,True
ed90279bd964e7b2,ship,ship,True,True,True,True,True,True,True,ship,True,D2-7101-release-base-r1-D-0,7101,D,release,base,1,2,canary,True,True
4ac943fecf9aa44f,hold,hold,True,True,True,True,True,True,True,hold,True,D2-7101-release-base-r1-D-0,7101,D,release,base,1,3,canary,True,True
71cf3c4681090f3e,hold,hold,True,True,True,True,True,True,True,hold,True,D2-7101-release-base-r1-D-0,7101,D,release,base,1,4,canary,True,True
77c76071addc2520,ship,ship,True,True,True,True,True,True,True,ship,True,D2-7101-release-base-r1-D-0,7101,D,release,base,1,5,probe,True,True
7e9fa9d18cbc88c0,hold,hold,True,True,True,True,True,True,True,hold,True,D2-7101-release-base-r1-D-0,7101,D,release,base,1,6,probe,True,True
3cffeda1098d795a,hold,hold,True,True,True,True,True,True,True,hold,True,D2-7101-release-base-r1-D-0,7101,D,release,base,1,7,probe,True,True
934e569e8461676b,hold,hold,True,True,True,True,True,True,True,hold,True,D2-7101-release-base-r1-D-0,7101,D,release,base,1,8,canary,True,True
eae51b6d381991f1,ship,ship,True,True,True,True,True,True,True,ship,True,D2-7105-release-base-r1-E-2,7105,E,release,base,1,3,canary,True,True
4481943e758bdfd7,ship,ship,True,True,True,True,True,True,True,ship,True,D2-7103-release-reverse-r1-D-0,7103,D,release,reverse,1,1,ledger,True,True
b0a59a68111b5043,hold,hold,True,True,True,True,True,True,True,hold,True,D2-7103-release-reverse-r1-D-0,7103,D,release,reverse,1,2,ledger,True,True
914636eddc593636,hold,hold,True,True,True,True,True,True,True,hold,True,D2-7103-release-reverse-r1-D-0,7103,D,release,reverse,1,3,ledger,True,True
46539b0cc5d37ecd,hold,hold,True,True,True,True,True,True,True,hold,True,D2-7103-release-reverse-r1-D-0,7103,D,release,reverse,1,4,canary,True,True
d075ae34c0b43436,ship,ship,True,True,True,True,True,True,True,ship,True,D2-7103-release-reverse-r1-D-0,7103,D,release,reverse,1,5,canary,True,True
c21ea8191f32f9ff,hold,hold,True,True,True,True,True,True,True,hold,True,D2-7103-release-reverse-r1-D-0,7103,D,release,reverse,1,6,canary,True,True
5cfa615ebc1de962,hold,hold,True,True,True,True,True,True,True,hold,True,D2-7103-release-reverse-r1-D-0,7103,D,release,reverse,1,7,canary,True,True
b88aed1ebea6339d,hold,hold,True,True,True,True,True,True,True,hold,True,D2-7103-release-reverse-r1-D-0,7103,D,release,reverse,1,8,ledger,True,True
9dd3fac243dea03f,hold,hold,True,True,True,True,True,True,True,hold,True,D2-7105-release-base-r1-E-6,7105,E,release,base,1,7,canary,True,True
c21ea8191f32f9ff,hold,hold,True,True,True,True,True,True,True,hold,True,D2-7103-release-reverse-r0-E-5,7103,E,release,reverse,0,6,canary,True,True
4481943e758bdfd7,ship,ship,True,True,True,True,True,True,True,ship,True,D2-7103-release-reverse-r1-E-0,7103,E,release,reverse,1,1,ledger,True,True
914636eddc593636,hold,hold,True,True,True,True,True,True,True,hold,True,D2-7103-release-base-r0-E-5,7103,E,release,base,0,6,ledger,True,True
914636eddc593636,hold,hold,True,True,True,True,True,True,True,hold,True,D2-7103-release-reverse-r1-E-2,7103,E,release,reverse,1,3,ledger,True,True
46539b0cc5d37ecd,canary,canary,True,True,True,True,True,True,True,canary,True,D2-7103-incident-reverse-r0-E-3,7103,E,incident,reverse,0,4,canary,True,True
46539b0cc5d37ecd,hold,hold,True,True,True,True,True,True,True,hold,True,D2-7103-release-base-r0-E-4,7103,E,release,base,0,5,canary,True,True
9dd3fac243dea03f,hold,hold,True,True,True,True,True,True,True,hold,True,D2-7105-release-reverse-r1-E-1,7105,E,release,reverse,1,2,canary,True,True
1259974d8c70ab65,none,none,True,True,True,True,True,True,True,none,True,D2-7102-incident-reverse-r0-E-6,7102,E,incident,reverse,0,7,ledger,True,True
e725d9c5855a7ab9,canary,canary,True,True,True,True,True,True,True,canary,True,D2-7104-incident-base-r0-E-5,7104,E,incident,base,0,6,canary,True,True
8e849a6425fd6d9e,probe,probe,True,True,True,True,True,True,True,probe,True,D2-7100-incident-base-r0-E-5,7100,E,incident,base,0,6,probe,True,True
00549750cec3f929,hold,hold,True,True,True,True,True,True,True,hold,True,D2-7104-release-base-r1-E-6,7104,E,release,base,1,7,probe,True,True
4ca14e46f8e411f2,ship,ship,True,True,True,True,True,True,True,ship,True,D2-7100-release-base-r0-E-1,7100,E,release,base,0,2,ledger,True,True
a61175900cf60bc4,hold,hold,True,True,True,True,True,True,True,hold,True,D2-7104-release-reverse-r1-D-0,7104,D,release,reverse,1,1,canary,True,True
00549750cec3f929,hold,hold,True,True,True,True,True,True,True,hold,True,D2-7104-release-reverse-r1-D-0,7104,D,release,reverse,1,2,probe,True,True
e725d9c5855a7ab9,ship,ship,True,True,True,True,True,True,True,ship,True,D2-7104-release-reverse-r1-D-0,7104,D,release,reverse,1,3,canary,True,True
8ca3846ce9f703af,hold,hold,True,True,True,True,True,True,True,hold,True,D2-7104-release-reverse-r1-D-0,7104,D,release,reverse,1,4,probe,True,True
44b17cecb843b427,ship,ship,True,True,True,True,True,True,True,ship,True,D2-7104-release-reverse-r1-D-0,7104,D,release,reverse,1,5,probe,True,True
7c93f59ec0f00f41,hold,hold,True,True,True,True,True,True,True,hold,True,D2-7104-release-reverse-r1-D-0,7104,D,release,reverse,1,6,canary,True,True
f4d11adc7cd142e1,hold,hold,True,True,True,True,True,True,True,hold,True,D2-7104-release-reverse-r1-D-0,7104,D,release,reverse,1,7,probe,True,True
69c758850c0acc08,hold,hold,True,True,True,True,True,True,True,hold,True,D2-7104-release-reverse-r1-D-0,7104,D,release,reverse,1,8,canary,True,True
383c8978791601a7,none,none,True,True,True,True,True,True,True,none,True,D2-7105-incident-reverse-r1-E-4,7105,E,incident,reverse,1,5,ledger,True,True
c10edf937732d9e7,none,none,True,True,True,True,True,True,True,none,True,D2-7102-incident-reverse-r1-E-7,7102,E,incident,reverse,1,8,ledger,True,True
7e9fa9d18cbc88c0,hold,hold,True,True,True,True,True,True,True,hold,True,D2-7101-release-reverse-r0-E-2,7101,E,release,reverse,0,3,probe,True,True
8ca3846ce9f703af,hold,hold,True,True,True,True,True,True,True,hold,True,D2-7104-release-base-r0-E-4,7104,E,release,base,0,5,probe,True,True
470adaa2a0f7d1a6,hold,hold,True,True,True,True,True,True,True,hold,True,D2-7100-release-reverse-r0-E-4,7100,E,release,reverse,0,5,ledger,True,True
8e849a6425fd6d9e,probe,probe,True,True,True,True,True,True,True,probe,True,D2-7100-incident-reverse-r0-E-2,7100,E,incident,reverse,0,3,probe,True,True
c10edf937732d9e7,hold,hold,True,True,True,True,True,True,True,hold,True,D2-7102-release-base-r0-D-0,7102,D,release,base,0,1,ledger,True,True
1259974d8c70ab65,hold,hold,True,True,True,True,True,True,True,hold,True,D2-7102-release-base-r0-D-0,7102,D,release,base,0,2,ledger,True,True
43860c257057bc50,hold,hold,True,True,True,True,True,True,True,hold,True,D2-7102-release-base-r0-D-0,7102,D,release,base,0,3,ledger,True,True
c8c7e5db927016f4,ship,ship,True,True,True,True,True,True,True,ship,True,D2-7102-release-base-r0-D-0,7102,D,release,base,0,4,probe,True,True
daa7467be62d4b35,hold,hold,True,True,True,True,True,True,True,hold,True,D2-7102-release-base-r0-D-0,7102,D,release,base,0,5,probe,True,True
b936c33341876d79,hold,hold,True,True,True,True,True,True,True,hold,True,D2-7102-release-base-r0-D-0,7102,D,release,base,0,6,probe,True,True
8340dfb4f2effb8c,ship,ship,True,True,True,True,True,True,True,ship,True,D2-7102-release-base-r0-D-0,7102,D,release,base,0,7,ledger,True,True
e5d3f146c647b656,hold,hold,True,True,True,True,True,True,True,hold,True,D2-7102-release-base-r0-D-0,7102,D,release,base,0,8,probe,True,True
b9f7972e094f0dc6,hold,hold,True,True,True,True,True,True,True,hold,True,D2-7100-release-base-r0-E-7,7100,E,release,base,0,8,ledger,True,True
b88aed1ebea6339d,none,none,True,True,True,True,True,True,True,none,True,D2-7103-incident-base-r1-D-0,7103,D,incident,base,1,1,ledger,True,True
5cfa615ebc1de962,none,none,True,True,True,True,True,True,True,none,True,D2-7103-incident-base-r1-D-0,7103,D,incident,base,1,2,canary,True,True
c21ea8191f32f9ff,none,canary,False,False,True,True,True,True,True,canary,False,D2-7103-incident-base-r1-D-0,7103,D,incident,base,1,3,canary,True,True
d075ae34c0b43436,canary,canary,True,True,True,True,True,True,True,canary,True,D2-7103-incident-base-r1-D-0,7103,D,incident,base,1,4,canary,True,True
46539b0cc5d37ecd,canary,canary,True,True,True,True,True,True,True,canary,True,D2-7103-incident-base-r1-D-0,7103,D,incident,base,1,5,canary,True,True
914636eddc593636,ledger,ledger,True,True,True,True,True,True,True,ledger,True,D2-7103-incident-base-r1-D-0,7103,D,incident,base,1,6,ledger,True,True
b0a59a68111b5043,none,ledger,False,False,True,True,True,True,True,ledger,False,D2-7103-incident-base-r1-D-0,7103,D,incident,base,1,7,ledger,True,True
4481943e758bdfd7,ledger,ledger,True,True,True,True,True,True,True,ledger,True,D2-7103-incident-base-r1-D-0,7103,D,incident,base,1,8,ledger,True,True
b35ab56fa8080eb4,hold,hold,True,True,True,True,True,True,True,hold,True,D2-7101-release-base-r0-E-0,7101,E,release,base,0,1,probe,True,True
4ac943fecf9aa44f,none,none,True,True,True,True,True,True,True,none,True,D2-7101-incident-base-r0-E-2,7101,E,incident,base,0,3,canary,True,True
f3c0ae514f0aab5e,probe,probe,True,True,True,True,True,True,True,probe,True,D2-7100-incident-reverse-r1-E-3,7100,E,incident,reverse,1,4,probe,False,True
4ac943fecf9aa44f,hold,hold,True,True,True,True,True,True,True,hold,True,D2-7101-release-reverse-r0-E-5,7101,E,release,reverse,0,6,canary,True,True
383c8978791601a7,none,none,True,True,True,True,True,True,True,none,True,D2-7105-incident-base-r1-E-3,7105,E,incident,base,1,4,ledger,True,True
daa7467be62d4b35,hold,hold,True,True,True,True,True,True,True,hold,True,D2-7102-release-reverse-r1-E-3,7102,E,release,reverse,1,4,probe,True,True
69c758850c0acc08,hold,hold,True,True,True,True,True,True,True,hold,True,D2-7104-release-base-r0-E-0,7104,E,release,base,0,1,canary,True,True
b35ab56fa8080eb4,probe,probe,True,True,True,True,True,True,True,probe,True,D2-7101-incident-base-r0-D-0,7101,D,incident,base,0,1,probe,True,True
ed90279bd964e7b2,canary,canary,True,True,True,True,True,True,True,canary,True,D2-7101-incident-base-r0-D-0,7101,D,incident,base,0,2,canary,True,True
4ac943fecf9aa44f,none,canary,False,False,True,True,True,True,True,canary,False,D2-7101-incident-base-r0-D-0,7101,D,incident,base,0,3,canary,True,True
71cf3c4681090f3e,canary,canary,True,True,True,True,True,True,True,canary,True,D2-7101-incident-base-r0-D-0,7101,D,incident,base,0,4,canary,True,True
77c76071addc2520,probe,probe,True,True,True,True,True,True,True,probe,True,D2-7101-incident-base-r0-D-0,7101,D,incident,base,0,5,probe,True,True
7e9fa9d18cbc88c0,none,none,True,True,True,True,True,True,True,none,True,D2-7101-incident-base-r0-D-0,7101,D,incident,base,0,6,probe,True,True
3cffeda1098d795a,none,none,True,True,True,True,True,True,True,none,True,D2-7101-incident-base-r0-D-0,7101,D,incident,base,0,7,probe,True,True
934e569e8461676b,none,canary,False,False,True,True,True,True,True,canary,False,D2-7101-incident-base-r0-D-0,7101,D,incident,base,0,8,canary,True,True
b0a59a68111b5043,hold,hold,True,True,True,True,True,True,True,hold,True,D2-7103-release-reverse-r0-E-1,7103,E,release,reverse,0,2,ledger,True,True
f3c0ae514f0aab5e,probe,probe,True,True,True,True,True,True,True,probe,True,D2-7100-incident-reverse-r0-E-3,7100,E,incident,reverse,0,4,probe,False,True
daa7467be62d4b35,probe,probe,True,True,True,True,True,True,True,probe,True,D2-7102-incident-base-r0-E-4,7102,E,incident,base,0,5,probe,True,True
77c76071addc2520,probe,probe,True,True,True,True,True,True,True,probe,True,D2-7101-incident-base-r0-E-4,7101,E,incident,base,0,5,probe,True,True
e725d9c5855a7ab9,ship,ship,True,True,True,True,True,True,True,ship,True,D2-7104-release-base-r0-E-5,7104,E,release,base,0,6,canary,True,True
1259974d8c70ab65,none,none,True,True,True,True,True,True,True,none,True,D2-7102-incident-reverse-r1-E-6,7102,E,incident,reverse,1,7,ledger,True,True
77c76071addc2520,ship,ship,True,True,True,True,True,True,True,ship,True,D2-7101-release-base-r1-E-4,7101,E,release,base,1,5,probe,True,True
be2c10f2d9fe82be,none,none,True,True,True,True,True,True,True,none,True,D2-7100-incident-base-r1-D-0,7100,D,incident,base,1,1,probe,True,True
4ca14e46f8e411f2,ledger,ledger,True,True,True,True,True,True,True,ledger,True,D2-7100-incident-base-r1-D-0,7100,D,incident,base,1,2,ledger,True,True
26e1375c1c5d7121,none,none,True,True,True,True,True,True,True,none,True,D2-7100-incident-base-r1-D-0,7100,D,incident,base,1,3,ledger,True,True
470adaa2a0f7d1a6,ledger,ledger,True,True,True,True,True,True,True,ledger,True,D2-7100-incident-base-r1-D-0,7100,D,incident,base,1,4,ledger,True,True
f3c0ae514f0aab5e,probe,probe,True,True,True,True,True,True,True,probe,True,D2-7100-incident-base-r1-D-0,7100,D,incident,base,1,5,probe,False,True
8e849a6425fd6d9e,probe,none,False,False,True,True,True,True,True,none,False,D2-7100-incident-base-r1-D-0,7100,D,incident,base,1,6,probe,True,True
91a4c91389cf5942,none,none,True,True,True,True,True,True,True,none,True,D2-7100-incident-base-r1-D-0,7100,D,incident,base,1,7,probe,True,True
b9f7972e094f0dc6,none,none,True,True,True,True,True,True,True,none,True,D2-7100-incident-base-r1-D-0,7100,D,incident,base,1,8,ledger,True,True
f4d11adc7cd142e1,none,none,True,True,True,True,True,True,True,none,True,D2-7104-incident-reverse-r0-E-6,7104,E,incident,reverse,0,7,probe,True,True
bcba0ec290e0f371,none,none,True,True,True,True,True,True,True,none,True,D2-7105-incident-reverse-r0-E-6,7105,E,incident,reverse,0,7,ledger,True,True
d075ae34c0b43436,ship,ship,True,True,True,True,True,True,True,ship,True,D2-7103-release-reverse-r0-E-4,7103,E,release,reverse,0,5,canary,True,True
c10edf937732d9e7,hold,hold,True,True,True,True,True,True,True,hold,True,D2-7102-release-base-r1-E-0,7102,E,release,base,1,1,ledger,True,True
3cffeda1098d795a,none,none,True,True,True,True,True,True,True,none,True,D2-7101-incident-reverse-r1-E-1,7101,E,incident,reverse,1,2,probe,True,True
b936c33341876d79,hold,hold,True,True,True,True,True,True,True,hold,True,D2-7102-release-base-r0-E-5,7102,E,release,base,0,6,probe,True,True
46233b8d5fe06402,hold,hold,True,True,True,True,True,True,True,hold,True,D2-7105-release-reverse-r0-E-3,7105,E,release,reverse,0,4,canary,True,True
dddb4013bec7f162,hold,hold,True,True,True,True,True,True,True,hold,True,D2-7105-release-reverse-r0-E-0,7105,E,release,reverse,0,1,canary,True,True
4ac943fecf9aa44f,hold,hold,True,True,True,True,True,True,True,hold,True,D2-7101-release-base-r0-E-2,7101,E,release,base,0,3,canary,True,True
2d6092ba7b6215c9,ledger,ledger,True,True,True,True,True,True,True,ledger,True,D2-7105-incident-reverse-r1-E-2,7105,E,incident,reverse,1,3,ledger,True,True
f3c0ae514f0aab5e,ship,ship,True,True,True,True,True,True,True,ship,True,D2-7100-release-reverse-r1-E-3,7100,E,release,reverse,1,4,probe,False,True
5cfa615ebc1de962,hold,hold,True,True,True,True,True,True,True,hold,True,D2-7103-release-reverse-r0-E-6,7103,E,release,reverse,0,7,canary,True,True
43860c257057bc50,ledger,ledger,True,True,True,True,True,True,True,ledger,True,D2-7102-incident-base-r1-E-2,7102,E,incident,base,1,3,ledger,True,True
f3c0ae514f0aab5e,ship,ship,True,True,True,True,True,True,True,ship,True,D2-7100-release-reverse-r0-E-3,7100,E,release,reverse,0,4,probe,False,True
b35ab56fa8080eb4,hold,hold,True,True,True,True,True,True,True,hold,True,D2-7101-release-reverse-r0-E-7,7101,E,release,reverse,0,8,probe,True,True
dddb4013bec7f162,hold,hold,True,True,True,True,True,True,True,hold,True,D2-7105-release-reverse-r0-D-0,7105,D,release,reverse,0,1,canary,True,True
9dd3fac243dea03f,hold,hold,True,True,True,True,True,True,True,hold,True,D2-7105-release-reverse-r0-D-0,7105,D,release,reverse,0,2,canary,True,True
2d6092ba7b6215c9,hold,hold,True,True,True,True,True,True,True,hold,True,D2-7105-release-reverse-r0-D-0,7105,D,release,reverse,0,3,ledger,True,True
46233b8d5fe06402,hold,hold,True,True,True,True,True,True,True,hold,True,D2-7105-release-reverse-r0-D-0,7105,D,release,reverse,0,4,canary,True,True
383c8978791601a7,hold,hold,True,True,True,True,True,True,True,hold,True,D2-7105-release-reverse-r0-D-0,7105,D,release,reverse,0,5,ledger,True,True
eae51b6d381991f1,ship,hold,False,False,True,True,True,True,True,hold,False,D2-7105-release-reverse-r0-D-0,7105,D,release,reverse,0,6,canary,True,True
bcba0ec290e0f371,hold,hold,True,True,True,True,True,True,True,hold,True,D2-7105-release-reverse-r0-D-0,7105,D,release,reverse,0,7,ledger,True,True
d31f40d5216d3044,ship,ship,True,True,True,True,True,True,True,ship,True,D2-7105-release-reverse-r0-D-0,7105,D,release,reverse,0,8,ledger,True,True
ed90279bd964e7b2,canary,canary,True,True,True,True,True,True,True,canary,True,D2-7101-incident-base-r1-E-1,7101,E,incident,base,1,2,canary,True,True
d31f40d5216d3044,ship,ship,True,True,True,True,True,True,True,ship,True,D2-7105-release-base-r1-D-0,7105,D,release,base,1,1,ledger,True,True
bcba0ec290e0f371,hold,hold,True,True,True,True,True,True,True,hold,True,D2-7105-release-base-r1-D-0,7105,D,release,base,1,2,ledger,True,True
eae51b6d381991f1,ship,ship,True,True,True,True,True,True,True,ship,True,D2-7105-release-base-r1-D-0,7105,D,release,base,1,3,canary,True,True
383c8978791601a7,hold,hold,True,True,True,True,True,True,True,hold,True,D2-7105-release-base-r1-D-0,7105,D,release,base,1,4,ledger,True,True
46233b8d5fe06402,hold,hold,True,True,True,True,True,True,True,hold,True,D2-7105-release-base-r1-D-0,7105,D,release,base,1,5,canary,True,True
2d6092ba7b6215c9,hold,hold,True,True,True,True,True,True,True,hold,True,D2-7105-release-base-r1-D-0,7105,D,release,base,1,6,ledger,True,True
9dd3fac243dea03f,hold,hold,True,True,True,True,True,True,True,hold,True,D2-7105-release-base-r1-D-0,7105,D,release,base,1,7,canary,True,True
dddb4013bec7f162,hold,ship,False,False,True,True,True,True,True,ship,False,D2-7105-release-base-r1-D-0,7105,D,release,base,1,8,canary,True,True
00549750cec3f929,none,probe,False,False,True,True,True,True,True,probe,False,D2-7104-incident-base-r1-E-6,7104,E,incident,base,1,7,probe,True,True
8ca3846ce9f703af,probe,probe,True,True,True,True,True,True,True,probe,True,D2-7104-incident-reverse-r0-E-3,7104,E,incident,reverse,0,4,probe,True,True
c10edf937732d9e7,none,none,True,True,True,True,True,True,True,none,True,D2-7102-incident-reverse-r0-E-7,7102,E,incident,reverse,0,8,ledger,True,True
383c8978791601a7,none,none,True,True,True,True,True,True,True,none,True,D2-7105-incident-base-r0-E-3,7105,E,incident,base,0,4,ledger,True,True
934e569e8461676b,none,none,True,True,True,True,True,True,True,none,True,D2-7101-incident-reverse-r1-D-0,7101,D,incident,reverse,1,1,canary,True,True
3cffeda1098d795a,none,none,True,True,True,True,True,True,True,none,True,D2-7101-incident-reverse-r1-D-0,7101,D,incident,reverse,1,2,probe,True,True
7e9fa9d18cbc88c0,none,none,True,True,True,True,True,True,True,none,True,D2-7101-incident-reverse-r1-D-0,7101,D,incident,reverse,1,3,probe,True,True
77c76071addc2520,probe,probe,True,True,True,True,True,True,True,probe,True,D2-7101-incident-reverse-r1-D-0,7101,D,incident,reverse,1,4,probe,True,True
71cf3c4681090f3e,canary,canary,True,True,True,True,True,True,True,canary,True,D2-7101-incident-reverse-r1-D-0,7101,D,incident,reverse,1,5,canary,True,True
4ac943fecf9aa44f,none,none,True,True,True,True,True,True,True,none,True,D2-7101-incident-reverse-r1-D-0,7101,D,incident,reverse,1,6,canary,True,True
ed90279bd964e7b2,canary,canary,True,True,True,True,True,True,True,canary,True,D2-7101-incident-reverse-r1-D-0,7101,D,incident,reverse,1,7,canary,True,True
b35ab56fa8080eb4,probe,probe,True,True,True,True,True,True,True,probe,True,D2-7101-incident-reverse-r1-D-0,7101,D,incident,reverse,1,8,probe,True,True
d075ae34c0b43436,canary,canary,True,True,True,True,True,True,True,canary,True,D2-7103-incident-reverse-r0-E-4,7103,E,incident,reverse,0,5,canary,True,True
3cffeda1098d795a,hold,hold,True,True,True,True,True,True,True,hold,True,D2-7101-release-reverse-r0-E-1,7101,E,release,reverse,0,2,probe,True,True
46233b8d5fe06402,canary,canary,True,True,True,True,True,True,True,canary,True,D2-7105-incident-base-r0-E-4,7105,E,incident,base,0,5,canary,True,True
44b17cecb843b427,probe,probe,True,True,True,True,True,True,True,probe,True,D2-7104-incident-reverse-r1-E-4,7104,E,incident,reverse,1,5,probe,True,True
3cffeda1098d795a,hold,hold,True,True,True,True,True,True,True,hold,True,D2-7101-release-base-r0-E-6,7101,E,release,base,0,7,probe,True,True
7c93f59ec0f00f41,none,none,True,True,True,True,True,True,True,none,True,D2-7104-incident-reverse-r1-E-5,7104,E,incident,reverse,1,6,canary,True,True
c8c7e5db927016f4,probe,probe,True,True,True,True,True,True,True,probe,True,D2-7102-incident-base-r1-E-3,7102,E,incident,base,1,4,probe,True,True
470adaa2a0f7d1a6,hold,hold,True,True,True,True,True,True,True,hold,True,D2-7100-release-base-r0-E-3,7100,E,release,base,0,4,ledger,True,True
470adaa2a0f7d1a6,ledger,ledger,True,True,True,True,True,True,True,ledger,True,D2-7100-incident-base-r0-E-3,7100,E,incident,base,0,4,ledger,True,True
44b17cecb843b427,probe,probe,True,True,True,True,True,True,True,probe,True,D2-7104-incident-base-r0-E-3,7104,E,incident,base,0,4,probe,True,True
8ca3846ce9f703af,probe,probe,True,True,True,True,True,True,True,probe,True,D2-7104-incident-reverse-r1-E-3,7104,E,incident,reverse,1,4,probe,True,True
b0a59a68111b5043,hold,hold,True,True,True,True,True,True,True,hold,True,D2-7103-release-base-r0-E-6,7103,E,release,base,0,7,ledger,True,True
383c8978791601a7,hold,hold,True,True,True,True,True,True,True,hold,True,D2-7105-release-base-r1-E-3,7105,E,release,base,1,4,ledger,True,True
daa7467be62d4b35,hold,hold,True,True,True,True,True,True,True,hold,True,D2-7102-release-base-r0-E-4,7102,E,release,base,0,5,probe,True,True
daa7467be62d4b35,probe,probe,True,True,True,True,True,True,True,probe,True,D2-7102-incident-reverse-r1-E-3,7102,E,incident,reverse,1,4,probe,True,True
a61175900cf60bc4,none,none,True,True,True,True,True,True,True,none,True,D2-7104-incident-base-r0-E-7,7104,E,incident,base,0,8,canary,True,True
d31f40d5216d3044,ledger,ledger,True,True,True,True,True,True,True,ledger,True,D2-7105-incident-reverse-r0-E-7,7105,E,incident,reverse,0,8,ledger,True,True
934e569e8461676b,hold,hold,True,True,True,True,True,True,True,hold,True,D2-7101-release-reverse-r1-D-0,7101,D,release,reverse,1,1,canary,True,True
3cffeda1098d795a,hold,hold,True,True,True,True,True,True,True,hold,True,D2-7101-release-reverse-r1-D-0,7101,D,release,reverse,1,2,probe,True,True
7e9fa9d18cbc88c0,hold,hold,True,True,True,True,True,True,True,hold,True,D2-7101-release-reverse-r1-D-0,7101,D,release,reverse,1,3,probe,True,True
77c76071addc2520,ship,ship,True,True,True,True,True,True,True,ship,True,D2-7101-release-reverse-r1-D-0,7101,D,release,reverse,1,4,probe,True,True
71cf3c4681090f3e,hold,hold,True,True,True,True,True,True,True,hold,True,D2-7101-release-reverse-r1-D-0,7101,D,release,reverse,1,5,canary,True,True
4ac943fecf9aa44f,hold,ship,False,False,True,True,True,True,True,ship,False,D2-7101-release-reverse-r1-D-0,7101,D,release,reverse,1,6,canary,True,True
ed90279bd964e7b2,ship,ship,True,True,True,True,True,True,True,ship,True,D2-7101-release-reverse-r1-D-0,7101,D,release,reverse,1,7,canary,True,True
b35ab56fa8080eb4,hold,hold,True,True,True,True,True,True,True,hold,True,D2-7101-release-reverse-r1-D-0,7101,D,release,reverse,1,8,probe,True,True
a61175900cf60bc4,hold,hold,True,True,True,True,True,True,True,hold,True,D2-7104-release-reverse-r1-E-0,7104,E,release,reverse,1,1,canary,True,True
b0a59a68111b5043,none,none,True,True,True,True,True,True,True,none,True,D2-7103-incident-base-r1-E-6,7103,E,incident,base,1,7,ledger,True,True
b936c33341876d79,hold,hold,True,True,True,True,True,True,True,hold,True,D2-7102-release-base-r1-E-5,7102,E,release,base,1,6,probe,True,True
b9f7972e094f0dc6,none,none,True,True,True,True,True,True,True,none,True,D2-7100-incident-base-r1-E-7,7100,E,incident,base,1,8,ledger,True,True
d31f40d5216d3044,ship,ship,True,True,True,True,True,True,True,ship,True,D2-7105-release-reverse-r0-E-7,7105,E,release,reverse,0,8,ledger,True,True
c21ea8191f32f9ff,hold,hold,True,True,True,True,True,True,True,hold,True,D2-7103-release-reverse-r1-E-5,7103,E,release,reverse,1,6,canary,True,True
3cffeda1098d795a,none,none,True,True,True,True,True,True,True,none,True,D2-7101-incident-base-r1-E-6,7101,E,incident,base,1,7,probe,True,True
5cfa615ebc1de962,none,none,True,True,True,True,True,True,True,none,True,D2-7103-incident-base-r1-E-1,7103,E,incident,base,1,2,canary,True,True
dddb4013bec7f162,none,none,True,True,True,True,True,True,True,none,True,D2-7105-incident-reverse-r0-D-0,7105,D,incident,reverse,0,1,canary,True,True
9dd3fac243dea03f,none,none,True,True,True,True,True,True,True,none,True,D2-7105-incident-reverse-r0-D-0,7105,D,incident,reverse,0,2,canary,True,True
2d6092ba7b6215c9,ledger,ledger,True,True,True,True,True,True,True,ledger,True,D2-7105-incident-reverse-r0-D-0,7105,D,incident,reverse,0,3,ledger,True,True
46233b8d5fe06402,canary,canary,True,True,True,True,True,True,True,canary,True,D2-7105-incident-reverse-r0-D-0,7105,D,incident,reverse,0,4,canary,True,True
383c8978791601a7,none,none,True,True,True,True,True,True,True,none,True,D2-7105-incident-reverse-r0-D-0,7105,D,incident,reverse,0,5,ledger,True,True
eae51b6d381991f1,canary,canary,True,True,True,True,True,True,True,canary,True,D2-7105-incident-reverse-r0-D-0,7105,D,incident,reverse,0,6,canary,True,True
bcba0ec290e0f371,none,none,True,True,True,True,True,True,True,none,True,D2-7105-incident-reverse-r0-D-0,7105,D,incident,reverse,0,7,ledger,True,True
d31f40d5216d3044,ledger,ledger,True,True,True,True,True,True,True,ledger,True,D2-7105-incident-reverse-r0-D-0,7105,D,incident,reverse,0,8,ledger,True,True
bcba0ec290e0f371,none,none,True,True,True,True,True,True,True,none,True,D2-7105-incident-base-r0-E-1,7105,E,incident,base,0,2,ledger,True,True
ed90279bd964e7b2,ship,ship,True,True,True,True,True,True,True,ship,True,D2-7101-release-base-r1-E-1,7101,E,release,base,1,2,canary,True,True
9dd3fac243dea03f,hold,hold,True,True,True,True,True,True,True,hold,True,D2-7105-release-reverse-r0-E-1,7105,E,release,reverse,0,2,canary,True,True
dddb4013bec7f162,none,none,True,True,True,True,True,True,True,none,True,D2-7105-incident-reverse-r1-E-0,7105,E,incident,reverse,1,1,canary,True,True
b9f7972e094f0dc6,hold,hold,True,True,True,True,True,True,True,hold,True,D2-7100-release-reverse-r0-E-0,7100,E,release,reverse,0,1,ledger,True,True
91a4c91389cf5942,hold,hold,True,True,True,True,True,True,True,hold,True,D2-7100-release-reverse-r0-E-1,7100,E,release,reverse,0,2,probe,True,True
2d6092ba7b6215c9,hold,hold,True,True,True,True,True,True,True,hold,True,D2-7105-release-base-r0-E-5,7105,E,release,base,0,6,ledger,True,True
71cf3c4681090f3e,hold,hold,True,True,True,True,True,True,True,hold,True,D2-7101-release-reverse-r1-E-4,7101,E,release,reverse,1,5,canary,True,True
3cffeda1098d795a,none,none,True,True,True,True,True,True,True,none,True,D2-7101-incident-base-r0-E-6,7101,E,incident,base,0,7,probe,True,True
f3c0ae514f0aab5e,ship,ship,True,True,True,True,True,True,True,ship,True,D2-7100-release-base-r1-E-4,7100,E,release,base,1,5,probe,False,True
8e849a6425fd6d9e,probe,probe,True,True,True,True,True,True,True,probe,True,D2-7100-incident-reverse-r1-E-2,7100,E,incident,reverse,1,3,probe,True,True
c10edf937732d9e7,hold,hold,True,True,True,True,True,True,True,hold,True,D2-7102-release-reverse-r0-E-7,7102,E,release,reverse,0,8,ledger,True,True
b9f7972e094f0dc6,hold,hold,True,True,True,True,True,True,True,hold,True,D2-7100-release-reverse-r0-D-0,7100,D,release,reverse,0,1,ledger,True,True
91a4c91389cf5942,hold,hold,True,True,True,True,True,True,True,hold,True,D2-7100-release-reverse-r0-D-0,7100,D,release,reverse,0,2,probe,True,True
8e849a6425fd6d9e,hold,hold,True,True,True,True,True,True,True,hold,True,D2-7100-release-reverse-r0-D-0,7100,D,release,reverse,0,3,probe,True,True
f3c0ae514f0aab5e,ship,ship,True,True,True,True,True,True,True,ship,True,D2-7100-release-reverse-r0-D-0,7100,D,release,reverse,0,4,probe,False,True
470adaa2a0f7d1a6,hold,hold,True,True,True,True,True,True,True,hold,True,D2-7100-release-reverse-r0-D-0,7100,D,release,reverse,0,5,ledger,True,True
26e1375c1c5d7121,hold,hold,True,True,True,True,True,True,True,hold,True,D2-7100-release-reverse-r0-D-0,7100,D,release,reverse,0,6,ledger,True,True
4ca14e46f8e411f2,ship,hold,False,False,True,True,True,True,True,hold,False,D2-7100-release-reverse-r0-D-0,7100,D,release,reverse,0,7,ledger,True,True
be2c10f2d9fe82be,hold,hold,True,True,True,True,True,True,True,hold,True,D2-7100-release-reverse-r0-D-0,7100,D,release,reverse,0,8,probe,True,True
be2c10f2d9fe82be,none,none,True,True,True,True,True,True,True,none,True,D2-7100-incident-base-r0-D-0,7100,D,incident,base,0,1,probe,True,True
4ca14e46f8e411f2,ledger,ledger,True,True,True,True,True,True,True,ledger,True,D2-7100-incident-base-r0-D-0,7100,D,incident,base,0,2,ledger,True,True
26e1375c1c5d7121,none,none,True,True,True,True,True,True,True,none,True,D2-7100-incident-base-r0-D-0,7100,D,incident,base,0,3,ledger,True,True
470adaa2a0f7d1a6,ledger,ledger,True,True,True,True,True,True,True,ledger,True,D2-7100-incident-base-r0-D-0,7100,D,incident,base,0,4,ledger,True,True
f3c0ae514f0aab5e,probe,probe,True,True,True,True,True,True,True,probe,True,D2-7100-incident-base-r0-D-0,7100,D,incident,base,0,5,probe,False,True
8e849a6425fd6d9e,probe,none,False,False,True,True,True,True,True,none,False,D2-7100-incident-base-r0-D-0,7100,D,incident,base,0,6,probe,True,True
91a4c91389cf5942,none,none,True,True,True,True,True,True,True,none,True,D2-7100-incident-base-r0-D-0,7100,D,incident,base,0,7,probe,True,True
b9f7972e094f0dc6,none,none,True,True,True,True,True,True,True,none,True,D2-7100-incident-base-r0-D-0,7100,D,incident,base,0,8,ledger,True,True
69c758850c0acc08,canary,canary,True,True,True,True,True,True,True,canary,True,D2-7104-incident-base-r1-D-0,7104,D,incident,base,1,1,canary,True,True
f4d11adc7cd142e1,none,probe,False,False,True,True,True,True,True,probe,False,D2-7104-incident-base-r1-D-0,7104,D,incident,base,1,2,probe,True,True
7c93f59ec0f00f41,none,none,True,True,True,True,True,True,True,none,True,D2-7104-incident-base-r1-D-0,7104,D,incident,base,1,3,canary,True,True
44b17cecb843b427,probe,probe,True,True,True,True,True,True,True,probe,True,D2-7104-incident-base-r1-D-0,7104,D,incident,base,1,4,probe,True,True
8ca3846ce9f703af,probe,probe,True,True,True,True,True,True,True,probe,True,D2-7104-incident-base-r1-D-0,7104,D,incident,base,1,5,probe,True,True
e725d9c5855a7ab9,canary,canary,True,True,True,True,True,True,True,canary,True,D2-7104-incident-base-r1-D-0,7104,D,incident,base,1,6,canary,True,True
00549750cec3f929,none,none,True,True,True,True,True,True,True,none,True,D2-7104-incident-base-r1-D-0,7104,D,incident,base,1,7,probe,True,True
a61175900cf60bc4,none,none,True,True,True,True,True,True,True,none,True,D2-7104-incident-base-r1-D-0,7104,D,incident,base,1,8,canary,True,True
914636eddc593636,hold,hold,True,True,True,True,True,True,True,hold,True,D2-7103-release-reverse-r0-E-2,7103,E,release,reverse,0,3,ledger,True,True
d31f40d5216d3044,ledger,ledger,True,True,True,True,True,True,True,ledger,True,D2-7105-incident-reverse-r1-E-7,7105,E,incident,reverse,1,8,ledger,True,True
b936c33341876d79,none,none,True,True,True,True,True,True,True,none,True,D2-7102-incident-reverse-r0-E-2,7102,E,incident,reverse,0,3,probe,True,True
b0a59a68111b5043,none,none,True,True,True,True,True,True,True,none,True,D2-7103-incident-base-r0-E-6,7103,E,incident,base,0,7,ledger,True,True
7e9fa9d18cbc88c0,hold,hold,True,True,True,True,True,True,True,hold,True,D2-7101-release-base-r1-E-5,7101,E,release,base,1,6,probe,True,True
be2c10f2d9fe82be,hold,hold,True,True,True,True,True,True,True,hold,True,D2-7100-release-base-r1-D-0,7100,D,release,base,1,1,probe,True,True
4ca14e46f8e411f2,ship,ship,True,True,True,True,True,True,True,ship,True,D2-7100-release-base-r1-D-0,7100,D,release,base,1,2,ledger,True,True
26e1375c1c5d7121,hold,hold,True,True,True,True,True,True,True,hold,True,D2-7100-release-base-r1-D-0,7100,D,release,base,1,3,ledger,True,True
470adaa2a0f7d1a6,hold,hold,True,True,True,True,True,True,True,hold,True,D2-7100-release-base-r1-D-0,7100,D,release,base,1,4,ledger,True,True
f3c0ae514f0aab5e,ship,ship,True,True,True,True,True,True,True,ship,True,D2-7100-release-base-r1-D-0,7100,D,release,base,1,5,probe,False,True
8e849a6425fd6d9e,hold,hold,True,True,True,True,True,True,True,hold,True,D2-7100-release-base-r1-D-0,7100,D,release,base,1,6,probe,True,True
91a4c91389cf5942,hold,hold,True,True,True,True,True,True,True,hold,True,D2-7100-release-base-r1-D-0,7100,D,release,base,1,7,probe,True,True
b9f7972e094f0dc6,hold,hold,True,True,True,True,True,True,True,hold,True,D2-7100-release-base-r1-D-0,7100,D,release,base,1,8,ledger,True,True
7c93f59ec0f00f41,hold,hold,True,True,True,True,True,True,True,hold,True,D2-7104-release-reverse-r0-E-5,7104,E,release,reverse,0,6,canary,True,True
26e1375c1c5d7121,none,none,True,True,True,True,True,True,True,none,True,D2-7100-incident-reverse-r1-E-5,7100,E,incident,reverse,1,6,ledger,True,True
5cfa615ebc1de962,hold,hold,True,True,True,True,True,True,True,hold,True,D2-7103-release-base-r0-E-1,7103,E,release,base,0,2,canary,True,True
26e1375c1c5d7121,hold,hold,True,True,True,True,True,True,True,hold,True,D2-7100-release-reverse-r0-E-5,7100,E,release,reverse,0,6,ledger,True,True
d075ae34c0b43436,ship,ship,True,True,True,True,True,True,True,ship,True,D2-7103-release-reverse-r1-E-4,7103,E,release,reverse,1,5,canary,True,True
e5d3f146c647b656,hold,hold,True,True,True,True,True,True,True,hold,True,D2-7102-release-base-r0-E-7,7102,E,release,base,0,8,probe,True,True
a61175900cf60bc4,hold,hold,True,True,True,True,True,True,True,hold,True,D2-7104-release-base-r1-E-7,7104,E,release,base,1,8,canary,True,True
e5d3f146c647b656,hold,hold,True,True,True,True,True,True,True,hold,True,D2-7102-release-base-r1-E-7,7102,E,release,base,1,8,probe,True,True
4ca14e46f8e411f2,ship,ship,True,True,True,True,True,True,True,ship,True,D2-7100-release-reverse-r0-E-6,7100,E,release,reverse,0,7,ledger,True,True
a61175900cf60bc4,none,none,True,True,True,True,True,True,True,none,True,D2-7104-incident-reverse-r0-D-0,7104,D,incident,reverse,0,1,canary,True,True
00549750cec3f929,none,none,True,True,True,True,True,True,True,none,True,D2-7104-incident-reverse-r0-D-0,7104,D,incident,reverse,0,2,probe,True,True
e725d9c5855a7ab9,canary,canary,True,True,True,True,True,True,True,canary,True,D2-7104-incident-reverse-r0-D-0,7104,D,incident,reverse,0,3,canary,True,True
8ca3846ce9f703af,probe,probe,True,True,True,True,True,True,True,probe,True,D2-7104-incident-reverse-r0-D-0,7104,D,incident,reverse,0,4,probe,True,True
44b17cecb843b427,probe,probe,True,True,True,True,True,True,True,probe,True,D2-7104-incident-reverse-r0-D-0,7104,D,incident,reverse,0,5,probe,True,True
7c93f59ec0f00f41,none,canary,False,False,True,True,True,True,True,canary,False,D2-7104-incident-reverse-r0-D-0,7104,D,incident,reverse,0,6,canary,True,True
f4d11adc7cd142e1,none,probe,False,False,True,True,True,True,True,probe,False,D2-7104-incident-reverse-r0-D-0,7104,D,incident,reverse,0,7,probe,True,True
69c758850c0acc08,canary,canary,True,True,True,True,True,True,True,canary,True,D2-7104-incident-reverse-r0-D-0,7104,D,incident,reverse,0,8,canary,True,True
b88aed1ebea6339d,hold,hold,True,True,True,True,True,True,True,hold,True,D2-7103-release-base-r0-D-0,7103,D,release,base,0,1,ledger,True,True
5cfa615ebc1de962,hold,hold,True,True,True,True,True,True,True,hold,True,D2-7103-release-base-r0-D-0,7103,D,release,base,0,2,canary,True,True
c21ea8191f32f9ff,hold,hold,True,True,True,True,True,True,True,hold,True,D2-7103-release-base-r0-D-0,7103,D,release,base,0,3,canary,True,True
d075ae34c0b43436,ship,ship,True,True,True,True,True,True,True,ship,True,D2-7103-release-base-r0-D-0,7103,D,release,base,0,4,canary,True,True
46539b0cc5d37ecd,hold,hold,True,True,True,True,True,True,True,hold,True,D2-7103-release-base-r0-D-0,7103,D,release,base,0,5,canary,True,True
914636eddc593636,hold,hold,True,True,True,True,True,True,True,hold,True,D2-7103-release-base-r0-D-0,7103,D,release,base,0,6,ledger,True,True
b0a59a68111b5043,hold,hold,True,True,True,True,True,True,True,hold,True,D2-7103-release-base-r0-D-0,7103,D,release,base,0,7,ledger,True,True
4481943e758bdfd7,ship,ship,True,True,True,True,True,True,True,ship,True,D2-7103-release-base-r0-D-0,7103,D,release,base,0,8,ledger,True,True
91a4c91389cf5942,hold,hold,True,True,True,True,True,True,True,hold,True,D2-7100-release-base-r0-E-6,7100,E,release,base,0,7,probe,True,True
b936c33341876d79,hold,hold,True,True,True,True,True,True,True,hold,True,D2-7102-release-reverse-r1-E-2,7102,E,release,reverse,1,3,probe,True,True
46539b0cc5d37ecd,hold,hold,True,True,True,True,True,True,True,hold,True,D2-7103-release-reverse-r1-E-3,7103,E,release,reverse,1,4,canary,True,True
3cffeda1098d795a,hold,hold,True,True,True,True,True,True,True,hold,True,D2-7101-release-base-r1-E-6,7101,E,release,base,1,7,probe,True,True
ed90279bd964e7b2,canary,canary,True,True,True,True,True,True,True,canary,True,D2-7101-incident-base-r0-E-1,7101,E,incident,base,0,2,canary,True,True
934e569e8461676b,none,none,True,True,True,True,True,True,True,none,True,D2-7101-incident-base-r0-E-7,7101,E,incident,base,0,8,canary,True,True
be2c10f2d9fe82be,hold,hold,True,True,True,True,True,True,True,hold,True,D2-7100-release-base-r0-D-0,7100,D,release,base,0,1,probe,True,True
4ca14e46f8e411f2,ship,ship,True,True,True,True,True,True,True,ship,True,D2-7100-release-base-r0-D-0,7100,D,release,base,0,2,ledger,True,True
26e1375c1c5d7121,hold,hold,True,True,True,True,True,True,True,hold,True,D2-7100-release-base-r0-D-0,7100,D,release,base,0,3,ledger,True,True
470adaa2a0f7d1a6,hold,hold,True,True,True,True,True,True,True,hold,True,D2-7100-release-base-r0-D-0,7100,D,release,base,0,4,ledger,True,True
f3c0ae514f0aab5e,ship,ship,True,True,True,True,True,True,True,ship,True,D2-7100-release-base-r0-D-0,7100,D,release,base,0,5,probe,False,True
8e849a6425fd6d9e,hold,hold,True,True,True,True,True,True,True,hold,True,D2-7100-release-base-r0-D-0,7100,D,release,base,0,6,probe,True,True
91a4c91389cf5942,hold,hold,True,True,True,True,True,True,True,hold,True,D2-7100-release-base-r0-D-0,7100,D,release,base,0,7,probe,True,True
b9f7972e094f0dc6,hold,hold,True,True,True,True,True,True,True,hold,True,D2-7100-release-base-r0-D-0,7100,D,release,base,0,8,ledger,True,True
b35ab56fa8080eb4,hold,hold,True,True,True,True,True,True,True,hold,True,D2-7101-release-reverse-r1-E-7,7101,E,release,reverse,1,8,probe,True,True
a61175900cf60bc4,none,none,True,True,True,True,True,True,True,none,True,D2-7104-incident-reverse-r1-E-0,7104,E,incident,reverse,1,1,canary,True,True
eae51b6d381991f1,canary,canary,True,True,True,True,True,True,True,canary,True,D2-7105-incident-reverse-r0-E-5,7105,E,incident,reverse,0,6,canary,True,True
69c758850c0acc08,canary,canary,True,True,True,True,True,True,True,canary,True,D2-7104-incident-base-r0-D-0,7104,D,incident,base,0,1,canary,True,True
f4d11adc7cd142e1,none,probe,False,False,True,True,True,True,True,probe,False,D2-7104-incident-base-r0-D-0,7104,D,incident,base,0,2,probe,True,True
7c93f59ec0f00f41,none,none,True,True,True,True,True,True,True,none,True,D2-7104-incident-base-r0-D-0,7104,D,incident,base,0,3,canary,True,True
44b17cecb843b427,probe,probe,True,True,True,True,True,True,True,probe,True,D2-7104-incident-base-r0-D-0,7104,D,incident,base,0,4,probe,True,True
8ca3846ce9f703af,probe,probe,True,True,True,True,True,True,True,probe,True,D2-7104-incident-base-r0-D-0,7104,D,incident,base,0,5,probe,True,True
e725d9c5855a7ab9,canary,canary,True,True,True,True,True,True,True,canary,True,D2-7104-incident-base-r0-D-0,7104,D,incident,base,0,6,canary,True,True
00549750cec3f929,none,none,True,True,True,True,True,True,True,none,True,D2-7104-incident-base-r0-D-0,7104,D,incident,base,0,7,probe,True,True
a61175900cf60bc4,none,none,True,True,True,True,True,True,True,none,True,D2-7104-incident-base-r0-D-0,7104,D,incident,base,0,8,canary,True,True
26e1375c1c5d7121,hold,hold,True,True,True,True,True,True,True,hold,True,D2-7100-release-base-r1-E-2,7100,E,release,base,1,3,ledger,True,True
dddb4013bec7f162,hold,hold,True,True,True,True,True,True,True,hold,True,D2-7105-release-reverse-r1-E-0,7105,E,release,reverse,1,1,canary,True,True
77c76071addc2520,ship,ship,True,True,True,True,True,True,True,ship,True,D2-7101-release-base-r0-E-4,7101,E,release,base,0,5,probe,True,True
8ca3846ce9f703af,probe,probe,True,True,True,True,True,True,True,probe,True,D2-7104-incident-base-r0-E-4,7104,E,incident,base,0,5,probe,True,True
d31f40d5216d3044,ship,ship,True,True,True,True,True,True,True,ship,True,D2-7105-release-base-r1-E-0,7105,E,release,base,1,1,ledger,True,True
eae51b6d381991f1,ship,ship,True,True,True,True,True,True,True,ship,True,D2-7105-release-base-r0-E-2,7105,E,release,base,0,3,canary,True,True
f4d11adc7cd142e1,none,none,True,True,True,True,True,True,True,none,True,D2-7104-incident-base-r1-E-1,7104,E,incident,base,1,2,probe,True,True
f4d11adc7cd142e1,none,none,True,True,True,True,True,True,True,none,True,D2-7104-incident-base-r0-E-1,7104,E,incident,base,0,2,probe,True,True
934e569e8461676b,none,none,True,True,True,True,True,True,True,none,True,D2-7101-incident-reverse-r1-E-0,7101,E,incident,reverse,1,1,canary,True,True
8e849a6425fd6d9e,hold,hold,True,True,True,True,True,True,True,hold,True,D2-7100-release-reverse-r0-E-2,7100,E,release,reverse,0,3,probe,True,True
7c93f59ec0f00f41,none,none,True,True,True,True,True,True,True,none,True,D2-7104-incident-base-r1-E-2,7104,E,incident,base,1,3,canary,True,True
46539b0cc5d37ecd,canary,canary,True,True,True,True,True,True,True,canary,True,D2-7103-incident-reverse-r1-E-3,7103,E,incident,reverse,1,4,canary,True,True
b9f7972e094f0dc6,hold,hold,True,True,True,True,True,True,True,hold,True,D2-7100-release-reverse-r1-E-0,7100,E,release,reverse,1,1,ledger,True,True
26e1375c1c5d7121,none,none,True,True,True,True,True,True,True,none,True,D2-7100-incident-reverse-r0-E-5,7100,E,incident,reverse,0,6,ledger,True,True
26e1375c1c5d7121,hold,hold,True,True,True,True,True,True,True,hold,True,D2-7100-release-base-r0-E-2,7100,E,release,base,0,3,ledger,True,True
4481943e758bdfd7,ledger,ledger,True,True,True,True,True,True,True,ledger,True,D2-7103-incident-reverse-r0-E-0,7103,E,incident,reverse,0,1,ledger,True,True
b88aed1ebea6339d,none,none,True,True,True,True,True,True,True,none,True,D2-7103-incident-reverse-r1-E-7,7103,E,incident,reverse,1,8,ledger,True,True
7c93f59ec0f00f41,hold,,False,False,False,True,False,True,False,,False,D2-7104-release-base-r0-E-2,7104,E,release,base,0,3,canary,True,True
1259974d8c70ab65,hold,hold,True,True,True,True,True,True,True,hold,True,D2-7102-release-base-r1-E-1,7102,E,release,base,1,2,ledger,True,True
b936c33341876d79,none,none,True,True,True,True,True,True,True,none,True,D2-7102-incident-base-r0-E-5,7102,E,incident,base,0,6,probe,True,True
dddb4013bec7f162,hold,hold,True,True,True,True,True,True,True,hold,True,D2-7105-release-base-r0-E-7,7105,E,release,base,0,8,canary,True,True
4481943e758bdfd7,ledger,ledger,True,True,True,True,True,True,True,ledger,True,D2-7103-incident-reverse-r1-D-0,7103,D,incident,reverse,1,1,ledger,True,True
b0a59a68111b5043,none,none,True,True,True,True,True,True,True,none,True,D2-7103-incident-reverse-r1-D-0,7103,D,incident,reverse,1,2,ledger,True,True
914636eddc593636,ledger,ledger,True,True,True,True,True,True,True,ledger,True,D2-7103-incident-reverse-r1-D-0,7103,D,incident,reverse,1,3,ledger,True,True
46539b0cc5d37ecd,canary,canary,True,True,True,True,True,True,True,canary,True,D2-7103-incident-reverse-r1-D-0,7103,D,incident,reverse,1,4,canary,True,True
d075ae34c0b43436,canary,canary,True,True,True,True,True,True,True,canary,True,D2-7103-incident-reverse-r1-D-0,7103,D,incident,reverse,1,5,canary,True,True
c21ea8191f32f9ff,none,canary,False,False,True,True,True,True,True,canary,False,D2-7103-incident-reverse-r1-D-0,7103,D,incident,reverse,1,6,canary,True,True
5cfa615ebc1de962,none,none,True,True,True,True,True,True,True,none,True,D2-7103-incident-reverse-r1-D-0,7103,D,incident,reverse,1,7,canary,True,True
b88aed1ebea6339d,none,none,True,True,True,True,True,True,True,none,True,D2-7103-incident-reverse-r1-D-0,7103,D,incident,reverse,1,8,ledger,True,True
b9f7972e094f0dc6,none,none,True,True,True,True,True,True,True,none,True,D2-7100-incident-reverse-r0-E-0,7100,E,incident,reverse,0,1,ledger,True,True
7e9fa9d18cbc88c0,none,none,True,True,True,True,True,True,True,none,True,D2-7101-incident-base-r1-E-5,7101,E,incident,base,1,6,probe,True,True
c8c7e5db927016f4,ship,ship,True,True,True,True,True,True,True,ship,True,D2-7102-release-base-r1-E-3,7102,E,release,base,1,4,probe,True,True
b936c33341876d79,none,none,True,True,True,True,True,True,True,none,True,D2-7102-incident-reverse-r1-E-2,7102,E,incident,reverse,1,3,probe,True,True
4ca14e46f8e411f2,ship,ship,True,True,True,True,True,True,True,ship,True,D2-7100-release-base-r1-E-1,7100,E,release,base,1,2,ledger,True,True
ed90279bd964e7b2,canary,canary,True,True,True,True,True,True,True,canary,True,D2-7101-incident-reverse-r0-E-6,7101,E,incident,reverse,0,7,canary,True,True
b0a59a68111b5043,hold,hold,True,True,True,True,True,True,True,hold,True,D2-7103-release-base-r1-E-6,7103,E,release,base,1,7,ledger,True,True
e5d3f146c647b656,none,none,True,True,True,True,True,True,True,none,True,D2-7102-incident-base-r1-E-7,7102,E,incident,base,1,8,probe,True,True
c10edf937732d9e7,hold,hold,True,True,True,True,True,True,True,hold,True,D2-7102-release-base-r1-D-0,7102,D,release,base,1,1,ledger,True,True
1259974d8c70ab65,hold,hold,True,True,True,True,True,True,True,hold,True,D2-7102-release-base-r1-D-0,7102,D,release,base,1,2,ledger,True,True
43860c257057bc50,hold,hold,True,True,True,True,True,True,True,hold,True,D2-7102-release-base-r1-D-0,7102,D,release,base,1,3,ledger,True,True
c8c7e5db927016f4,ship,ship,True,True,True,True,True,True,True,ship,True,D2-7102-release-base-r1-D-0,7102,D,release,base,1,4,probe,True,True
daa7467be62d4b35,hold,hold,True,True,True,True,True,True,True,hold,True,D2-7102-release-base-r1-D-0,7102,D,release,base,1,5,probe,True,True
b936c33341876d79,hold,hold,True,True,True,True,True,True,True,hold,True,D2-7102-release-base-r1-D-0,7102,D,release,base,1,6,probe,True,True
8340dfb4f2effb8c,ship,ship,True,True,True,True,True,True,True,ship,True,D2-7102-release-base-r1-D-0,7102,D,release,base,1,7,ledger,True,True
e5d3f146c647b656,hold,hold,True,True,True,True,True,True,True,hold,True,D2-7102-release-base-r1-D-0,7102,D,release,base,1,8,probe,True,True
2d6092ba7b6215c9,ledger,ledger,True,True,True,True,True,True,True,ledger,True,D2-7105-incident-reverse-r0-E-2,7105,E,incident,reverse,0,3,ledger,True,True
4481943e758bdfd7,ship,ship,True,True,True,True,True,True,True,ship,True,D2-7103-release-reverse-r0-E-0,7103,E,release,reverse,0,1,ledger,True,True
934e569e8461676b,hold,hold,True,True,True,True,True,True,True,hold,True,D2-7101-release-base-r0-E-7,7101,E,release,base,0,8,canary,True,True
be2c10f2d9fe82be,none,none,True,True,True,True,True,True,True,none,True,D2-7100-incident-base-r0-E-0,7100,E,incident,base,0,1,probe,True,True
71cf3c4681090f3e,canary,canary,True,True,True,True,True,True,True,canary,True,D2-7101-incident-base-r1-E-3,7101,E,incident,base,1,4,canary,True,True
71cf3c4681090f3e,canary,canary,True,True,True,True,True,True,True,canary,True,D2-7101-incident-reverse-r1-E-4,7101,E,incident,reverse,1,5,canary,True,True
d31f40d5216d3044,ledger,ledger,True,True,True,True,True,True,True,ledger,True,D2-7105-incident-base-r1-D-0,7105,D,incident,base,1,1,ledger,True,True
bcba0ec290e0f371,none,none,True,True,True,True,True,True,True,none,True,D2-7105-incident-base-r1-D-0,7105,D,incident,base,1,2,ledger,True,True
eae51b6d381991f1,canary,canary,True,True,True,True,True,True,True,canary,True,D2-7105-incident-base-r1-D-0,7105,D,incident,base,1,3,canary,True,True
383c8978791601a7,none,none,True,True,True,True,True,True,True,none,True,D2-7105-incident-base-r1-D-0,7105,D,incident,base,1,4,ledger,True,True
46233b8d5fe06402,canary,canary,True,True,True,True,True,True,True,canary,True,D2-7105-incident-base-r1-D-0,7105,D,incident,base,1,5,canary,True,True
2d6092ba7b6215c9,ledger,ledger,True,True,True,True,True,True,True,ledger,True,D2-7105-incident-base-r1-D-0,7105,D,incident,base,1,6,ledger,True,True
9dd3fac243dea03f,none,canary,False,False,True,True,True,True,True,canary,False,D2-7105-incident-base-r1-D-0,7105,D,incident,base,1,7,canary,True,True
dddb4013bec7f162,none,canary,False,False,True,True,True,True,True,canary,False,D2-7105-incident-base-r1-D-0,7105,D,incident,base,1,8,canary,True,True
ed90279bd964e7b2,ship,ship,True,True,True,True,True,True,True,ship,True,D2-7101-release-reverse-r0-E-6,7101,E,release,reverse,0,7,canary,True,True
d075ae34c0b43436,canary,canary,True,True,True,True,True,True,True,canary,True,D2-7103-incident-base-r0-E-3,7103,E,incident,base,0,4,canary,True,True
46539b0cc5d37ecd,hold,hold,True,True,True,True,True,True,True,hold,True,D2-7103-release-reverse-r0-E-3,7103,E,release,reverse,0,4,canary,True,True
9dd3fac243dea03f,none,none,True,True,True,True,True,True,True,none,True,D2-7105-incident-reverse-r1-E-1,7105,E,incident,reverse,1,2,canary,True,True
7e9fa9d18cbc88c0,hold,hold,True,True,True,True,True,True,True,hold,True,D2-7101-release-reverse-r1-E-2,7101,E,release,reverse,1,3,probe,True,True
914636eddc593636,hold,hold,True,True,True,True,True,True,True,hold,True,D2-7103-release-base-r1-E-5,7103,E,release,base,1,6,ledger,True,True
4481943e758bdfd7,ledger,ledger,True,True,True,True,True,True,True,ledger,True,D2-7103-incident-base-r1-E-7,7103,E,incident,base,1,8,ledger,True,True
b88aed1ebea6339d,none,none,True,True,True,True,True,True,True,none,True,D2-7103-incident-reverse-r0-E-7,7103,E,incident,reverse,0,8,ledger,True,True
1259974d8c70ab65,hold,hold,True,True,True,True,True,True,True,hold,True,D2-7102-release-reverse-r0-E-6,7102,E,release,reverse,0,7,ledger,True,True
daa7467be62d4b35,hold,hold,True,True,True,True,True,True,True,hold,True,D2-7102-release-reverse-r0-E-3,7102,E,release,reverse,0,4,probe,True,True
8ca3846ce9f703af,hold,hold,True,True,True,True,True,True,True,hold,True,D2-7104-release-reverse-r0-E-3,7104,E,release,reverse,0,4,probe,True,True
c8c7e5db927016f4,probe,probe,True,True,True,True,True,True,True,probe,True,D2-7102-incident-base-r0-E-3,7102,E,incident,base,0,4,probe,True,True
b9f7972e094f0dc6,none,ledger,False,False,True,True,True,True,True,ledger,False,D2-7100-incident-reverse-r0-D-0,7100,D,incident,reverse,0,1,ledger,True,True
91a4c91389cf5942,none,none,True,True,True,True,True,True,True,none,True,D2-7100-incident-reverse-r0-D-0,7100,D,incident,reverse,0,2,probe,True,True
8e849a6425fd6d9e,probe,probe,True,True,True,True,True,True,True,probe,True,D2-7100-incident-reverse-r0-D-0,7100,D,incident,reverse,0,3,probe,True,True
f3c0ae514f0aab5e,probe,probe,True,True,True,True,True,True,True,probe,True,D2-7100-incident-reverse-r0-D-0,7100,D,incident,reverse,0,4,probe,False,True
470adaa2a0f7d1a6,ledger,ledger,True,True,True,True,True,True,True,ledger,True,D2-7100-incident-reverse-r0-D-0,7100,D,incident,reverse,0,5,ledger,True,True
26e1375c1c5d7121,none,none,True,True,True,True,True,True,True,none,True,D2-7100-incident-reverse-r0-D-0,7100,D,incident,reverse,0,6,ledger,True,True
4ca14e46f8e411f2,ledger,ledger,True,True,True,True,True,True,True,ledger,True,D2-7100-incident-reverse-r0-D-0,7100,D,incident,reverse,0,7,ledger,True,True
be2c10f2d9fe82be,none,none,True,True,True,True,True,True,True,none,True,D2-7100-incident-reverse-r0-D-0,7100,D,incident,reverse,0,8,probe,True,True
91a4c91389cf5942,none,probe,False,False,True,True,True,True,True,probe,False,D2-7100-incident-reverse-r0-E-1,7100,E,incident,reverse,0,2,probe,True,True
4ac943fecf9aa44f,hold,hold,True,True,True,True,True,True,True,hold,True,D2-7101-release-reverse-r1-E-5,7101,E,release,reverse,1,6,canary,True,True
77c76071addc2520,probe,probe,True,True,True,True,True,True,True,probe,True,D2-7101-incident-base-r1-E-4,7101,E,incident,base,1,5,probe,True,True
8340dfb4f2effb8c,ship,ship,True,True,True,True,True,True,True,ship,True,D2-7102-release-reverse-r1-E-1,7102,E,release,reverse,1,2,ledger,True,True
8340dfb4f2effb8c,ledger,ledger,True,True,True,True,True,True,True,ledger,True,D2-7102-incident-base-r0-E-6,7102,E,incident,base,0,7,ledger,True,True
c8c7e5db927016f4,probe,probe,True,True,True,True,True,True,True,probe,True,D2-7102-incident-reverse-r1-E-4,7102,E,incident,reverse,1,5,probe,True,True
c21ea8191f32f9ff,none,none,True,True,True,True,True,True,True,none,True,D2-7103-incident-base-r0-E-2,7103,E,incident,base,0,3,canary,True,True
934e569e8461676b,hold,hold,True,True,True,True,True,True,True,hold,True,D2-7101-release-reverse-r1-E-0,7101,E,release,reverse,1,1,canary,True,True
5cfa615ebc1de962,none,none,True,True,True,True,True,True,True,none,True,D2-7103-incident-reverse-r0-E-6,7103,E,incident,reverse,0,7,canary,True,True
f4d11adc7cd142e1,hold,hold,True,True,True,True,True,True,True,hold,True,D2-7104-release-reverse-r1-E-6,7104,E,release,reverse,1,7,probe,True,True
43860c257057bc50,hold,hold,True,True,True,True,True,True,True,hold,True,D2-7102-release-base-r0-E-2,7102,E,release,base,0,3,ledger,True,True
44b17cecb843b427,probe,probe,True,True,True,True,True,True,True,probe,True,D2-7104-incident-reverse-r0-E-4,7104,E,incident,reverse,0,5,probe,True,True
4ac943fecf9aa44f,hold,hold,True,True,True,True,True,True,True,hold,True,D2-7101-release-base-r1-E-2,7101,E,release,base,1,3,canary,True,True
00549750cec3f929,hold,hold,True,True,True,True,True,True,True,hold,True,D2-7104-release-reverse-r0-E-1,7104,E,release,reverse,0,2,probe,True,True
c10edf937732d9e7,none,none,True,True,True,True,True,True,True,none,True,D2-7102-incident-base-r0-D-0,7102,D,incident,base,0,1,ledger,True,True
1259974d8c70ab65,none,none,True,True,True,True,True,True,True,none,True,D2-7102-incident-base-r0-D-0,7102,D,incident,base,0,2,ledger,True,True
43860c257057bc50,ledger,ledger,True,True,True,True,True,True,True,ledger,True,D2-7102-incident-base-r0-D-0,7102,D,incident,base,0,3,ledger,True,True
c8c7e5db927016f4,probe,probe,True,True,True,True,True,True,True,probe,True,D2-7102-incident-base-r0-D-0,7102,D,incident,base,0,4,probe,True,True
daa7467be62d4b35,probe,probe,True,True,True,True,True,True,True,probe,True,D2-7102-incident-base-r0-D-0,7102,D,incident,base,0,5,probe,True,True
b936c33341876d79,none,none,True,True,True,True,True,True,True,none,True,D2-7102-incident-base-r0-D-0,7102,D,incident,base,0,6,probe,True,True
8340dfb4f2effb8c,ledger,ledger,True,True,True,True,True,True,True,ledger,True,D2-7102-incident-base-r0-D-0,7102,D,incident,base,0,7,ledger,True,True
e5d3f146c647b656,none,none,True,True,True,True,True,True,True,none,True,D2-7102-incident-base-r0-D-0,7102,D,incident,base,0,8,probe,True,True
4481943e758bdfd7,ledger,ledger,True,True,True,True,True,True,True,ledger,True,D2-7103-incident-reverse-r1-E-0,7103,E,incident,reverse,1,1,ledger,True,True
7c93f59ec0f00f41,hold,,False,False,False,True,False,True,False,,False,D2-7104-release-base-r1-E-2,7104,E,release,base,1,3,canary,True,True
69c758850c0acc08,canary,canary,True,True,True,True,True,True,True,canary,True,D2-7104-incident-reverse-r0-E-7,7104,E,incident,reverse,0,8,canary,True,True
f3c0ae514f0aab5e,ship,ship,True,True,True,True,True,True,True,ship,True,D2-7100-release-base-r0-E-4,7100,E,release,base,0,5,probe,False,True
dddb4013bec7f162,none,none,True,True,True,True,True,True,True,none,True,D2-7105-incident-reverse-r0-E-0,7105,E,incident,reverse,0,1,canary,True,True
dddb4013bec7f162,hold,hold,True,True,True,True,True,True,True,hold,True,D2-7105-release-reverse-r1-D-0,7105,D,release,reverse,1,1,canary,True,True
9dd3fac243dea03f,hold,hold,True,True,True,True,True,True,True,hold,True,D2-7105-release-reverse-r1-D-0,7105,D,release,reverse,1,2,canary,True,True
2d6092ba7b6215c9,hold,hold,True,True,True,True,True,True,True,hold,True,D2-7105-release-reverse-r1-D-0,7105,D,release,reverse,1,3,ledger,True,True
46233b8d5fe06402,hold,hold,True,True,True,True,True,True,True,hold,True,D2-7105-release-reverse-r1-D-0,7105,D,release,reverse,1,4,canary,True,True
383c8978791601a7,hold,hold,True,True,True,True,True,True,True,hold,True,D2-7105-release-reverse-r1-D-0,7105,D,release,reverse,1,5,ledger,True,True
eae51b6d381991f1,ship,hold,False,False,True,True,True,True,True,hold,False,D2-7105-release-reverse-r1-D-0,7105,D,release,reverse,1,6,canary,True,True
bcba0ec290e0f371,hold,hold,True,True,True,True,True,True,True,hold,True,D2-7105-release-reverse-r1-D-0,7105,D,release,reverse,1,7,ledger,True,True
d31f40d5216d3044,ship,ship,True,True,True,True,True,True,True,ship,True,D2-7105-release-reverse-r1-D-0,7105,D,release,reverse,1,8,ledger,True,True
00549750cec3f929,none,probe,False,False,True,True,True,True,True,probe,False,D2-7104-incident-reverse-r0-E-1,7104,E,incident,reverse,0,2,probe,True,True
3cffeda1098d795a,none,none,True,True,True,True,True,True,True,none,True,D2-7101-incident-reverse-r0-E-1,7101,E,incident,reverse,0,2,probe,True,True
914636eddc593636,ledger,ledger,True,True,True,True,True,True,True,ledger,True,D2-7103-incident-reverse-r1-E-2,7103,E,incident,reverse,1,3,ledger,True,True
f3c0ae514f0aab5e,probe,probe,True,True,True,True,True,True,True,probe,True,D2-7100-incident-base-r1-E-4,7100,E,incident,base,1,5,probe,False,True
69c758850c0acc08,hold,hold,True,True,True,True,True,True,True,hold,True,D2-7104-release-base-r0-D-0,7104,D,release,base,0,1,canary,True,True
f4d11adc7cd142e1,hold,hold,True,True,True,True,True,True,True,hold,True,D2-7104-release-base-r0-D-0,7104,D,release,base,0,2,probe,True,True
7c93f59ec0f00f41,hold,hold,True,True,True,True,True,True,True,hold,True,D2-7104-release-base-r0-D-0,7104,D,release,base,0,3,canary,True,True
44b17cecb843b427,ship,ship,True,True,True,True,True,True,True,ship,True,D2-7104-release-base-r0-D-0,7104,D,release,base,0,4,probe,True,True
8ca3846ce9f703af,hold,hold,True,True,True,True,True,True,True,hold,True,D2-7104-release-base-r0-D-0,7104,D,release,base,0,5,probe,True,True
e725d9c5855a7ab9,ship,hold,False,False,True,True,True,True,True,hold,False,D2-7104-release-base-r0-D-0,7104,D,release,base,0,6,canary,True,True
00549750cec3f929,hold,hold,True,True,True,True,True,True,True,hold,True,D2-7104-release-base-r0-D-0,7104,D,release,base,0,7,probe,True,True
a61175900cf60bc4,hold,hold,True,True,True,True,True,True,True,hold,True,D2-7104-release-base-r0-D-0,7104,D,release,base,0,8,canary,True,True
7c93f59ec0f00f41,none,none,True,True,True,True,True,True,True,none,True,D2-7104-incident-base-r0-E-2,7104,E,incident,base,0,3,canary,True,True
c8c7e5db927016f4,probe,probe,True,True,True,True,True,True,True,probe,True,D2-7102-incident-reverse-r0-E-4,7102,E,incident,reverse,0,5,probe,True,True
e5d3f146c647b656,none,none,True,True,True,True,True,True,True,none,True,D2-7102-incident-base-r0-E-7,7102,E,incident,base,0,8,probe,True,True
5cfa615ebc1de962,none,none,True,True,True,True,True,True,True,none,True,D2-7103-incident-base-r0-E-1,7103,E,incident,base,0,2,canary,True,True
8340dfb4f2effb8c,ship,ship,True,True,True,True,True,True,True,ship,True,D2-7102-release-base-r1-E-6,7102,E,release,base,1,7,ledger,True,True
91a4c91389cf5942,none,probe,False,False,True,True,True,True,True,probe,False,D2-7100-incident-base-r1-E-6,7100,E,incident,base,1,7,probe,True,True
daa7467be62d4b35,probe,probe,True,True,True,True,True,True,True,probe,True,D2-7102-incident-base-r1-E-4,7102,E,incident,base,1,5,probe,True,True
c21ea8191f32f9ff,hold,hold,True,True,True,True,True,True,True,hold,True,D2-7103-release-base-r1-E-2,7103,E,release,base,1,3,canary,True,True
914636eddc593636,ledger,ledger,True,True,True,True,True,True,True,ledger,True,D2-7103-incident-base-r0-E-5,7103,E,incident,base,0,6,ledger,True,True
8340dfb4f2effb8c,ledger,ledger,True,True,True,True,True,True,True,ledger,True,D2-7102-incident-base-r1-E-6,7102,E,incident,base,1,7,ledger,True,True
e5d3f146c647b656,none,none,True,True,True,True,True,True,True,none,True,D2-7102-incident-reverse-r1-E-0,7102,E,incident,reverse,1,1,probe,True,True
43860c257057bc50,hold,hold,True,True,True,True,True,True,True,hold,True,D2-7102-release-reverse-r1-E-5,7102,E,release,reverse,1,6,ledger,True,True
77c76071addc2520,probe,probe,True,True,True,True,True,True,True,probe,True,D2-7101-incident-reverse-r0-E-3,7101,E,incident,reverse,0,4,probe,True,True
4ca14e46f8e411f2,ledger,ledger,True,True,True,True,True,True,True,ledger,True,D2-7100-incident-reverse-r0-E-6,7100,E,incident,reverse,0,7,ledger,True,True
b88aed1ebea6339d,hold,hold,True,True,True,True,True,True,True,hold,True,D2-7103-release-base-r1-E-0,7103,E,release,base,1,1,ledger,True,True
a61175900cf60bc4,none,none,True,True,True,True,True,True,True,none,True,D2-7104-incident-reverse-r0-E-0,7104,E,incident,reverse,0,1,canary,True,True
f4d11adc7cd142e1,hold,hold,True,True,True,True,True,True,True,hold,True,D2-7104-release-base-r1-E-1,7104,E,release,base,1,2,probe,True,True
46233b8d5fe06402,hold,hold,True,True,True,True,True,True,True,hold,True,D2-7105-release-base-r0-E-4,7105,E,release,base,0,5,canary,True,True
43860c257057bc50,ledger,ledger,True,True,True,True,True,True,True,ledger,True,D2-7102-incident-reverse-r0-E-5,7102,E,incident,reverse,0,6,ledger,True,True
b88aed1ebea6339d,hold,hold,True,True,True,True,True,True,True,hold,True,D2-7103-release-base-r0-E-0,7103,E,release,base,0,1,ledger,True,True
e725d9c5855a7ab9,canary,canary,True,True,True,True,True,True,True,canary,True,D2-7104-incident-reverse-r0-E-2,7104,E,incident,reverse,0,3,canary,True,True
91a4c91389cf5942,hold,hold,True,True,True,True,True,True,True,hold,True,D2-7100-release-reverse-r1-E-1,7100,E,release,reverse,1,2,probe,True,True
5cfa615ebc1de962,hold,hold,True,True,True,True,True,True,True,hold,True,D2-7103-release-base-r1-E-1,7103,E,release,base,1,2,canary,True,True
4ac943fecf9aa44f,none,none,True,True,True,True,True,True,True,none,True,D2-7101-incident-reverse-r1-E-5,7101,E,incident,reverse,1,6,canary,True,True
00549750cec3f929,hold,hold,True,True,True,True,True,True,True,hold,True,D2-7104-release-reverse-r1-E-1,7104,E,release,reverse,1,2,probe,True,True
e5d3f146c647b656,hold,hold,True,True,True,True,True,True,True,hold,True,D2-7102-release-reverse-r0-D-0,7102,D,release,reverse,0,1,probe,True,True
8340dfb4f2effb8c,ship,ship,True,True,True,True,True,True,True,ship,True,D2-7102-release-reverse-r0-D-0,7102,D,release,reverse,0,2,ledger,True,True
b936c33341876d79,hold,hold,True,True,True,True,True,True,True,hold,True,D2-7102-release-reverse-r0-D-0,7102,D,release,reverse,0,3,probe,True,True
daa7467be62d4b35,hold,hold,True,True,True,True,True,True,True,hold,True,D2-7102-release-reverse-r0-D-0,7102,D,release,reverse,0,4,probe,True,True
c8c7e5db927016f4,ship,ship,True,True,True,True,True,True,True,ship,True,D2-7102-release-reverse-r0-D-0,7102,D,release,reverse,0,5,probe,True,True
43860c257057bc50,hold,hold,True,True,True,True,True,True,True,hold,True,D2-7102-release-reverse-r0-D-0,7102,D,release,reverse,0,6,ledger,True,True
1259974d8c70ab65,hold,hold,True,True,True,True,True,True,True,hold,True,D2-7102-release-reverse-r0-D-0,7102,D,release,reverse,0,7,ledger,True,True
c10edf937732d9e7,hold,hold,True,True,True,True,True,True,True,hold,True,D2-7102-release-reverse-r0-D-0,7102,D,release,reverse,0,8,ledger,True,True
914636eddc593636,ledger,ledger,True,True,True,True,True,True,True,ledger,True,D2-7103-incident-reverse-r0-E-2,7103,E,incident,reverse,0,3,ledger,True,True
a61175900cf60bc4,hold,hold,True,True,True,True,True,True,True,hold,True,D2-7104-release-base-r0-E-7,7104,E,release,base,0,8,canary,True,True
be2c10f2d9fe82be,none,none,True,True,True,True,True,True,True,none,True,D2-7100-incident-base-r1-E-0,7100,E,incident,base,1,1,probe,True,True
8ca3846ce9f703af,hold,hold,True,True,True,True,True,True,True,hold,True,D2-7104-release-base-r1-E-4,7104,E,release,base,1,5,probe,True,True
4481943e758bdfd7,ledger,ledger,True,True,True,True,True,True,True,ledger,True,D2-7103-incident-reverse-r0-D-0,7103,D,incident,reverse,0,1,ledger,True,True
b0a59a68111b5043,none,none,True,True,True,True,True,True,True,none,True,D2-7103-incident-reverse-r0-D-0,7103,D,incident,reverse,0,2,ledger,True,True
914636eddc593636,ledger,ledger,True,True,True,True,True,True,True,ledger,True,D2-7103-incident-reverse-r0-D-0,7103,D,incident,reverse,0,3,ledger,True,True
46539b0cc5d37ecd,canary,canary,True,True,True,True,True,True,True,canary,True,D2-7103-incident-reverse-r0-D-0,7103,D,incident,reverse,0,4,canary,True,True
d075ae34c0b43436,canary,canary,True,True,True,True,True,True,True,canary,True,D2-7103-incident-reverse-r0-D-0,7103,D,incident,reverse,0,5,canary,True,True
c21ea8191f32f9ff,none,canary,False,False,True,True,True,True,True,canary,False,D2-7103-incident-reverse-r0-D-0,7103,D,incident,reverse,0,6,canary,True,True
5cfa615ebc1de962,none,none,True,True,True,True,True,True,True,none,True,D2-7103-incident-reverse-r0-D-0,7103,D,incident,reverse,0,7,canary,True,True
b88aed1ebea6339d,none,none,True,True,True,True,True,True,True,none,True,D2-7103-incident-reverse-r0-D-0,7103,D,incident,reverse,0,8,ledger,True,True
46539b0cc5d37ecd,hold,hold,True,True,True,True,True,True,True,hold,True,D2-7103-release-base-r1-E-4,7103,E,release,base,1,5,canary,True,True
71cf3c4681090f3e,hold,hold,True,True,True,True,True,True,True,hold,True,D2-7101-release-reverse-r0-E-4,7101,E,release,reverse,0,5,canary,True,True
d075ae34c0b43436,canary,canary,True,True,True,True,True,True,True,canary,True,D2-7103-incident-base-r1-E-3,7103,E,incident,base,1,4,canary,True,True
