swarm,curve,x,y
wiki,lorenz,0,0
wiki,lorenz,0.0003223726627981947,7.303534910896874e-05
wiki,lorenz,0.0006447453255963894,0.00014607069821793748
wiki,lorenz,0.0009671179883945841,0.00021910604732690623
wiki,lorenz,0.0012894906511927789,0.00029214139643587495
wiki,lorenz,0.0016118633139909735,0.00036517674554484373
wiki,lorenz,0.0019342359767891683,0.00043821209465381246
wiki,lorenz,0.002256608639587363,0.0005112474437627812
wiki,lorenz,0.0025789813023855577,0.0005842827928717499
wiki,lorenz,0.0029013539651837525,0.0006573181419807187
wiki,lorenz,0.003223726627981947,0.0007303534910896875
wiki,lorenz,0.0035460992907801418,0.0008033888401986561
wiki,lorenz,0.0038684719535783366,0.0008764241893076249
wiki,lorenz,0.004190844616376531,0.0009494595384165936
wiki,lorenz,0.004513217279174726,0.0010224948875255625
wiki,lorenz,0.004835589941972921,0.0010955302366345311
wiki,lorenz,0.0051579626047711154,0.0011685655857434998
wiki,lorenz,0.00548033526756931,0.0012416009348524687
wiki,lorenz,0.005802707930367505,0.0013146362839614374
wiki,lorenz,0.0061250805931656995,0.001387671633070406
wiki,lorenz,0.006447453255963894,0.001460706982179375
wiki,lorenz,0.006769825918762089,0.0015337423312883436
wiki,lorenz,0.0070921985815602835,0.0016067776803973123
wiki,lorenz,0.007414571244358479,0.001679813029506281
wiki,lorenz,0.007736943907156673,0.0017528483786152498
wiki,lorenz,0.008059316569954868,0.0018258837277242185
wiki,lorenz,0.008381689232753063,0.0018989190768331872
wiki,lorenz,0.008704061895551257,0.001971954425942156
wiki,lorenz,0.009026434558349452,0.002044989775051125
wiki,lorenz,0.009348807221147646,0.0021180251241600936
wiki,lorenz,0.009671179883945842,0.0021910604732690623
wiki,lorenz,0.009993552546744036,0.002264095822378031
wiki,lorenz,0.010315925209542231,0.0023371311714869996
wiki,lorenz,0.010638297872340425,0.0024101665205959683
wiki,lorenz,0.01096067053513862,0.0024832018697049374
wiki,lorenz,0.011283043197936816,0.002556237218813906
wiki,lorenz,0.01160541586073501,0.0026292725679228747
wiki,lorenz,0.011927788523533205,0.0027023079170318434
wiki,lorenz,0.012250161186331399,0.002775343266140812
wiki,lorenz,0.012572533849129593,0.0028483786152497807
wiki,lorenz,0.012894906511927788,0.00292141396435875
wiki,lorenz,0.013217279174725984,0.0029944493134677185
wiki,lorenz,0.013539651837524178,0.003067484662576687
wiki,lorenz,0.013862024500322373,0.003140520011685656
wiki,lorenz,0.014184397163120567,0.0032135553607946245
wiki,lorenz,0.014506769825918761,0.003286590709903593
wiki,lorenz,0.014829142488716958,0.003359626059012562
wiki,lorenz,0.015151515151515152,0.003432661408121531
wiki,lorenz,0.015473887814313346,0.0035056967572304996
wiki,lorenz,0.01579626047711154,0.0035787321063394683
wiki,lorenz,0.016118633139909737,0.003651767455448437
wiki,lorenz,0.01644100580270793,0.0037248028045574057
wiki,lorenz,0.016763378465506126,0.0037978381536663743
wiki,lorenz,0.01708575112830432,0.0038708735027753434
wiki,lorenz,0.017408123791102514,0.003943908851884312
wiki,lorenz,0.01773049645390071,0.004016944200993281
wiki,lorenz,0.018052869116698903,0.00408997955010225
wiki,lorenz,0.0183752417794971,0.004163014899211218
wiki,lorenz,0.018697614442295292,0.004236050248320187
wiki,lorenz,0.019019987105093488,0.0043090855974291555
wiki,lorenz,0.019342359767891684,0.0043821209465381246
wiki,lorenz,0.019664732430689877,0.004455156295647093
wiki,lorenz,0.019987105093488073,0.004528191644756062
wiki,lorenz,0.020309477756286266,0.004601226993865031
wiki,lorenz,0.020631850419084462,0.004674262342973999
wiki,lorenz,0.020954223081882658,0.004747297692082968
wiki,lorenz,0.02127659574468085,0.004820333041191937
wiki,lorenz,0.021598968407479047,0.004893368390300906
wiki,lorenz,0.02192134107027724,0.004966403739409875
wiki,lorenz,0.022243713733075435,0.005039439088518843
wiki,lorenz,0.02256608639587363,0.005112474437627812
wiki,lorenz,0.022888459058671824,0.00518550978673678
wiki,lorenz,0.02321083172147002,0.0052585451358457495
wiki,lorenz,0.023533204384268213,0.005331580484954718
wiki,lorenz,0.02385557704706641,0.005404615834063687
wiki,lorenz,0.024177949709864602,0.005477651183172656
wiki,lorenz,0.024500322372662798,0.005550686532281624
wiki,lorenz,0.024822695035460994,0.005623721881390593
wiki,lorenz,0.025145067698259187,0.0056967572304995615
wiki,lorenz,0.025467440361057383,0.005769792579608531
wiki,lorenz,0.025789813023855575,0.0058428279287175
wiki,lorenz,0.02611218568665377,0.005915863277826468
wiki,lorenz,0.026434558349451968,0.005988898626935437
wiki,lorenz,0.02675693101225016,0.006061933976044405
wiki,lorenz,0.027079303675048357,0.006134969325153374
wiki,lorenz,0.02740167633784655,0.006208004674262343
wiki,lorenz,0.027724049000644745,0.006281040023371312
wiki,lorenz,0.02804642166344294,0.006354075372480281
wiki,lorenz,0.028368794326241134,0.006427110721589249
wiki,lorenz,0.02869116698903933,0.006500146070698218
wiki,lorenz,0.029013539651837523,0.006573181419807186
wiki,lorenz,0.02933591231463572,0.0066462167689161555
wiki,lorenz,0.029658284977433915,0.006719252118025124
wiki,lorenz,0.029980657640232108,0.006792287467134093
wiki,lorenz,0.030303030303030304,0.006865322816243062
wiki,lorenz,0.030625402965828497,0.00693835816535203
wiki,lorenz,0.030947775628626693,0.007011393514460999
wiki,lorenz,0.03127014829142489,0.0070844288635699675
wiki,lorenz,0.03159252095422308,0.007157464212678937
wiki,lorenz,0.031914893617021274,0.007230499561787906
wiki,lorenz,0.032237266279819474,0.007303534910896874
wiki,lorenz,0.032559638942617666,0.007376570260005843
wiki,lorenz,0.03288201160541586,0.007449605609114811
wiki,lorenz,0.03320438426821406,0.00752264095822378
wiki,lorenz,0.03352675693101225,0.007595676307332749
wiki,lorenz,0.033849129593810444,0.007668711656441718
wiki,lorenz,0.03417150225660864,0.007741747005550687
wiki,lorenz,0.034493874919406836,0.007814782354659655
wiki,lorenz,0.03481624758220503,0.007887817703768623
wiki,lorenz,0.03513862024500322,0.007960853052877593
wiki,lorenz,0.03546099290780142,0.008033888401986562
wiki,lorenz,0.035783365570599614,0.00810692375109553
wiki,lorenz,0.036105738233397806,0.0081799591002045
wiki,lorenz,0.036428110896196006,0.008252994449313468
wiki,lorenz,0.0367504835589942,0.008326029798422436
wiki,lorenz,0.03707285622179239,0.008399065147531404
wiki,lorenz,0.037395228884590584,0.008472100496640374
wiki,lorenz,0.037717601547388784,0.008545135845749343
wiki,lorenz,0.038039974210186976,0.008618171194858311
wiki,lorenz,0.03836234687298517,0.008691206543967281
wiki,lorenz,0.03868471953578337,0.008764241893076249
wiki,lorenz,0.03900709219858156,0.008837277242185217
wiki,lorenz,0.039329464861379754,0.008910312591294186
wiki,lorenz,0.039651837524177946,0.008983347940403156
wiki,lorenz,0.039974210186976146,0.009056383289512124
wiki,lorenz,0.04029658284977434,0.009129418638621092
wiki,lorenz,0.04061895551257253,0.009202453987730062
wiki,lorenz,0.04094132817537073,0.00927548933683903
wiki,lorenz,0.041263700838168924,0.009348524685947998
wiki,lorenz,0.041586073500967116,0.009421560035056967
wiki,lorenz,0.041908446163765316,0.009494595384165937
wiki,lorenz,0.04223081882656351,0.009567630733274905
wiki,lorenz,0.0425531914893617,0.009640666082383873
wiki,lorenz,0.042875564152159894,0.009713701431492843
wiki,lorenz,0.04319793681495809,0.009786736780601811
wiki,lorenz,0.043520309477756286,0.00985977212971078
wiki,lorenz,0.04384268214055448,0.00993280747881975
wiki,lorenz,0.04416505480335268,0.010005842827928718
wiki,lorenz,0.04448742746615087,0.010078878177037686
wiki,lorenz,0.044809800128949064,0.010151913526146654
wiki,lorenz,0.04513217279174726,0.010224948875255624
wiki,lorenz,0.045454545454545456,0.010297984224364592
wiki,lorenz,0.04577691811734365,0.01037101957347356
wiki,lorenz,0.04609929078014184,0.01044405492258253
wiki,lorenz,0.04642166344294004,0.010517090271691499
wiki,lorenz,0.04674403610573823,0.010590125620800467
wiki,lorenz,0.047066408768536426,0.010663160969909435
wiki,lorenz,0.047388781431334626,0.010736196319018405
wiki,lorenz,0.04771115409413282,0.010809231668127374
wiki,lorenz,0.04803352675693101,0.010882267017236342
wiki,lorenz,0.048355899419729204,0.010955302366345312
wiki,lorenz,0.0486782720825274,0.01102833771545428
wiki,lorenz,0.049000644745325596,0.011101373064563248
wiki,lorenz,0.04932301740812379,0.011174408413672217
wiki,lorenz,0.04964539007092199,0.011247443762781187
wiki,lorenz,0.04996776273372018,0.011320479111890155
wiki,lorenz,0.05029013539651837,0.011393514460999123
wiki,lorenz,0.05061250805931657,0.011466549810108093
wiki,lorenz,0.050934880722114766,0.011539585159217061
wiki,lorenz,0.05125725338491296,0.01161262050832603
wiki,lorenz,0.05157962604771115,0.011685655857435
wiki,lorenz,0.05190199871050935,0.011758691206543968
wiki,lorenz,0.05222437137330754,0.011831726555652936
wiki,lorenz,0.052546744036105736,0.011904761904761904
wiki,lorenz,0.052869116698903935,0.011977797253870874
wiki,lorenz,0.05319148936170213,0.012050832602979842
wiki,lorenz,0.05351386202450032,0.01212386795208881
wiki,lorenz,0.05383623468729852,0.01219690330119778
wiki,lorenz,0.05415860735009671,0.012269938650306749
wiki,lorenz,0.054480980012894906,0.012342973999415717
wiki,lorenz,0.0548033526756931,0.012416009348524685
wiki,lorenz,0.0551257253384913,0.012489044697633655
wiki,lorenz,0.05544809800128949,0.012562080046742623
wiki,lorenz,0.05577047066408768,0.012635115395851592
wiki,lorenz,0.05609284332688588,0.012708150744960562
wiki,lorenz,0.056415215989684075,0.01278118609406953
wiki,lorenz,0.05673758865248227,0.012854221443178498
wiki,lorenz,0.05705996131528046,0.012927256792287466
wiki,lorenz,0.05738233397807866,0.013000292141396436
wiki,lorenz,0.05770470664087685,0.013073327490505405
wiki,lorenz,0.058027079303675046,0.013146362839614373
wiki,lorenz,0.058349451966473245,0.013219398188723343
wiki,lorenz,0.05867182462927144,0.013292433537832311
wiki,lorenz,0.05899419729206963,0.01336546888694128
wiki,lorenz,0.05931656995486783,0.013438504236050247
wiki,lorenz,0.05963894261766602,0.013511539585159217
wiki,lorenz,0.059961315280464215,0.013584574934268186
wiki,lorenz,0.06028368794326241,0.013657610283377154
wiki,lorenz,0.06060606060606061,0.013730645632486124
wiki,lorenz,0.0609284332688588,0.013803680981595092
wiki,lorenz,0.06125080593165699,0.01387671633070406
wiki,lorenz,0.06157317859445519,0.01394975167981303
wiki,lorenz,0.061895551257253385,0.014022787028921999
wiki,lorenz,0.06221792392005158,0.014095822378030967
wiki,lorenz,0.06254029658284978,0.014168857727139935
wiki,lorenz,0.06286266924564797,0.014241893076248905
wiki,lorenz,0.06318504190844616,0.014314928425357873
wiki,lorenz,0.06350741457124436,0.014387963774466841
wiki,lorenz,0.06382978723404255,0.014460999123575811
wiki,lorenz,0.06415215989684075,0.01453403447268478
wiki,lorenz,0.06447453255963895,0.014607069821793748
wiki,lorenz,0.06479690522243714,0.014680105170902716
wiki,lorenz,0.06511927788523533,0.014753140520011686
wiki,lorenz,0.06544165054803353,0.014826175869120654
wiki,lorenz,0.06576402321083172,0.014899211218229623
wiki,lorenz,0.06608639587362991,0.014972246567338593
wiki,lorenz,0.06640876853642812,0.01504528191644756
wiki,lorenz,0.06673114119922631,0.015118317265556529
wiki,lorenz,0.0670535138620245,0.015191352614665497
wiki,lorenz,0.0673758865248227,0.015264387963774467
wiki,lorenz,0.06769825918762089,0.015337423312883436
wiki,lorenz,0.06802063185041908,0.015410458661992404
wiki,lorenz,0.06834300451321727,0.015483494011101374
wiki,lorenz,0.06866537717601548,0.015556529360210342
wiki,lorenz,0.06898774983881367,0.01562956470931931
wiki,lorenz,0.06931012250161186,0.01570260005842828
wiki,lorenz,0.06963249516441006,0.015775635407537247
wiki,lorenz,0.06995486782720825,0.015848670756646217
wiki,lorenz,0.07027724049000644,0.015921706105755187
wiki,lorenz,0.07059961315280464,0.015994741454864153
wiki,lorenz,0.07092198581560284,0.016067776803973123
wiki,lorenz,0.07124435847840103,0.016140812153082093
wiki,lorenz,0.07156673114119923,0.01621384750219106
wiki,lorenz,0.07188910380399742,0.01628688285130003
wiki,lorenz,0.07221147646679561,0.016359918200409
wiki,lorenz,0.0725338491295938,0.016432953549517966
wiki,lorenz,0.07285622179239201,0.016505988898626936
wiki,lorenz,0.0731785944551902,0.016579024247735902
wiki,lorenz,0.0735009671179884,0.016652059596844872
wiki,lorenz,0.07382333978078659,0.016725094945953842
wiki,lorenz,0.07414571244358478,0.01679813029506281
wiki,lorenz,0.07446808510638298,0.01687116564417178
wiki,lorenz,0.07479045776918117,0.01694420099328075
wiki,lorenz,0.07511283043197937,0.017017236342389715
wiki,lorenz,0.07543520309477757,0.017090271691498685
wiki,lorenz,0.07575757575757576,0.017163307040607655
wiki,lorenz,0.07607994842037395,0.017236342389716622
wiki,lorenz,0.07640232108317214,0.017309377738825592
wiki,lorenz,0.07672469374597034,0.017382413087934562
wiki,lorenz,0.07704706640876853,0.017455448437043528
wiki,lorenz,0.07736943907156674,0.017528483786152498
wiki,lorenz,0.07769181173436493,0.017601519135261468
wiki,lorenz,0.07801418439716312,0.017674554484370435
wiki,lorenz,0.07833655705996131,0.017747589833479405
wiki,lorenz,0.07865892972275951,0.01782062518258837
wiki,lorenz,0.0789813023855577,0.01789366053169734
wiki,lorenz,0.07930367504835589,0.01796669588080631
wiki,lorenz,0.0796260477111541,0.018039731229915278
wiki,lorenz,0.07994842037395229,0.018112766579024248
wiki,lorenz,0.08027079303675048,0.018185801928133218
wiki,lorenz,0.08059316569954868,0.018258837277242184
wiki,lorenz,0.08091553836234687,0.018331872626351154
wiki,lorenz,0.08123791102514506,0.018404907975460124
wiki,lorenz,0.08156028368794327,0.01847794332456909
wiki,lorenz,0.08188265635074146,0.01855097867367806
wiki,lorenz,0.08220502901353965,0.01862401402278703
wiki,lorenz,0.08252740167633785,0.018697049371895997
wiki,lorenz,0.08284977433913604,0.018770084721004967
wiki,lorenz,0.08317214700193423,0.018843120070113933
wiki,lorenz,0.08349451966473243,0.018916155419222903
wiki,lorenz,0.08381689232753063,0.018989190768331873
wiki,lorenz,0.08413926499032882,0.01906222611744084
wiki,lorenz,0.08446163765312702,0.01913526146654981
wiki,lorenz,0.08478401031592521,0.01920829681565878
wiki,lorenz,0.0851063829787234,0.019281332164767746
wiki,lorenz,0.0854287556415216,0.019354367513876716
wiki,lorenz,0.08575112830431979,0.019427402862985686
wiki,lorenz,0.086073500967118,0.019500438212094653
wiki,lorenz,0.08639587362991619,0.019573473561203623
wiki,lorenz,0.08671824629271438,0.019646508910312593
wiki,lorenz,0.08704061895551257,0.01971954425942156
wiki,lorenz,0.08736299161831076,0.01979257960853053
wiki,lorenz,0.08768536428110896,0.0198656149576395
wiki,lorenz,0.08800773694390715,0.019938650306748466
wiki,lorenz,0.08833010960670536,0.020011685655857436
wiki,lorenz,0.08865248226950355,0.020084721004966402
wiki,lorenz,0.08897485493230174,0.020157756354075372
wiki,lorenz,0.08929722759509993,0.020230791703184342
wiki,lorenz,0.08961960025789813,0.02030382705229331
wiki,lorenz,0.08994197292069632,0.02037686240140228
wiki,lorenz,0.09026434558349453,0.02044989775051125
wiki,lorenz,0.09058671824629272,0.020522933099620215
wiki,lorenz,0.09090909090909091,0.020595968448729185
wiki,lorenz,0.0912314635718891,0.020669003797838155
wiki,lorenz,0.0915538362346873,0.02074203914694712
wiki,lorenz,0.09187620889748549,0.02081507449605609
wiki,lorenz,0.09219858156028368,0.02088810984516506
wiki,lorenz,0.09252095422308189,0.020961145194274028
wiki,lorenz,0.09284332688588008,0.021034180543382998
wiki,lorenz,0.09316569954867827,0.021107215892491968
wiki,lorenz,0.09348807221147647,0.021180251241600934
wiki,lorenz,0.09381044487427466,0.021253286590709904
wiki,lorenz,0.09413281753707285,0.02132632193981887
wiki,lorenz,0.09445519019987104,0.02139935728892784
wiki,lorenz,0.09477756286266925,0.02147239263803681
wiki,lorenz,0.09509993552546744,0.021545427987145777
wiki,lorenz,0.09542230818826564,0.021618463336254747
wiki,lorenz,0.09574468085106383,0.021691498685363717
wiki,lorenz,0.09606705351386202,0.021764534034472684
wiki,lorenz,0.09638942617666021,0.021837569383581654
wiki,lorenz,0.09671179883945841,0.021910604732690624
wiki,lorenz,0.09703417150225661,0.02198364008179959
wiki,lorenz,0.0973565441650548,0.02205667543090856
wiki,lorenz,0.097678916827853,0.02212971078001753
wiki,lorenz,0.09800128949065119,0.022202746129126497
wiki,lorenz,0.09832366215344938,0.022275781478235467
wiki,lorenz,0.09864603481624758,0.022348816827344433
wiki,lorenz,0.09896840747904578,0.022421852176453403
wiki,lorenz,0.09929078014184398,0.022494887525562373
wiki,lorenz,0.09961315280464217,0.02256792287467134
wiki,lorenz,0.09993552546744036,0.02264095822378031
wiki,lorenz,0.10025789813023855,0.02271399357288928
wiki,lorenz,0.10058027079303675,0.022787028921998246
wiki,lorenz,0.10090264345583494,0.022860064271107216
wiki,lorenz,0.10122501611863315,0.022933099620216186
wiki,lorenz,0.10154738878143134,0.023006134969325152
wiki,lorenz,0.10186976144422953,0.023079170318434122
wiki,lorenz,0.10219213410702772,0.023152205667543092
wiki,lorenz,0.10251450676982592,0.02322524101665206
wiki,lorenz,0.10283687943262411,0.02329827636576103
wiki,lorenz,0.1031592520954223,0.02337131171487
wiki,lorenz,0.10348162475822051,0.023444347063978965
wiki,lorenz,0.1038039974210187,0.023517382413087935
wiki,lorenz,0.1041263700838169,0.023590417762196902
wiki,lorenz,0.10444874274661509,0.02366345311130587
wiki,lorenz,0.10477111540941328,0.02373648846041484
wiki,lorenz,0.10509348807221147,0.023809523809523808
wiki,lorenz,0.10541586073500966,0.023882559158632778
wiki,lorenz,0.10573823339780787,0.023955594507741748
wiki,lorenz,0.10606060606060606,0.024028629856850715
wiki,lorenz,0.10638297872340426,0.024101665205959685
wiki,lorenz,0.10670535138620245,0.024174700555068655
wiki,lorenz,0.10702772404900064,0.02424773590417762
wiki,lorenz,0.10735009671179883,0.02432077125328659
wiki,lorenz,0.10767246937459704,0.02439380660239556
wiki,lorenz,0.10799484203739523,0.024466841951504528
wiki,lorenz,0.10831721470019343,0.024539877300613498
wiki,lorenz,0.10863958736299162,0.024612912649722464
wiki,lorenz,0.10896196002578981,0.024685947998831434
wiki,lorenz,0.109284332688588,0.024758983347940404
wiki,lorenz,0.1096067053513862,0.02483201869704937
wiki,lorenz,0.1099290780141844,0.02490505404615834
wiki,lorenz,0.1102514506769826,0.02497808939526731
wiki,lorenz,0.11057382333978079,0.025051124744376277
wiki,lorenz,0.11089619600257898,0.025124160093485247
wiki,lorenz,0.11121856866537717,0.025197195442594217
wiki,lorenz,0.11154094132817537,0.025270230791703183
wiki,lorenz,0.11186331399097356,0.025343266140812153
wiki,lorenz,0.11218568665377177,0.025416301489921123
wiki,lorenz,0.11250805931656996,0.02548933683903009
wiki,lorenz,0.11283043197936815,0.02556237218813906
wiki,lorenz,0.11315280464216634,0.02563540753724803
wiki,lorenz,0.11347517730496454,0.025708442886356996
wiki,lorenz,0.11379754996776273,0.025781478235465966
wiki,lorenz,0.11411992263056092,0.025854513584574933
wiki,lorenz,0.11444229529335913,0.025927548933683903
wiki,lorenz,0.11476466795615732,0.026000584282792873
wiki,lorenz,0.11508704061895551,0.02607361963190184
wiki,lorenz,0.1154094132817537,0.02614665498101081
wiki,lorenz,0.1157317859445519,0.02621969033011978
wiki,lorenz,0.11605415860735009,0.026292725679228746
wiki,lorenz,0.1163765312701483,0.026365761028337716
wiki,lorenz,0.11669890393294649,0.026438796377446686
wiki,lorenz,0.11702127659574468,0.026511831726555652
wiki,lorenz,0.11734364925854288,0.026584867075664622
wiki,lorenz,0.11766602192134107,0.026657902424773592
wiki,lorenz,0.11798839458413926,0.02673093777388256
wiki,lorenz,0.11831076724693745,0.02680397312299153
wiki,lorenz,0.11863313990973566,0.026877008472100495
wiki,lorenz,0.11895551257253385,0.026950043821209465
wiki,lorenz,0.11927788523533205,0.027023079170318435
wiki,lorenz,0.11960025789813024,0.0270961145194274
wiki,lorenz,0.11992263056092843,0.02716914986853637
wiki,lorenz,0.12024500322372662,0.02724218521764534
wiki,lorenz,0.12056737588652482,0.027315220566754308
wiki,lorenz,0.12088974854932302,0.027388255915863278
wiki,lorenz,0.12121212121212122,0.027461291264972248
wiki,lorenz,0.12153449387491941,0.027534326614081214
wiki,lorenz,0.1218568665377176,0.027607361963190184
wiki,lorenz,0.1221792392005158,0.027680397312299154
wiki,lorenz,0.12250161186331399,0.02775343266140812
wiki,lorenz,0.12282398452611218,0.02782646801051709
wiki,lorenz,0.12314635718891039,0.02789950335962606
wiki,lorenz,0.12346872985170858,0.027972538708735027
wiki,lorenz,0.12379110251450677,0.028045574057843997
wiki,lorenz,0.12411347517730496,0.028118609406952964
wiki,lorenz,0.12443584784010316,0.028191644756061934
wiki,lorenz,0.12475822050290135,0.028264680105170904
wiki,lorenz,0.12508059316569956,0.02833771545427987
wiki,lorenz,0.12540296582849775,0.02841075080338884
wiki,lorenz,0.12572533849129594,0.02848378615249781
wiki,lorenz,0.12604771115409413,0.028556821501606777
wiki,lorenz,0.12637008381689233,0.028629856850715747
wiki,lorenz,0.12669245647969052,0.028702892199824716
wiki,lorenz,0.1270148291424887,0.028775927548933683
wiki,lorenz,0.1273372018052869,0.028848962898042653
wiki,lorenz,0.1276595744680851,0.028921998247151623
wiki,lorenz,0.1279819471308833,0.02899503359626059
wiki,lorenz,0.1283043197936815,0.02906806894536956
wiki,lorenz,0.1286266924564797,0.029141104294478526
wiki,lorenz,0.1289490651192779,0.029214139643587496
wiki,lorenz,0.1292714377820761,0.029287174992696466
wiki,lorenz,0.12959381044487428,0.029360210341805432
wiki,lorenz,0.12991618310767247,0.029433245690914402
wiki,lorenz,0.13023855577047067,0.029506281040023372
wiki,lorenz,0.13056092843326886,0.02957931638913234
wiki,lorenz,0.13088330109606705,0.02965235173824131
wiki,lorenz,0.13120567375886524,0.02972538708735028
wiki,lorenz,0.13152804642166344,0.029798422436459245
wiki,lorenz,0.13185041908446163,0.029871457785568215
wiki,lorenz,0.13217279174725982,0.029944493134677185
wiki,lorenz,0.13249516441005801,0.03001752848378615
wiki,lorenz,0.13281753707285623,0.03009056383289512
wiki,lorenz,0.13313990973565443,0.03016359918200409
wiki,lorenz,0.13346228239845262,0.030236634531113058
wiki,lorenz,0.1337846550612508,0.030309669880222028
wiki,lorenz,0.134107027724049,0.030382705229330995
wiki,lorenz,0.1344294003868472,0.030455740578439965
wiki,lorenz,0.1347517730496454,0.030528775927548935
wiki,lorenz,0.13507414571244358,0.0306018112766579
wiki,lorenz,0.13539651837524178,0.03067484662576687
wiki,lorenz,0.13571889103803997,0.03074788197487584
wiki,lorenz,0.13604126370083816,0.030820917323984807
wiki,lorenz,0.13636363636363635,0.030893952673093777
wiki,lorenz,0.13668600902643455,0.030966988022202747
wiki,lorenz,0.13700838168923277,0.031040023371311714
wiki,lorenz,0.13733075435203096,0.031113058720420684
wiki,lorenz,0.13765312701482915,0.031186094069529654
wiki,lorenz,0.13797549967762734,0.03125912941863862
wiki,lorenz,0.13829787234042554,0.03133216476774759
wiki,lorenz,0.13862024500322373,0.03140520011685656
wiki,lorenz,0.13894261766602192,0.03147823546596553
wiki,lorenz,0.13926499032882012,0.03155127081507449
wiki,lorenz,0.1395873629916183,0.03162430616418346
wiki,lorenz,0.1399097356544165,0.03169734151329243
wiki,lorenz,0.1402321083172147,0.0317703768624014
wiki,lorenz,0.14055448098001289,0.03184341221151037
wiki,lorenz,0.14087685364281108,0.03191644756061934
wiki,lorenz,0.14119922630560927,0.031989482909728306
wiki,lorenz,0.1415215989684075,0.032062518258837276
wiki,lorenz,0.14184397163120568,0.032135553607946246
wiki,lorenz,0.14216634429400388,0.032208588957055216
wiki,lorenz,0.14248871695680207,0.032281624306164186
wiki,lorenz,0.14281108961960026,0.03235465965527315
wiki,lorenz,0.14313346228239845,0.03242769500438212
wiki,lorenz,0.14345583494519665,0.03250073035349109
wiki,lorenz,0.14377820760799484,0.03257376570260006
wiki,lorenz,0.14410058027079303,0.03264680105170903
wiki,lorenz,0.14442295293359123,0.032719836400818
wiki,lorenz,0.14474532559638942,0.03279287174992696
wiki,lorenz,0.1450676982591876,0.03286590709903593
wiki,lorenz,0.1453900709219858,0.0329389424481449
wiki,lorenz,0.14571244358478402,0.03301197779725387
wiki,lorenz,0.14603481624758222,0.03308501314636284
wiki,lorenz,0.1463571889103804,0.033158048495471805
wiki,lorenz,0.1466795615731786,0.033231083844580775
wiki,lorenz,0.1470019342359768,0.033304119193689745
wiki,lorenz,0.147324306898775,0.033377154542798715
wiki,lorenz,0.14764667956157318,0.033450189891907685
wiki,lorenz,0.14796905222437137,0.033523225241016655
wiki,lorenz,0.14829142488716957,0.03359626059012562
wiki,lorenz,0.14861379754996776,0.03366929593923459
wiki,lorenz,0.14893617021276595,0.03374233128834356
wiki,lorenz,0.14925854287556414,0.03381536663745253
wiki,lorenz,0.14958091553836234,0.0338884019865615
wiki,lorenz,0.14990328820116053,0.03396143733567047
wiki,lorenz,0.15022566086395875,0.03403447268477943
wiki,lorenz,0.15054803352675694,0.0341075080338884
wiki,lorenz,0.15087040618955513,0.03418054338299737
wiki,lorenz,0.15119277885235333,0.03425357873210634
wiki,lorenz,0.15151515151515152,0.03432661408121531
wiki,lorenz,0.1518375241779497,0.034399649430324274
wiki,lorenz,0.1521598968407479,0.034472684779433244
wiki,lorenz,0.1524822695035461,0.034545720128542214
wiki,lorenz,0.1528046421663443,0.034618755477651184
wiki,lorenz,0.15312701482914248,0.034691790826760154
wiki,lorenz,0.15344938749194068,0.034764826175869123
wiki,lorenz,0.15377176015473887,0.034837861524978087
wiki,lorenz,0.15409413281753706,0.034910896874087056
wiki,lorenz,0.15441650548033528,0.034983932223196026
wiki,lorenz,0.15473887814313347,0.035056967572304996
wiki,lorenz,0.15506125080593167,0.035130002921413966
wiki,lorenz,0.15538362346872986,0.035203038270522936
wiki,lorenz,0.15570599613152805,0.0352760736196319
wiki,lorenz,0.15602836879432624,0.03534910896874087
wiki,lorenz,0.15635074145712444,0.03542214431784984
wiki,lorenz,0.15667311411992263,0.03549517966695881
wiki,lorenz,0.15699548678272082,0.03556821501606778
wiki,lorenz,0.15731785944551901,0.03564125036517674
wiki,lorenz,0.1576402321083172,0.03571428571428571
wiki,lorenz,0.1579626047711154,0.03578732106339468
wiki,lorenz,0.1582849774339136,0.03586035641250365
wiki,lorenz,0.15860735009671179,0.03593339176161262
wiki,lorenz,0.15892972275951,0.03600642711072159
wiki,lorenz,0.1592520954223082,0.036079462459830555
wiki,lorenz,0.1595744680851064,0.036152497808939525
wiki,lorenz,0.15989684074790458,0.036225533158048495
wiki,lorenz,0.16021921341070278,0.036298568507157465
wiki,lorenz,0.16054158607350097,0.036371603856266435
wiki,lorenz,0.16086395873629916,0.036444639205375405
wiki,lorenz,0.16118633139909735,0.03651767455448437
wiki,lorenz,0.16150870406189555,0.03659070990359334
wiki,lorenz,0.16183107672469374,0.03666374525270231
wiki,lorenz,0.16215344938749193,0.03673678060181128
wiki,lorenz,0.16247582205029013,0.03680981595092025
wiki,lorenz,0.16279819471308832,0.03688285130002921
wiki,lorenz,0.16312056737588654,0.03695588664913818
wiki,lorenz,0.16344294003868473,0.03702892199824715
wiki,lorenz,0.16376531270148292,0.03710195734735612
wiki,lorenz,0.16408768536428112,0.03717499269646509
wiki,lorenz,0.1644100580270793,0.03724802804557406
wiki,lorenz,0.1647324306898775,0.037321063394683024
wiki,lorenz,0.1650548033526757,0.037394098743791994
wiki,lorenz,0.1653771760154739,0.037467134092900964
wiki,lorenz,0.16569954867827208,0.037540169442009934
wiki,lorenz,0.16602192134107027,0.037613204791118904
wiki,lorenz,0.16634429400386846,0.03768624014022787
wiki,lorenz,0.16666666666666666,0.03775927548933684
wiki,lorenz,0.16698903932946485,0.03783231083844581
wiki,lorenz,0.16731141199226304,0.03790534618755478
wiki,lorenz,0.16763378465506126,0.03797838153666375
wiki,lorenz,0.16795615731785946,0.03805141688577272
wiki,lorenz,0.16827852998065765,0.03812445223488168
wiki,lorenz,0.16860090264345584,0.03819748758399065
wiki,lorenz,0.16892327530625403,0.03827052293309962
wiki,lorenz,0.16924564796905223,0.03834355828220859
wiki,lorenz,0.16956802063185042,0.03841659363131756
wiki,lorenz,0.1698903932946486,0.03848962898042653
wiki,lorenz,0.1702127659574468,0.03856266432953549
wiki,lorenz,0.170535138620245,0.03863569967864446
wiki,lorenz,0.1708575112830432,0.03870873502775343
wiki,lorenz,0.17117988394584138,0.0387817703768624
wiki,lorenz,0.17150225660863957,0.03885480572597137
wiki,lorenz,0.1718246292714378,0.038927841075080336
wiki,lorenz,0.172147001934236,0.039000876424189306
wiki,lorenz,0.17246937459703418,0.039073911773298275
wiki,lorenz,0.17279174725983237,0.039146947122407245
wiki,lorenz,0.17311411992263057,0.039219982471516215
wiki,lorenz,0.17343649258542876,0.039293017820625185
wiki,lorenz,0.17375886524822695,0.03936605316973415
wiki,lorenz,0.17408123791102514,0.03943908851884312
wiki,lorenz,0.17440361057382334,0.03951212386795209
wiki,lorenz,0.17472598323662153,0.03958515921706106
wiki,lorenz,0.17504835589941972,0.03965819456617003
wiki,lorenz,0.17537072856221791,0.039731229915279
wiki,lorenz,0.1756931012250161,0.03980426526438796
wiki,lorenz,0.1760154738878143,0.03987730061349693
wiki,lorenz,0.17633784655061252,0.0399503359626059
wiki,lorenz,0.1766602192134107,0.04002337131171487
wiki,lorenz,0.1769825918762089,0.04009640666082384
wiki,lorenz,0.1773049645390071,0.040169442009932804
wiki,lorenz,0.1776273372018053,0.040242477359041774
wiki,lorenz,0.17794970986460348,0.040315512708150744
wiki,lorenz,0.17827208252740168,0.040388548057259714
wiki,lorenz,0.17859445519019987,0.040461583406368684
wiki,lorenz,0.17891682785299806,0.040534618755477654
wiki,lorenz,0.17923920051579625,0.04060765410458662
wiki,lorenz,0.17956157317859445,0.04068068945369559
wiki,lorenz,0.17988394584139264,0.04075372480280456
wiki,lorenz,0.18020631850419083,0.04082676015191353
wiki,lorenz,0.18052869116698905,0.0408997955010225
wiki,lorenz,0.18085106382978725,0.04097283085013147
wiki,lorenz,0.18117343649258544,0.04104586619924043
wiki,lorenz,0.18149580915538363,0.0411189015483494
wiki,lorenz,0.18181818181818182,0.04119193689745837
wiki,lorenz,0.18214055448098002,0.04126497224656734
wiki,lorenz,0.1824629271437782,0.04133800759567631
wiki,lorenz,0.1827852998065764,0.04141104294478527
wiki,lorenz,0.1831076724693746,0.04148407829389424
wiki,lorenz,0.1834300451321728,0.04155711364300321
wiki,lorenz,0.18375241779497098,0.04163014899211218
wiki,lorenz,0.18407479045776917,0.04170318434122115
wiki,lorenz,0.18439716312056736,0.04177621969033012
wiki,lorenz,0.18471953578336556,0.041849255039439086
wiki,lorenz,0.18504190844616378,0.041922290388548056
wiki,lorenz,0.18536428110896197,0.041995325737657026
wiki,lorenz,0.18568665377176016,0.042068361086765996
wiki,lorenz,0.18600902643455836,0.042141396435874966
wiki,lorenz,0.18633139909735655,0.042214431784983936
wiki,lorenz,0.18665377176015474,0.0422874671340929
wiki,lorenz,0.18697614442295293,0.04236050248320187
wiki,lorenz,0.18729851708575113,0.04243353783231084
wiki,lorenz,0.18762088974854932,0.04250657318141981
wiki,lorenz,0.1879432624113475,0.04257960853052878
wiki,lorenz,0.1882656350741457,0.04265264387963774
wiki,lorenz,0.1885880077369439,0.04272567922874671
wiki,lorenz,0.1889103803997421,0.04279871457785568
wiki,lorenz,0.1892327530625403,0.04287174992696465
wiki,lorenz,0.1895551257253385,0.04294478527607362
wiki,lorenz,0.1898774983881367,0.04301782062518259
wiki,lorenz,0.1901998710509349,0.043090855974291555
wiki,lorenz,0.19052224371373308,0.043163891323400524
wiki,lorenz,0.19084461637653127,0.043236926672509494
wiki,lorenz,0.19116698903932947,0.043309962021618464
wiki,lorenz,0.19148936170212766,0.043382997370727434
wiki,lorenz,0.19181173436492585,0.0434560327198364
wiki,lorenz,0.19213410702772404,0.04352906806894537
wiki,lorenz,0.19245647969052224,0.04360210341805434
wiki,lorenz,0.19277885235332043,0.04367513876716331
wiki,lorenz,0.19310122501611862,0.04374817411627228
wiki,lorenz,0.19342359767891681,0.04382120946538125
wiki,lorenz,0.19374597034171503,0.04389424481449021
wiki,lorenz,0.19406834300451323,0.04396728016359918
wiki,lorenz,0.19439071566731142,0.04404031551270815
wiki,lorenz,0.1947130883301096,0.04411335086181712
wiki,lorenz,0.1950354609929078,0.04418638621092609
wiki,lorenz,0.195357833655706,0.04425942156003506
wiki,lorenz,0.1956802063185042,0.04433245690914402
wiki,lorenz,0.19600257898130238,0.04440549225825299
wiki,lorenz,0.19632495164410058,0.04447852760736196
wiki,lorenz,0.19664732430689877,0.04455156295647093
wiki,lorenz,0.19696969696969696,0.0446245983055799
wiki,lorenz,0.19729206963249515,0.044697633654688866
wiki,lorenz,0.19761444229529335,0.044770669003797836
wiki,lorenz,0.19793681495809157,0.044843704352906806
wiki,lorenz,0.19825918762088976,0.044916739702015776
wiki,lorenz,0.19858156028368795,0.044989775051124746
wiki,lorenz,0.19890393294648614,0.045062810400233716
wiki,lorenz,0.19922630560928434,0.04513584574934268
wiki,lorenz,0.19954867827208253,0.04520888109845165
wiki,lorenz,0.19987105093488072,0.04528191644756062
wiki,lorenz,0.20019342359767892,0.04535495179666959
wiki,lorenz,0.2005157962604771,0.04542798714577856
wiki,lorenz,0.2008381689232753,0.04550102249488753
wiki,lorenz,0.2011605415860735,0.04557405784399649
wiki,lorenz,0.2014829142488717,0.04564709319310546
wiki,lorenz,0.20180528691166988,0.04572012854221443
wiki,lorenz,0.20212765957446807,0.0457931638913234
wiki,lorenz,0.2024500322372663,0.04586619924043237
wiki,lorenz,0.20277240490006448,0.045939234589541335
wiki,lorenz,0.20309477756286268,0.046012269938650305
wiki,lorenz,0.20341715022566087,0.046085305287759275
wiki,lorenz,0.20373952288845906,0.046158340636868245
wiki,lorenz,0.20406189555125726,0.046231375985977215
wiki,lorenz,0.20438426821405545,0.046304411335086185
wiki,lorenz,0.20470664087685364,0.04637744668419515
wiki,lorenz,0.20502901353965183,0.04645048203330412
wiki,lorenz,0.20535138620245003,0.04652351738241309
wiki,lorenz,0.20567375886524822,0.04659655273152206
wiki,lorenz,0.2059961315280464,0.04666958808063103
wiki,lorenz,0.2063185041908446,0.04674262342974
wiki,lorenz,0.20664087685364282,0.04681565877884896
wiki,lorenz,0.20696324951644102,0.04688869412795793
wiki,lorenz,0.2072856221792392,0.0469617294770669
wiki,lorenz,0.2076079948420374,0.04703476482617587
wiki,lorenz,0.2079303675048356,0.04710780017528484
wiki,lorenz,0.2082527401676338,0.047180835524393804
wiki,lorenz,0.20857511283043198,0.047253870873502773
wiki,lorenz,0.20889748549323017,0.04732690622261174
wiki,lorenz,0.20921985815602837,0.04739994157172071
wiki,lorenz,0.20954223081882656,0.04747297692082968
wiki,lorenz,0.20986460348162475,0.04754601226993865
wiki,lorenz,0.21018697614442294,0.047619047619047616
wiki,lorenz,0.21050934880722114,0.047692082968156586
wiki,lorenz,0.21083172147001933,0.047765118317265556
wiki,lorenz,0.21115409413281755,0.047838153666374526
wiki,lorenz,0.21147646679561574,0.047911189015483496
wiki,lorenz,0.21179883945841393,0.04798422436459246
wiki,lorenz,0.21212121212121213,0.04805725971370143
wiki,lorenz,0.21244358478401032,0.0481302950628104
wiki,lorenz,0.2127659574468085,0.04820333041191937
wiki,lorenz,0.2130883301096067,0.04827636576102834
wiki,lorenz,0.2134107027724049,0.04834940111013731
wiki,lorenz,0.2137330754352031,0.04842243645924627
wiki,lorenz,0.21405544809800128,0.04849547180835524
wiki,lorenz,0.21437782076079948,0.04856850715746421
wiki,lorenz,0.21470019342359767,0.04864154250657318
wiki,lorenz,0.21502256608639586,0.04871457785568215
wiki,lorenz,0.21534493874919408,0.04878761320479112
wiki,lorenz,0.21566731141199227,0.048860648553900085
wiki,lorenz,0.21598968407479047,0.048933683903009055
wiki,lorenz,0.21631205673758866,0.049006719252118025
wiki,lorenz,0.21663442940038685,0.049079754601226995
wiki,lorenz,0.21695680206318504,0.049152789950335965
wiki,lorenz,0.21727917472598324,0.04922582529944493
wiki,lorenz,0.21760154738878143,0.0492988606485539
wiki,lorenz,0.21792392005157962,0.04937189599766287
wiki,lorenz,0.21824629271437782,0.04944493134677184
wiki,lorenz,0.218568665377176,0.04951796669588081
wiki,lorenz,0.2188910380399742,0.04959100204498978
wiki,lorenz,0.2192134107027724,0.04966403739409874
wiki,lorenz,0.21953578336557059,0.04973707274320771
wiki,lorenz,0.2198581560283688,0.04981010809231668
wiki,lorenz,0.220180528691167,0.04988314344142565
wiki,lorenz,0.2205029013539652,0.04995617879053462
wiki,lorenz,0.22082527401676338,0.05002921413964359
wiki,lorenz,0.22114764667956158,0.050102249488752554
wiki,lorenz,0.22147001934235977,0.050175284837861524
wiki,lorenz,0.22179239200515796,0.050248320186970494
wiki,lorenz,0.22211476466795615,0.050321355536079464
wiki,lorenz,0.22243713733075435,0.050394390885188434
wiki,lorenz,0.22275950999355254,0.0504674262342974
wiki,lorenz,0.22308188265635073,0.05054046158340637
wiki,lorenz,0.22340425531914893,0.05061349693251534
wiki,lorenz,0.22372662798194712,0.05068653228162431
wiki,lorenz,0.22404900064474534,0.05075956763073328
wiki,lorenz,0.22437137330754353,0.05083260297984225
wiki,lorenz,0.22469374597034172,0.05090563832895121
wiki,lorenz,0.22501611863313992,0.05097867367806018
wiki,lorenz,0.2253384912959381,0.05105170902716915
wiki,lorenz,0.2256608639587363,0.05112474437627812
wiki,lorenz,0.2259832366215345,0.05119777972538709
wiki,lorenz,0.2263056092843327,0.05127081507449606
wiki,lorenz,0.22662798194713088,0.05134385042360502
wiki,lorenz,0.22695035460992907,0.05141688577271399
wiki,lorenz,0.22727272727272727,0.05148992112182296
wiki,lorenz,0.22759509993552546,0.05156295647093193
wiki,lorenz,0.22791747259832365,0.0516359918200409
wiki,lorenz,0.22823984526112184,0.051709027169149865
wiki,lorenz,0.22856221792392006,0.051782062518258835
wiki,lorenz,0.22888459058671826,0.051855097867367805
wiki,lorenz,0.22920696324951645,0.051928133216476775
wiki,lorenz,0.22952933591231464,0.052001168565585745
wiki,lorenz,0.22985170857511283,0.052074203914694715
wiki,lorenz,0.23017408123791103,0.05214723926380368
wiki,lorenz,0.23049645390070922,0.05222027461291265
wiki,lorenz,0.2308188265635074,0.05229330996202162
wiki,lorenz,0.2311411992263056,0.05236634531113059
wiki,lorenz,0.2314635718891038,0.05243938066023956
wiki,lorenz,0.231785944551902,0.05251241600934852
wiki,lorenz,0.23210831721470018,0.05258545135845749
wiki,lorenz,0.23243068987749838,0.05265848670756646
wiki,lorenz,0.2327530625402966,0.05273152205667543
wiki,lorenz,0.2330754352030948,0.0528045574057844
wiki,lorenz,0.23339780786589298,0.05287759275489337
wiki,lorenz,0.23372018052869117,0.052950628104002334
wiki,lorenz,0.23404255319148937,0.053023663453111304
wiki,lorenz,0.23436492585428756,0.053096698802220274
wiki,lorenz,0.23468729851708575,0.053169734151329244
wiki,lorenz,0.23500967117988394,0.053242769500438214
wiki,lorenz,0.23533204384268214,0.053315804849547184
wiki,lorenz,0.23565441650548033,0.05338884019865615
wiki,lorenz,0.23597678916827852,0.05346187554776512
wiki,lorenz,0.23629916183107672,0.05353491089687409
wiki,lorenz,0.2366215344938749,0.05360794624598306
wiki,lorenz,0.2369439071566731,0.05368098159509203
wiki,lorenz,0.23726627981947132,0.05375401694420099
wiki,lorenz,0.2375886524822695,0.05382705229330996
wiki,lorenz,0.2379110251450677,0.05390008764241893
wiki,lorenz,0.2382333978078659,0.0539731229915279
wiki,lorenz,0.2385557704706641,0.05404615834063687
wiki,lorenz,0.23887814313346228,0.05411919368974584
wiki,lorenz,0.23920051579626048,0.0541922290388548
wiki,lorenz,0.23952288845905867,0.05426526438796377
wiki,lorenz,0.23984526112185686,0.05433829973707274
wiki,lorenz,0.24016763378465505,0.05441133508618171
wiki,lorenz,0.24049000644745325,0.05448437043529068
wiki,lorenz,0.24081237911025144,0.05455740578439965
wiki,lorenz,0.24113475177304963,0.054630441133508616
wiki,lorenz,0.24145712443584785,0.054703476482617586
wiki,lorenz,0.24177949709864605,0.054776511831726556
wiki,lorenz,0.24210186976144424,0.054849547180835526
wiki,lorenz,0.24242424242424243,0.054922582529944496
wiki,lorenz,0.24274661508704062,0.05499561787905346
wiki,lorenz,0.24306898774983882,0.05506865322816243
wiki,lorenz,0.243391360412637,0.0551416885772714
wiki,lorenz,0.2437137330754352,0.05521472392638037
wiki,lorenz,0.2440361057382334,0.05528775927548934
wiki,lorenz,0.2443584784010316,0.05536079462459831
wiki,lorenz,0.24468085106382978,0.05543382997370727
wiki,lorenz,0.24500322372662797,0.05550686532281624
wiki,lorenz,0.24532559638942616,0.05557990067192521
wiki,lorenz,0.24564796905222436,0.05565293602103418
wiki,lorenz,0.24597034171502258,0.05572597137014315
wiki,lorenz,0.24629271437782077,0.05579900671925212
wiki,lorenz,0.24661508704061896,0.055872042068361084
wiki,lorenz,0.24693745970341716,0.055945077417470054
wiki,lorenz,0.24725983236621535,0.056018112766579024
wiki,lorenz,0.24758220502901354,0.056091148115687994
wiki,lorenz,0.24790457769181173,0.056164183464796964
wiki,lorenz,0.24822695035460993,0.05623721881390593
wiki,lorenz,0.24854932301740812,0.0563102541630149
wiki,lorenz,0.2488716956802063,0.05638328951212387
wiki,lorenz,0.2491940683430045,0.05645632486123284
wiki,lorenz,0.2495164410058027,0.05652936021034181
wiki,lorenz,0.2498388136686009,0.05660239555945078
wiki,lorenz,0.2501611863313991,0.05667543090855974
wiki,lorenz,0.2504835589941973,0.05674846625766871
wiki,lorenz,0.2508059316569955,0.05682150160677768
wiki,lorenz,0.25112830431979366,0.05689453695588665
wiki,lorenz,0.2514506769825919,0.05696757230499562
wiki,lorenz,0.25177304964539005,0.05704060765410459
wiki,lorenz,0.25209542230818827,0.05711364300321355
wiki,lorenz,0.2524177949709865,0.05718667835232252
wiki,lorenz,0.25274016763378465,0.05725971370143149
wiki,lorenz,0.25306254029658287,0.05733274905054046
wiki,lorenz,0.25338491295938104,0.05740578439964943
wiki,lorenz,0.25370728562217926,0.057478819748758396
wiki,lorenz,0.2540296582849774,0.057551855097867366
wiki,lorenz,0.25435203094777564,0.057624890446976336
wiki,lorenz,0.2546744036105738,0.057697925796085306
wiki,lorenz,0.25499677627337203,0.057770961145194276
wiki,lorenz,0.2553191489361702,0.057843996494303246
wiki,lorenz,0.2556415215989684,0.05791703184341221
wiki,lorenz,0.2559638942617666,0.05799006719252118
wiki,lorenz,0.2562862669245648,0.05806310254163015
wiki,lorenz,0.256608639587363,0.05813613789073912
wiki,lorenz,0.2569310122501612,0.05820917323984809
wiki,lorenz,0.2572533849129594,0.05828220858895705
wiki,lorenz,0.25757575757575757,0.05835524393806602
wiki,lorenz,0.2578981302385558,0.05842827928717499
wiki,lorenz,0.25822050290135395,0.05850131463628396
wiki,lorenz,0.2585428755641522,0.05857434998539293
wiki,lorenz,0.25886524822695034,0.0586473853345019
wiki,lorenz,0.25918762088974856,0.058720420683610865
wiki,lorenz,0.2595099935525467,0.058793456032719835
wiki,lorenz,0.25983236621534495,0.058866491381828805
wiki,lorenz,0.2601547388781431,0.058939526730937775
wiki,lorenz,0.26047711154094133,0.059012562080046745
wiki,lorenz,0.2607994842037395,0.059085597429155715
wiki,lorenz,0.2611218568665377,0.05915863277826468
wiki,lorenz,0.26144422952933594,0.05923166812737365
wiki,lorenz,0.2617666021921341,0.05930470347648262
wiki,lorenz,0.2620889748549323,0.05937773882559159
wiki,lorenz,0.2624113475177305,0.05945077417470056
wiki,lorenz,0.2627337201805287,0.05952380952380952
wiki,lorenz,0.26305609284332687,0.05959684487291849
wiki,lorenz,0.2633784655061251,0.05966988022202746
wiki,lorenz,0.26370083816892326,0.05974291557113643
wiki,lorenz,0.2640232108317215,0.0598159509202454
wiki,lorenz,0.26434558349451964,0.05988898626935437
wiki,lorenz,0.26466795615731786,0.05996202161846333
wiki,lorenz,0.26499032882011603,0.0600350569675723
wiki,lorenz,0.26531270148291425,0.06010809231668127
wiki,lorenz,0.26563507414571247,0.06018112766579024
wiki,lorenz,0.26595744680851063,0.06025416301489921
wiki,lorenz,0.26627981947130885,0.06032719836400818
wiki,lorenz,0.266602192134107,0.060400233713117146
wiki,lorenz,0.26692456479690524,0.060473269062226116
wiki,lorenz,0.2672469374597034,0.060546304411335086
wiki,lorenz,0.2675693101225016,0.060619339760444056
wiki,lorenz,0.2678916827852998,0.060692375109553026
wiki,lorenz,0.268214055448098,0.06076541045866199
wiki,lorenz,0.2685364281108962,0.06083844580777096
wiki,lorenz,0.2688588007736944,0.06091148115687993
wiki,lorenz,0.26918117343649256,0.0609845165059889
wiki,lorenz,0.2695035460992908,0.06105755185509787
wiki,lorenz,0.269825918762089,0.06113058720420684
wiki,lorenz,0.27014829142488717,0.0612036225533158
wiki,lorenz,0.2704706640876854,0.06127665790242477
wiki,lorenz,0.27079303675048355,0.06134969325153374
wiki,lorenz,0.27111540941328177,0.06142272860064271
wiki,lorenz,0.27143778207607994,0.06149576394975168
wiki,lorenz,0.27176015473887816,0.06156879929886065
wiki,lorenz,0.2720825274016763,0.061641834647969615
wiki,lorenz,0.27240490006447454,0.061714869997078585
wiki,lorenz,0.2727272727272727,0.061787905346187555
wiki,lorenz,0.2730496453900709,0.061860940695296525
wiki,lorenz,0.2733720180528691,0.061933976044405495
wiki,lorenz,0.2736943907156673,0.06200701139351446
wiki,lorenz,0.27401676337846553,0.06208004674262343
wiki,lorenz,0.2743391360412637,0.0621530820917324
wiki,lorenz,0.2746615087040619,0.06222611744084137
wiki,lorenz,0.2749838813668601,0.06229915278995034
wiki,lorenz,0.2753062540296583,0.06237218813905931
wiki,lorenz,0.27562862669245647,0.06244522348816827
wiki,lorenz,0.2759509993552547,0.06251825883727724
wiki,lorenz,0.27627337201805285,0.06259129418638622
wiki,lorenz,0.2765957446808511,0.06266432953549518
wiki,lorenz,0.27691811734364924,0.06273736488460414
wiki,lorenz,0.27724049000644746,0.06281040023371312
wiki,lorenz,0.2775628626692456,0.06288343558282208
wiki,lorenz,0.27788523533204385,0.06295647093193106
wiki,lorenz,0.278207607994842,0.06302950628104002
wiki,lorenz,0.27852998065764023,0.06310254163014899
wiki,lorenz,0.27885235332043845,0.06317557697925796
wiki,lorenz,0.2791747259832366,0.06324861232836693
wiki,lorenz,0.27949709864603484,0.0633216476774759
wiki,lorenz,0.279819471308833,0.06339468302658487
wiki,lorenz,0.2801418439716312,0.06346771837569383
wiki,lorenz,0.2804642166344294,0.0635407537248028
wiki,lorenz,0.2807865892972276,0.06361378907391177
wiki,lorenz,0.28110896196002577,0.06368682442302075
wiki,lorenz,0.281431334622824,0.06375985977212971
wiki,lorenz,0.28175370728562216,0.06383289512123869
wiki,lorenz,0.2820760799484204,0.06390593047034765
wiki,lorenz,0.28239845261121854,0.06397896581945661
wiki,lorenz,0.28272082527401676,0.06405200116856559
wiki,lorenz,0.283043197936815,0.06412503651767455
wiki,lorenz,0.28336557059961315,0.06419807186678353
wiki,lorenz,0.28368794326241137,0.06427110721589249
wiki,lorenz,0.28401031592520953,0.06434414256500146
wiki,lorenz,0.28433268858800775,0.06441717791411043
wiki,lorenz,0.2846550612508059,0.0644902132632194
wiki,lorenz,0.28497743391360414,0.06456324861232837
wiki,lorenz,0.2852998065764023,0.06463628396143734
wiki,lorenz,0.2856221792392005,0.0647093193105463
wiki,lorenz,0.2859445519019987,0.06478235465965528
wiki,lorenz,0.2862669245647969,0.06485539000876424
wiki,lorenz,0.2865892972275951,0.06492842535787322
wiki,lorenz,0.2869116698903933,0.06500146070698218
wiki,lorenz,0.2872340425531915,0.06507449605609114
wiki,lorenz,0.2875564152159897,0.06514753140520012
wiki,lorenz,0.2878787878787879,0.06522056675430908
wiki,lorenz,0.28820116054158607,0.06529360210341806
wiki,lorenz,0.2885235332043843,0.06536663745252702
wiki,lorenz,0.28884590586718245,0.065439672801636
wiki,lorenz,0.28916827852998067,0.06551270815074496
wiki,lorenz,0.28949065119277884,0.06558574349985392
wiki,lorenz,0.28981302385557706,0.0656587788489629
wiki,lorenz,0.2901353965183752,0.06573181419807186
wiki,lorenz,0.29045776918117344,0.06580484954718084
wiki,lorenz,0.2907801418439716,0.0658778848962898
wiki,lorenz,0.2911025145067698,0.06595092024539877
wiki,lorenz,0.29142488716956805,0.06602395559450774
wiki,lorenz,0.2917472598323662,0.0660969909436167
wiki,lorenz,0.29206963249516443,0.06617002629272568
wiki,lorenz,0.2923920051579626,0.06624306164183465
wiki,lorenz,0.2927143778207608,0.06631609699094361
wiki,lorenz,0.293036750483559,0.06638913234005259
wiki,lorenz,0.2933591231463572,0.06646216768916155
wiki,lorenz,0.29368149580915537,0.06653520303827053
wiki,lorenz,0.2940038684719536,0.06660823838737949
wiki,lorenz,0.29432624113475175,0.06668127373648847
wiki,lorenz,0.29464861379755,0.06675430908559743
wiki,lorenz,0.29497098646034814,0.06682734443470639
wiki,lorenz,0.29529335912314636,0.06690037978381537
wiki,lorenz,0.2956157317859445,0.06697341513292433
wiki,lorenz,0.29593810444874274,0.06704645048203331
wiki,lorenz,0.29626047711154097,0.06711948583114227
wiki,lorenz,0.29658284977433913,0.06719252118025124
wiki,lorenz,0.29690522243713735,0.06726555652936021
wiki,lorenz,0.2972275950999355,0.06733859187846918
wiki,lorenz,0.29754996776273374,0.06741162722757815
wiki,lorenz,0.2978723404255319,0.06748466257668712
wiki,lorenz,0.2981947130883301,0.06755769792579608
wiki,lorenz,0.2985170857511283,0.06763073327490506
wiki,lorenz,0.2988394584139265,0.06770376862401402
wiki,lorenz,0.29916183107672467,0.067776803973123
wiki,lorenz,0.2994842037395229,0.06784983932223196
wiki,lorenz,0.29980657640232106,0.06792287467134094
wiki,lorenz,0.3001289490651193,0.0679959100204499
wiki,lorenz,0.3004513217279175,0.06806894536955886
wiki,lorenz,0.30077369439071566,0.06814198071866784
wiki,lorenz,0.3010960670535139,0.0682150160677768
wiki,lorenz,0.30141843971631205,0.06828805141688578
wiki,lorenz,0.30174081237911027,0.06836108676599474
wiki,lorenz,0.30206318504190843,0.0684341221151037
wiki,lorenz,0.30238555770470665,0.06850715746421268
wiki,lorenz,0.3027079303675048,0.06858019281332164
wiki,lorenz,0.30303030303030304,0.06865322816243062
wiki,lorenz,0.3033526756931012,0.06872626351153958
wiki,lorenz,0.3036750483558994,0.06879929886064855
wiki,lorenz,0.3039974210186976,0.06887233420975752
wiki,lorenz,0.3043197936814958,0.06894536955886649
wiki,lorenz,0.30464216634429403,0.06901840490797546
wiki,lorenz,0.3049645390070922,0.06909144025708443
wiki,lorenz,0.3052869116698904,0.0691644756061934
wiki,lorenz,0.3056092843326886,0.06923751095530237
wiki,lorenz,0.3059316569954868,0.06931054630441133
wiki,lorenz,0.30625402965828497,0.06938358165352031
wiki,lorenz,0.3065764023210832,0.06945661700262927
wiki,lorenz,0.30689877498388135,0.06952965235173825
wiki,lorenz,0.30722114764667957,0.06960268770084721
wiki,lorenz,0.30754352030947774,0.06967572304995617
wiki,lorenz,0.30786589297227596,0.06974875839906515
wiki,lorenz,0.3081882656350741,0.06982179374817411
wiki,lorenz,0.30851063829787234,0.06989482909728309
wiki,lorenz,0.30883301096067056,0.06996786444639205
wiki,lorenz,0.3091553836234687,0.07004089979550102
wiki,lorenz,0.30947775628626695,0.07011393514460999
wiki,lorenz,0.3098001289490651,0.07018697049371896
wiki,lorenz,0.31012250161186333,0.07026000584282793
wiki,lorenz,0.3104448742746615,0.0703330411919369
wiki,lorenz,0.3107672469374597,0.07040607654104587
wiki,lorenz,0.3110896196002579,0.07047911189015484
wiki,lorenz,0.3114119922630561,0.0705521472392638
wiki,lorenz,0.31173436492585427,0.07062518258837278
wiki,lorenz,0.3120567375886525,0.07069821793748174
wiki,lorenz,0.31237911025145065,0.07077125328659072
wiki,lorenz,0.3127014829142489,0.07084428863569968
wiki,lorenz,0.31302385557704704,0.07091732398480864
wiki,lorenz,0.31334622823984526,0.07099035933391762
wiki,lorenz,0.3136686009026435,0.07106339468302658
wiki,lorenz,0.31399097356544164,0.07113643003213556
wiki,lorenz,0.31431334622823986,0.07120946538124452
wiki,lorenz,0.31463571889103803,0.07128250073035348
wiki,lorenz,0.31495809155383625,0.07135553607946246
wiki,lorenz,0.3152804642166344,0.07142857142857142
wiki,lorenz,0.31560283687943264,0.0715016067776804
wiki,lorenz,0.3159252095422308,0.07157464212678936
wiki,lorenz,0.316247582205029,0.07164767747589834
wiki,lorenz,0.3165699548678272,0.0717207128250073
wiki,lorenz,0.3168923275306254,0.07179374817411627
wiki,lorenz,0.31721470019342357,0.07186678352322524
wiki,lorenz,0.3175370728562218,0.07193981887233421
wiki,lorenz,0.31785944551902,0.07201285422144318
wiki,lorenz,0.3181818181818182,0.07208588957055215
wiki,lorenz,0.3185041908446164,0.07215892491966111
wiki,lorenz,0.31882656350741456,0.07223196026877009
wiki,lorenz,0.3191489361702128,0.07230499561787905
wiki,lorenz,0.31947130883301095,0.07237803096698803
wiki,lorenz,0.31979368149580917,0.07245106631609699
wiki,lorenz,0.32011605415860733,0.07252410166520595
wiki,lorenz,0.32043842682140555,0.07259713701431493
wiki,lorenz,0.3207607994842037,0.0726701723634239
wiki,lorenz,0.32108317214700194,0.07274320771253287
wiki,lorenz,0.3214055448098001,0.07281624306164183
wiki,lorenz,0.3217279174725983,0.07288927841075081
wiki,lorenz,0.32205029013539654,0.07296231375985977
wiki,lorenz,0.3223726627981947,0.07303534910896874
wiki,lorenz,0.32269503546099293,0.07310838445807771
wiki,lorenz,0.3230174081237911,0.07318141980718668
wiki,lorenz,0.3233397807865893,0.07325445515629565
wiki,lorenz,0.3236621534493875,0.07332749050540462
wiki,lorenz,0.3239845261121857,0.07340052585451358
wiki,lorenz,0.32430689877498386,0.07347356120362256
wiki,lorenz,0.3246292714377821,0.07354659655273152
wiki,lorenz,0.32495164410058025,0.0736196319018405
wiki,lorenz,0.32527401676337847,0.07369266725094946
wiki,lorenz,0.32559638942617664,0.07376570260005842
wiki,lorenz,0.32591876208897486,0.0738387379491674
wiki,lorenz,0.3262411347517731,0.07391177329827636
wiki,lorenz,0.32656350741457124,0.07398480864738534
wiki,lorenz,0.32688588007736946,0.0740578439964943
wiki,lorenz,0.3272082527401676,0.07413087934560328
wiki,lorenz,0.32753062540296585,0.07420391469471224
wiki,lorenz,0.327852998065764,0.0742769500438212
wiki,lorenz,0.32817537072856223,0.07434998539293018
wiki,lorenz,0.3284977433913604,0.07442302074203914
wiki,lorenz,0.3288201160541586,0.07449605609114812
wiki,lorenz,0.3291424887169568,0.07456909144025708
wiki,lorenz,0.329464861379755,0.07464212678936605
wiki,lorenz,0.32978723404255317,0.07471516213847502
wiki,lorenz,0.3301096067053514,0.07478819748758399
wiki,lorenz,0.33043197936814955,0.07486123283669296
wiki,lorenz,0.3307543520309478,0.07493426818580193
wiki,lorenz,0.331076724693746,0.07500730353491089
wiki,lorenz,0.33139909735654416,0.07508033888401987
wiki,lorenz,0.3317214700193424,0.07515337423312883
wiki,lorenz,0.33204384268214054,0.07522640958223781
wiki,lorenz,0.33236621534493876,0.07529944493134677
wiki,lorenz,0.33268858800773693,0.07537248028045573
wiki,lorenz,0.33301096067053515,0.07544551562956471
wiki,lorenz,0.3333333333333333,0.07551855097867367
wiki,lorenz,0.33365570599613154,0.07559158632778265
wiki,lorenz,0.3339780786589297,0.07566462167689161
wiki,lorenz,0.3343004513217279,0.07573765702600059
wiki,lorenz,0.3346228239845261,0.07581069237510955
wiki,lorenz,0.3349451966473243,0.07588372772421852
wiki,lorenz,0.3352675693101225,0.0759567630733275
wiki,lorenz,0.3355899419729207,0.07602979842243646
wiki,lorenz,0.3359123146357189,0.07610283377154543
wiki,lorenz,0.3362346872985171,0.0761758691206544
wiki,lorenz,0.3365570599613153,0.07624890446976336
wiki,lorenz,0.33687943262411346,0.07632193981887234
wiki,lorenz,0.3372018052869117,0.0763949751679813
wiki,lorenz,0.33752417794970985,0.07646801051709028
wiki,lorenz,0.33784655061250807,0.07654104586619924
wiki,lorenz,0.33816892327530623,0.0766140812153082
wiki,lorenz,0.33849129593810445,0.07668711656441718
wiki,lorenz,0.3388136686009026,0.07676015191352614
wiki,lorenz,0.33913604126370084,0.07683318726263512
wiki,lorenz,0.33945841392649906,0.07690622261174408
wiki,lorenz,0.3397807865892972,0.07697925796085306
wiki,lorenz,0.34010315925209544,0.07705229330996202
wiki,lorenz,0.3404255319148936,0.07712532865907099
wiki,lorenz,0.34074790457769183,0.07719836400817996
wiki,lorenz,0.34107027724049,0.07727139935728893
wiki,lorenz,0.3413926499032882,0.0773444347063979
wiki,lorenz,0.3417150225660864,0.07741747005550687
wiki,lorenz,0.3420373952288846,0.07749050540461583
wiki,lorenz,0.34235976789168276,0.0775635407537248
wiki,lorenz,0.342682140554481,0.07763657610283377
wiki,lorenz,0.34300451321727915,0.07770961145194274
wiki,lorenz,0.34332688588007737,0.07778264680105171
wiki,lorenz,0.3436492585428756,0.07785568215016067
wiki,lorenz,0.34397163120567376,0.07792871749926965
wiki,lorenz,0.344294003868472,0.07800175284837861
wiki,lorenz,0.34461637653127014,0.07807478819748759
wiki,lorenz,0.34493874919406836,0.07814782354659655
wiki,lorenz,0.3452611218568665,0.07822085889570553
wiki,lorenz,0.34558349451966475,0.07829389424481449
wiki,lorenz,0.3459058671824629,0.07836692959392345
wiki,lorenz,0.34622823984526113,0.07843996494303243
wiki,lorenz,0.3465506125080593,0.0785130002921414
wiki,lorenz,0.3468729851708575,0.07858603564125037
wiki,lorenz,0.3471953578336557,0.07865907099035933
wiki,lorenz,0.3475177304964539,0.0787321063394683
wiki,lorenz,0.3478401031592521,0.07880514168857727
wiki,lorenz,0.3481624758220503,0.07887817703768624
wiki,lorenz,0.3484848484848485,0.07895121238679521
wiki,lorenz,0.3488072211476467,0.07902424773590418
wiki,lorenz,0.3491295938104449,0.07909728308501314
wiki,lorenz,0.34945196647324306,0.07917031843412212
wiki,lorenz,0.3497743391360413,0.07924335378323108
wiki,lorenz,0.35009671179883944,0.07931638913234006
wiki,lorenz,0.35041908446163766,0.07938942448144902
wiki,lorenz,0.35074145712443583,0.079462459830558
wiki,lorenz,0.35106382978723405,0.07953549517966696
wiki,lorenz,0.3513862024500322,0.07960853052877592
wiki,lorenz,0.35170857511283043,0.0796815658778849
wiki,lorenz,0.3520309477756286,0.07975460122699386
wiki,lorenz,0.3523533204384268,0.07982763657610284
wiki,lorenz,0.35267569310122504,0.0799006719252118
wiki,lorenz,0.3529980657640232,0.07997370727432077
wiki,lorenz,0.3533204384268214,0.08004674262342974
wiki,lorenz,0.3536428110896196,0.0801197779725387
wiki,lorenz,0.3539651837524178,0.08019281332164768
wiki,lorenz,0.354287556415216,0.08026584867075665
wiki,lorenz,0.3546099290780142,0.08033888401986561
wiki,lorenz,0.35493230174081236,0.08041191936897459
wiki,lorenz,0.3552546744036106,0.08048495471808355
wiki,lorenz,0.35557704706640875,0.08055799006719253
wiki,lorenz,0.35589941972920697,0.08063102541630149
wiki,lorenz,0.35622179239200513,0.08070406076541047
wiki,lorenz,0.35654416505480335,0.08077709611451943
wiki,lorenz,0.3568665377176016,0.08085013146362839
wiki,lorenz,0.35718891038039974,0.08092316681273737
wiki,lorenz,0.35751128304319796,0.08099620216184633
wiki,lorenz,0.3578336557059961,0.08106923751095531
wiki,lorenz,0.35815602836879434,0.08114227286006427
wiki,lorenz,0.3584784010315925,0.08121530820917323
wiki,lorenz,0.35880077369439073,0.08128834355828221
wiki,lorenz,0.3591231463571889,0.08136137890739117
wiki,lorenz,0.3594455190199871,0.08143441425650015
wiki,lorenz,0.3597678916827853,0.08150744960560911
wiki,lorenz,0.3600902643455835,0.08158048495471808
wiki,lorenz,0.36041263700838166,0.08165352030382705
wiki,lorenz,0.3607350096711799,0.08172655565293602
wiki,lorenz,0.3610573823339781,0.081799591002045
wiki,lorenz,0.36137975499677627,0.08187262635115396
wiki,lorenz,0.3617021276595745,0.08194566170026293
wiki,lorenz,0.36202450032237266,0.0820186970493719
wiki,lorenz,0.3623468729851709,0.08209173239848086
wiki,lorenz,0.36266924564796904,0.08216476774758984
wiki,lorenz,0.36299161831076726,0.0822378030966988
wiki,lorenz,0.3633139909735654,0.08231083844580778
wiki,lorenz,0.36363636363636365,0.08238387379491674
wiki,lorenz,0.3639587362991618,0.0824569091440257
wiki,lorenz,0.36428110896196003,0.08252994449313468
wiki,lorenz,0.3646034816247582,0.08260297984224364
wiki,lorenz,0.3649258542875564,0.08267601519135262
wiki,lorenz,0.36524822695035464,0.08274905054046158
wiki,lorenz,0.3655705996131528,0.08282208588957055
wiki,lorenz,0.365892972275951,0.08289512123867952
wiki,lorenz,0.3662153449387492,0.08296815658778849
wiki,lorenz,0.3665377176015474,0.08304119193689746
wiki,lorenz,0.3668600902643456,0.08311422728600643
wiki,lorenz,0.3671824629271438,0.0831872626351154
wiki,lorenz,0.36750483558994196,0.08326029798422437
wiki,lorenz,0.3678272082527402,0.08333333333333333
wiki,lorenz,0.36814958091553834,0.0834063686824423
wiki,lorenz,0.36847195357833656,0.08347940403155127
wiki,lorenz,0.36879432624113473,0.08355243938066025
wiki,lorenz,0.36911669890393295,0.08362547472976921
wiki,lorenz,0.3694390715667311,0.08369851007887817
wiki,lorenz,0.36976144422952933,0.08377154542798715
wiki,lorenz,0.37008381689232756,0.08384458077709611
wiki,lorenz,0.3704061895551257,0.08391761612620509
wiki,lorenz,0.37072856221792394,0.08399065147531405
wiki,lorenz,0.3710509348807221,0.08406368682442301
wiki,lorenz,0.3713733075435203,0.08413672217353199
wiki,lorenz,0.3716956802063185,0.08420975752264095
wiki,lorenz,0.3720180528691167,0.08428279287174993
wiki,lorenz,0.3723404255319149,0.0843558282208589
wiki,lorenz,0.3726627981947131,0.08442886356996787
wiki,lorenz,0.37298517085751126,0.08450189891907683
wiki,lorenz,0.3733075435203095,0.0845749342681858
wiki,lorenz,0.37362991618310765,0.08464796961729477
wiki,lorenz,0.37395228884590587,0.08472100496640374
wiki,lorenz,0.3742746615087041,0.08479404031551271
wiki,lorenz,0.37459703417150225,0.08486707566462168
wiki,lorenz,0.3749194068343005,0.08494011101373064
wiki,lorenz,0.37524177949709864,0.08501314636283962
wiki,lorenz,0.37556415215989686,0.08508618171194858
wiki,lorenz,0.375886524822695,0.08515921706105756
wiki,lorenz,0.37620889748549324,0.08523225241016652
wiki,lorenz,0.3765312701482914,0.08530528775927548
wiki,lorenz,0.37685364281108963,0.08537832310838446
wiki,lorenz,0.3771760154738878,0.08545135845749342
wiki,lorenz,0.377498388136686,0.0855243938066024
wiki,lorenz,0.3778207607994842,0.08559742915571136
wiki,lorenz,0.3781431334622824,0.08567046450482033
wiki,lorenz,0.3784655061250806,0.0857434998539293
wiki,lorenz,0.3787878787878788,0.08581653520303827
wiki,lorenz,0.379110251450677,0.08588957055214724
wiki,lorenz,0.37943262411347517,0.0859626059012562
wiki,lorenz,0.3797549967762734,0.08603564125036518
wiki,lorenz,0.38007736943907156,0.08610867659947415
wiki,lorenz,0.3803997421018698,0.08618171194858311
wiki,lorenz,0.38072211476466794,0.08625474729769209
wiki,lorenz,0.38104448742746616,0.08632778264680105
wiki,lorenz,0.3813668600902643,0.08640081799591003
wiki,lorenz,0.38168923275306255,0.08647385334501899
wiki,lorenz,0.3820116054158607,0.08654688869412795
wiki,lorenz,0.38233397807865893,0.08661992404323693
wiki,lorenz,0.38265635074145715,0.08669295939234589
wiki,lorenz,0.3829787234042553,0.08676599474145487
wiki,lorenz,0.38330109606705354,0.08683903009056383
wiki,lorenz,0.3836234687298517,0.0869120654396728
wiki,lorenz,0.3839458413926499,0.08698510078878177
wiki,lorenz,0.3842682140554481,0.08705813613789073
wiki,lorenz,0.3845905867182463,0.08713117148699971
wiki,lorenz,0.3849129593810445,0.08720420683610867
wiki,lorenz,0.3852353320438427,0.08727724218521765
wiki,lorenz,0.38555770470664086,0.08735027753432661
wiki,lorenz,0.3858800773694391,0.08742331288343558
wiki,lorenz,0.38620245003223724,0.08749634823254455
wiki,lorenz,0.38652482269503546,0.08756938358165352
wiki,lorenz,0.38684719535783363,0.0876424189307625
wiki,lorenz,0.38716956802063185,0.08771545427987146
wiki,lorenz,0.38749194068343007,0.08778848962898042
wiki,lorenz,0.38781431334622823,0.0878615249780894
wiki,lorenz,0.38813668600902645,0.08793456032719836
wiki,lorenz,0.3884590586718246,0.08800759567630734
wiki,lorenz,0.38878143133462284,0.0880806310254163
wiki,lorenz,0.389103803997421,0.08815366637452526
wiki,lorenz,0.3894261766602192,0.08822670172363424
wiki,lorenz,0.3897485493230174,0.0882997370727432
wiki,lorenz,0.3900709219858156,0.08837277242185218
wiki,lorenz,0.3903932946486138,0.08844580777096114
wiki,lorenz,0.390715667311412,0.08851884312007012
wiki,lorenz,0.39103803997421016,0.08859187846917908
wiki,lorenz,0.3913604126370084,0.08866491381828805
wiki,lorenz,0.3916827852998066,0.08873794916739702
wiki,lorenz,0.39200515796260477,0.08881098451650599
wiki,lorenz,0.392327530625403,0.08888401986561496
wiki,lorenz,0.39264990328820115,0.08895705521472393
wiki,lorenz,0.3929722759509994,0.08903009056383289
wiki,lorenz,0.39329464861379754,0.08910312591294187
wiki,lorenz,0.39361702127659576,0.08917616126205083
wiki,lorenz,0.3939393939393939,0.0892491966111598
wiki,lorenz,0.39426176660219214,0.08932223196026877
wiki,lorenz,0.3945841392649903,0.08939526730937773
wiki,lorenz,0.39490651192778853,0.08946830265848671
wiki,lorenz,0.3952288845905867,0.08954133800759567
wiki,lorenz,0.3955512572533849,0.08961437335670465
wiki,lorenz,0.39587362991618313,0.08968740870581361
wiki,lorenz,0.3961960025789813,0.08976044405492259
wiki,lorenz,0.3965183752417795,0.08983347940403155
wiki,lorenz,0.3968407479045777,0.08990651475314052
wiki,lorenz,0.3971631205673759,0.08997955010224949
wiki,lorenz,0.39748549323017407,0.09005258545135846
wiki,lorenz,0.3978078658929723,0.09012562080046743
wiki,lorenz,0.39813023855577045,0.0901986561495764
wiki,lorenz,0.3984526112185687,0.09027169149868536
wiki,lorenz,0.39877498388136684,0.09034472684779433
wiki,lorenz,0.39909735654416506,0.0904177621969033
wiki,lorenz,0.3994197292069632,0.09049079754601227
wiki,lorenz,0.39974210186976145,0.09056383289512124
wiki,lorenz,0.40006447453255967,0.0906368682442302
wiki,lorenz,0.40038684719535783,0.09070990359333918
wiki,lorenz,0.40070921985815605,0.09078293894244814
wiki,lorenz,0.4010315925209542,0.09085597429155712
wiki,lorenz,0.40135396518375244,0.09092900964066608
wiki,lorenz,0.4016763378465506,0.09100204498977506
wiki,lorenz,0.4019987105093488,0.09107508033888402
wiki,lorenz,0.402321083172147,0.09114811568799298
wiki,lorenz,0.4026434558349452,0.09122115103710196
wiki,lorenz,0.4029658284977434,0.09129418638621092
wiki,lorenz,0.4032882011605416,0.0913672217353199
wiki,lorenz,0.40361057382333976,0.09144025708442886
wiki,lorenz,0.403932946486138,0.09151329243353783
wiki,lorenz,0.40425531914893614,0.0915863277826468
wiki,lorenz,0.40457769181173436,0.09165936313175577
wiki,lorenz,0.4049000644745326,0.09173239848086474
wiki,lorenz,0.40522243713733075,0.0918054338299737
wiki,lorenz,0.40554480980012897,0.09187846917908267
wiki,lorenz,0.40586718246292713,0.09195150452819165
wiki,lorenz,0.40618955512572535,0.09202453987730061
wiki,lorenz,0.4065119277885235,0.09209757522640959
wiki,lorenz,0.40683430045132174,0.09217061057551855
wiki,lorenz,0.4071566731141199,0.09224364592462753
wiki,lorenz,0.4074790457769181,0.09231668127373649
wiki,lorenz,0.4078014184397163,0.09238971662284545
wiki,lorenz,0.4081237911025145,0.09246275197195443
wiki,lorenz,0.4084461637653127,0.09253578732106339
wiki,lorenz,0.4087685364281109,0.09260882267017237
wiki,lorenz,0.4090909090909091,0.09268185801928133
wiki,lorenz,0.4094132817537073,0.0927548933683903
wiki,lorenz,0.4097356544165055,0.09282792871749927
wiki,lorenz,0.41005802707930367,0.09290096406660824
wiki,lorenz,0.4103803997421019,0.09297399941571721
wiki,lorenz,0.41070277240490005,0.09304703476482618
wiki,lorenz,0.41102514506769827,0.09312007011393514
wiki,lorenz,0.41134751773049644,0.09319310546304412
wiki,lorenz,0.41166989039329466,0.09326614081215308
wiki,lorenz,0.4119922630560928,0.09333917616126206
wiki,lorenz,0.41231463571889104,0.09341221151037102
wiki,lorenz,0.4126370083816892,0.09348524685948
wiki,lorenz,0.41295938104448743,0.09355828220858896
wiki,lorenz,0.41328175370728565,0.09363131755769792
wiki,lorenz,0.4136041263700838,0.0937043529068069
wiki,lorenz,0.41392649903288203,0.09377738825591586
wiki,lorenz,0.4142488716956802,0.09385042360502484
wiki,lorenz,0.4145712443584784,0.0939234589541338
wiki,lorenz,0.4148936170212766,0.09399649430324276
wiki,lorenz,0.4152159896840748,0.09406952965235174
wiki,lorenz,0.41553836234687297,0.0941425650014607
wiki,lorenz,0.4158607350096712,0.09421560035056968
wiki,lorenz,0.41618310767246935,0.09428863569967864
wiki,lorenz,0.4165054803352676,0.09436167104878761
wiki,lorenz,0.41682785299806574,0.09443470639789658
wiki,lorenz,0.41715022566086396,0.09450774174700555
wiki,lorenz,0.4174725983236622,0.09458077709611452
wiki,lorenz,0.41779497098646035,0.09465381244522349
wiki,lorenz,0.41811734364925857,0.09472684779433246
wiki,lorenz,0.41843971631205673,0.09479988314344143
wiki,lorenz,0.41876208897485495,0.09487291849255039
wiki,lorenz,0.4190844616376531,0.09494595384165937
wiki,lorenz,0.41940683430045134,0.09501898919076833
wiki,lorenz,0.4197292069632495,0.0950920245398773
wiki,lorenz,0.4200515796260477,0.09516505988898627
wiki,lorenz,0.4203739522888459,0.09523809523809523
wiki,lorenz,0.4206963249516441,0.09531113058720421
wiki,lorenz,0.42101869761444227,0.09538416593631317
wiki,lorenz,0.4213410702772405,0.09545720128542215
wiki,lorenz,0.42166344294003866,0.09553023663453111
wiki,lorenz,0.4219858156028369,0.09560327198364008
wiki,lorenz,0.4223081882656351,0.09567630733274905
wiki,lorenz,0.42263056092843326,0.09574934268185802
wiki,lorenz,0.4229529335912315,0.09582237803096699
wiki,lorenz,0.42327530625402965,0.09589541338007596
wiki,lorenz,0.42359767891682787,0.09596844872918492
wiki,lorenz,0.42392005157962603,0.0960414840782939
wiki,lorenz,0.42424242424242425,0.09611451942740286
wiki,lorenz,0.4245647969052224,0.09618755477651184
wiki,lorenz,0.42488716956802064,0.0962605901256208
wiki,lorenz,0.4252095422308188,0.09633362547472978
wiki,lorenz,0.425531914893617,0.09640666082383874
wiki,lorenz,0.4258542875564152,0.0964796961729477
wiki,lorenz,0.4261766602192134,0.09655273152205668
wiki,lorenz,0.42649903288201163,0.09662576687116564
wiki,lorenz,0.4268214055448098,0.09669880222027462
wiki,lorenz,0.427143778207608,0.09677183756938358
wiki,lorenz,0.4274661508704062,0.09684487291849254
wiki,lorenz,0.4277885235332044,0.09691790826760152
wiki,lorenz,0.42811089619600257,0.09699094361671048
wiki,lorenz,0.4284332688588008,0.09706397896581946
wiki,lorenz,0.42875564152159895,0.09713701431492842
wiki,lorenz,0.42907801418439717,0.09721004966403739
wiki,lorenz,0.42940038684719534,0.09728308501314636
wiki,lorenz,0.42972275950999356,0.0974291557113643
wiki,lorenz,0.4300451321727917,0.09757522640958224
wiki,lorenz,0.43036750483558994,0.09772129710780017
wiki,lorenz,0.43068987749838816,0.09786736780601811
wiki,lorenz,0.4310122501611863,0.09801343850423605
wiki,lorenz,0.43133462282398455,0.09815950920245399
wiki,lorenz,0.4316569954867827,0.09830557990067193
wiki,lorenz,0.43197936814958093,0.09845165059888986
wiki,lorenz,0.4323017408123791,0.0985977212971078
wiki,lorenz,0.4326241134751773,0.09874379199532574
wiki,lorenz,0.4329464861379755,0.09888986269354368
wiki,lorenz,0.4332688588007737,0.09903593339176162
wiki,lorenz,0.43359123146357187,0.09918200408997956
wiki,lorenz,0.4339136041263701,0.09932807478819748
wiki,lorenz,0.43423597678916825,0.09947414548641542
wiki,lorenz,0.4345583494519665,0.09962021618463336
wiki,lorenz,0.4348807221147647,0.0997662868828513
wiki,lorenz,0.43520309477756286,0.09991235758106924
wiki,lorenz,0.4355254674403611,0.10005842827928718
wiki,lorenz,0.43584784010315925,0.10020449897750511
wiki,lorenz,0.43617021276595747,0.10035056967572305
wiki,lorenz,0.43649258542875563,0.10049664037394099
wiki,lorenz,0.43681495809155385,0.10064271107215893
wiki,lorenz,0.437137330754352,0.10078878177037687
wiki,lorenz,0.43745970341715024,0.1009348524685948
wiki,lorenz,0.4377820760799484,0.10108092316681273
wiki,lorenz,0.4381044487427466,0.10122699386503067
wiki,lorenz,0.4384268214055448,0.10137306456324861
wiki,lorenz,0.438749194068343,0.10151913526146655
wiki,lorenz,0.43907156673114117,0.1016652059596845
wiki,lorenz,0.4393939393939394,0.10181127665790242
wiki,lorenz,0.4397163120567376,0.10195734735612036
wiki,lorenz,0.4400386847195358,0.1021034180543383
wiki,lorenz,0.440361057382334,0.10224948875255624
wiki,lorenz,0.44068343004513216,0.10239555945077418
wiki,lorenz,0.4410058027079304,0.10254163014899212
wiki,lorenz,0.44132817537072855,0.10268770084721004
wiki,lorenz,0.44165054803352677,0.10283377154542798
wiki,lorenz,0.44197292069632493,0.10297984224364592
wiki,lorenz,0.44229529335912315,0.10312591294186386
wiki,lorenz,0.4426176660219213,0.1032719836400818
wiki,lorenz,0.44294003868471954,0.10341805433829973
wiki,lorenz,0.4432624113475177,0.10356412503651767
wiki,lorenz,0.4435847840103159,0.10371019573473561
wiki,lorenz,0.44390715667311414,0.10385626643295355
wiki,lorenz,0.4442295293359123,0.10400233713117149
wiki,lorenz,0.44455190199871053,0.10414840782938943
wiki,lorenz,0.4448742746615087,0.10429447852760736
wiki,lorenz,0.4451966473243069,0.1044405492258253
wiki,lorenz,0.4455190199871051,0.10458661992404324
wiki,lorenz,0.4458413926499033,0.10473269062226118
wiki,lorenz,0.44616376531270147,0.10487876132047912
wiki,lorenz,0.4464861379754997,0.10502483201869704
wiki,lorenz,0.44680851063829785,0.10517090271691498
wiki,lorenz,0.44713088330109607,0.10531697341513292
wiki,lorenz,0.44745325596389424,0.10546304411335086
wiki,lorenz,0.44777562862669246,0.1056091148115688
wiki,lorenz,0.4480980012894907,0.10575518550978674
wiki,lorenz,0.44842037395228884,0.10590125620800467
wiki,lorenz,0.44874274661508706,0.10604732690622261
wiki,lorenz,0.4490651192778852,0.10619339760444055
wiki,lorenz,0.44938749194068345,0.10633946830265849
wiki,lorenz,0.4497098646034816,0.10648553900087643
wiki,lorenz,0.45003223726627983,0.10663160969909437
wiki,lorenz,0.450354609929078,0.1067776803973123
wiki,lorenz,0.4506769825918762,0.10692375109553023
wiki,lorenz,0.4509993552546744,0.10706982179374817
wiki,lorenz,0.4513217279174726,0.10721589249196611
wiki,lorenz,0.45164410058027077,0.10736196319018405
wiki,lorenz,0.451966473243069,0.10750803388840198
wiki,lorenz,0.4522888459058672,0.10765410458661992
wiki,lorenz,0.4526112185686654,0.10780017528483786
wiki,lorenz,0.4529335912314636,0.1079462459830558
wiki,lorenz,0.45325596389426176,0.10809231668127374
wiki,lorenz,0.45357833655706,0.10823838737949168
wiki,lorenz,0.45390070921985815,0.1083844580777096
wiki,lorenz,0.45422308188265637,0.10853052877592755
wiki,lorenz,0.45454545454545453,0.10867659947414549
wiki,lorenz,0.45486782720825275,0.10882267017236343
wiki,lorenz,0.4551901998710509,0.10896874087058137
wiki,lorenz,0.45551257253384914,0.1091148115687993
wiki,lorenz,0.4558349451966473,0.10926088226701723
wiki,lorenz,0.4561573178594455,0.10940695296523517
wiki,lorenz,0.4564796905222437,0.10955302366345311
wiki,lorenz,0.4568020631850419,0.10969909436167105
wiki,lorenz,0.4571244358478401,0.10984516505988899
wiki,lorenz,0.4574468085106383,0.10999123575810692
wiki,lorenz,0.4577691811734365,0.11013730645632486
wiki,lorenz,0.4580915538362347,0.1102833771545428
wiki,lorenz,0.4584139264990329,0.11042944785276074
wiki,lorenz,0.45873629916183106,0.11057551855097868
wiki,lorenz,0.4590586718246293,0.11072158924919662
wiki,lorenz,0.45938104448742745,0.11086765994741454
wiki,lorenz,0.45970341715022567,0.11101373064563248
wiki,lorenz,0.46002578981302383,0.11115980134385042
wiki,lorenz,0.46034816247582205,0.11130587204206836
wiki,lorenz,0.4606705351386202,0.1114519427402863
wiki,lorenz,0.46099290780141844,0.11159801343850424
wiki,lorenz,0.46131528046421666,0.11174408413672217
wiki,lorenz,0.4616376531270148,0.11189015483494011
wiki,lorenz,0.46196002578981304,0.11203622553315805
wiki,lorenz,0.4622823984526112,0.11218229623137599
wiki,lorenz,0.46260477111540943,0.11232836692959393
wiki,lorenz,0.4629271437782076,0.11247443762781185
wiki,lorenz,0.4632495164410058,0.1126205083260298
wiki,lorenz,0.463571889103804,0.11276657902424773
wiki,lorenz,0.4638942617666022,0.11291264972246567
wiki,lorenz,0.46421663442940037,0.11305872042068361
wiki,lorenz,0.4645390070921986,0.11320479111890155
wiki,lorenz,0.46486137975499675,0.11335086181711948
wiki,lorenz,0.46518375241779497,0.11349693251533742
wiki,lorenz,0.4655061250805932,0.11364300321355536
wiki,lorenz,0.46582849774339136,0.1137890739117733
wiki,lorenz,0.4661508704061896,0.11393514460999124
wiki,lorenz,0.46647324306898774,0.11408121530820918
wiki,lorenz,0.46679561573178596,0.1142272860064271
wiki,lorenz,0.4671179883945841,0.11437335670464505
wiki,lorenz,0.46744036105738235,0.11451942740286299
wiki,lorenz,0.4677627337201805,0.11466549810108093
wiki,lorenz,0.46808510638297873,0.11481156879929887
wiki,lorenz,0.4684074790457769,0.11495763949751679
wiki,lorenz,0.4687298517085751,0.11510371019573473
wiki,lorenz,0.4690522243713733,0.11524978089395267
wiki,lorenz,0.4693745970341715,0.11539585159217061
wiki,lorenz,0.4696969696969697,0.11554192229038855
wiki,lorenz,0.4700193423597679,0.11568799298860649
wiki,lorenz,0.4703417150225661,0.11583406368682442
wiki,lorenz,0.4706640876853643,0.11598013438504236
wiki,lorenz,0.4709864603481625,0.1161262050832603
wiki,lorenz,0.47130883301096066,0.11627227578147824
wiki,lorenz,0.4716312056737589,0.11641834647969618
wiki,lorenz,0.47195357833655704,0.1165644171779141
wiki,lorenz,0.47227595099935527,0.11671048787613204
wiki,lorenz,0.47259832366215343,0.11685655857434998
wiki,lorenz,0.47292069632495165,0.11700262927256792
wiki,lorenz,0.4732430689877498,0.11714869997078586
wiki,lorenz,0.47356544165054804,0.1172947706690038
wiki,lorenz,0.4738878143133462,0.11744084136722173
wiki,lorenz,0.4742101869761444,0.11758691206543967
wiki,lorenz,0.47453255963894264,0.11773298276365761
wiki,lorenz,0.4748549323017408,0.11787905346187555
wiki,lorenz,0.475177304964539,0.11802512416009349
wiki,lorenz,0.4754996776273372,0.11817119485831143
wiki,lorenz,0.4758220502901354,0.11831726555652936
wiki,lorenz,0.4761444229529336,0.1184633362547473
wiki,lorenz,0.4764667956157318,0.11860940695296524
wiki,lorenz,0.47678916827852996,0.11875547765118318
wiki,lorenz,0.4771115409413282,0.11890154834940111
wiki,lorenz,0.47743391360412635,0.11904761904761904
wiki,lorenz,0.47775628626692457,0.11919368974583698
wiki,lorenz,0.47807865892972273,0.11933976044405492
wiki,lorenz,0.47840103159252095,0.11948583114227286
wiki,lorenz,0.4787234042553192,0.1196319018404908
wiki,lorenz,0.47904577691811734,0.11977797253870874
wiki,lorenz,0.47936814958091556,0.11992404323692667
wiki,lorenz,0.4796905222437137,0.1200701139351446
wiki,lorenz,0.48001289490651194,0.12021618463336255
wiki,lorenz,0.4803352675693101,0.12036225533158049
wiki,lorenz,0.48065764023210833,0.12050832602979843
wiki,lorenz,0.4809800128949065,0.12065439672801637
wiki,lorenz,0.4813023855577047,0.12080046742623429
wiki,lorenz,0.4816247582205029,0.12094653812445223
wiki,lorenz,0.4819471308833011,0.12109260882267017
wiki,lorenz,0.48226950354609927,0.12123867952088811
wiki,lorenz,0.4825918762088975,0.12138475021910605
wiki,lorenz,0.4829142488716957,0.12153082091732398
wiki,lorenz,0.48323662153449387,0.12167689161554192
wiki,lorenz,0.4835589941972921,0.12182296231375986
wiki,lorenz,0.48388136686009026,0.1219690330119778
wiki,lorenz,0.4842037395228885,0.12211510371019574
wiki,lorenz,0.48452611218568664,0.12226117440841368
wiki,lorenz,0.48484848484848486,0.1224072451066316
wiki,lorenz,0.485170857511283,0.12255331580484954
wiki,lorenz,0.48549323017408125,0.12269938650306748
wiki,lorenz,0.4858156028368794,0.12284545720128542
wiki,lorenz,0.48613797549967763,0.12299152789950336
wiki,lorenz,0.4864603481624758,0.1231375985977213
wiki,lorenz,0.486782720825274,0.12328366929593923
wiki,lorenz,0.48710509348807224,0.12342973999415717
wiki,lorenz,0.4874274661508704,0.12357581069237511
wiki,lorenz,0.4877498388136686,0.12372188139059305
wiki,lorenz,0.4880722114764668,0.12386795208881099
wiki,lorenz,0.488394584139265,0.12401402278702892
wiki,lorenz,0.4887169568020632,0.12416009348524686
wiki,lorenz,0.4890393294648614,0.1243061641834648
wiki,lorenz,0.48936170212765956,0.12445223488168274
wiki,lorenz,0.4896840747904578,0.12459830557990068
wiki,lorenz,0.49000644745325594,0.12474437627811862
wiki,lorenz,0.49032882011605416,0.12489044697633654
wiki,lorenz,0.49065119277885233,0.12503651767455448
wiki,lorenz,0.49097356544165055,0.12518258837277244
wiki,lorenz,0.4912959381044487,0.12532865907099036
wiki,lorenz,0.49161831076724694,0.1254747297692083
wiki,lorenz,0.49194068343004516,0.12562080046742624
wiki,lorenz,0.4922630560928433,0.12576687116564417
wiki,lorenz,0.49258542875564154,0.12591294186386212
wiki,lorenz,0.4929078014184397,0.12605901256208005
wiki,lorenz,0.4932301740812379,0.12620508326029797
wiki,lorenz,0.4935525467440361,0.12635115395851593
wiki,lorenz,0.4938749194068343,0.12649722465673385
wiki,lorenz,0.4941972920696325,0.1266432953549518
wiki,lorenz,0.4945196647324307,0.12678936605316973
wiki,lorenz,0.49484203739522886,0.12693543675138766
wiki,lorenz,0.4951644100580271,0.1270815074496056
wiki,lorenz,0.49548678272082525,0.12722757814782354
wiki,lorenz,0.49580915538362347,0.1273736488460415
wiki,lorenz,0.4961315280464217,0.12751971954425942
wiki,lorenz,0.49645390070921985,0.12766579024247737
wiki,lorenz,0.4967762733720181,0.1278118609406953
wiki,lorenz,0.49709864603481624,0.12795793163891322
wiki,lorenz,0.49742101869761446,0.12810400233713118
wiki,lorenz,0.4977433913604126,0.1282500730353491
wiki,lorenz,0.49806576402321084,0.12839614373356706
wiki,lorenz,0.498388136686009,0.12854221443178498
wiki,lorenz,0.49871050934880723,0.1286882851300029
wiki,lorenz,0.4990328820116054,0.12883435582822086
wiki,lorenz,0.4993552546744036,0.1289804265264388
wiki,lorenz,0.4996776273372018,0.12912649722465674
wiki,lorenz,0.5,0.12927256792287467
wiki,lorenz,0.5003223726627982,0.1294186386210926
wiki,lorenz,0.5006447453255964,0.12956470931931055
wiki,lorenz,0.5009671179883946,0.12971078001752848
wiki,lorenz,0.5012894906511928,0.12985685071574643
wiki,lorenz,0.501611863313991,0.13000292141396436
wiki,lorenz,0.5019342359767892,0.13014899211218228
wiki,lorenz,0.5022566086395873,0.13029506281040024
wiki,lorenz,0.5025789813023855,0.13044113350861816
wiki,lorenz,0.5029013539651838,0.13058720420683612
wiki,lorenz,0.503223726627982,0.13073327490505404
wiki,lorenz,0.5035460992907801,0.130879345603272
wiki,lorenz,0.5038684719535783,0.13102541630148992
wiki,lorenz,0.5041908446163765,0.13117148699970785
wiki,lorenz,0.5045132172791748,0.1313175576979258
wiki,lorenz,0.504835589941973,0.13146362839614373
wiki,lorenz,0.5051579626047711,0.13160969909436168
wiki,lorenz,0.5054803352675693,0.1317557697925796
wiki,lorenz,0.5058027079303675,0.13190184049079753
wiki,lorenz,0.5061250805931657,0.1320479111890155
wiki,lorenz,0.5064474532559639,0.1321939818872334
wiki,lorenz,0.5067698259187621,0.13234005258545137
wiki,lorenz,0.5070921985815603,0.1324861232836693
wiki,lorenz,0.5074145712443585,0.13263219398188722
wiki,lorenz,0.5077369439071566,0.13277826468010517
wiki,lorenz,0.5080593165699548,0.1329243353783231
wiki,lorenz,0.5083816892327531,0.13307040607654105
wiki,lorenz,0.5087040618955513,0.13321647677475898
wiki,lorenz,0.5090264345583495,0.13336254747297693
wiki,lorenz,0.5093488072211476,0.13350861817119486
wiki,lorenz,0.5096711798839458,0.13365468886941279
wiki,lorenz,0.5099935525467441,0.13380075956763074
wiki,lorenz,0.5103159252095423,0.13394683026584867
wiki,lorenz,0.5106382978723404,0.13409290096406662
wiki,lorenz,0.5109606705351386,0.13423897166228455
wiki,lorenz,0.5112830431979368,0.13438504236050247
wiki,lorenz,0.511605415860735,0.13453111305872043
wiki,lorenz,0.5119277885235332,0.13467718375693835
wiki,lorenz,0.5122501611863314,0.1348232544551563
wiki,lorenz,0.5125725338491296,0.13496932515337423
wiki,lorenz,0.5128949065119278,0.13511539585159216
wiki,lorenz,0.513217279174726,0.1352614665498101
wiki,lorenz,0.5135396518375241,0.13540753724802804
wiki,lorenz,0.5138620245003224,0.135553607946246
wiki,lorenz,0.5141843971631206,0.13569967864446392
wiki,lorenz,0.5145067698259188,0.13584574934268187
wiki,lorenz,0.5148291424887169,0.1359918200408998
wiki,lorenz,0.5151515151515151,0.13613789073911772
wiki,lorenz,0.5154738878143134,0.13628396143733568
wiki,lorenz,0.5157962604771116,0.1364300321355536
wiki,lorenz,0.5161186331399097,0.13657610283377156
wiki,lorenz,0.5164410058027079,0.13672217353198948
wiki,lorenz,0.5167633784655061,0.1368682442302074
wiki,lorenz,0.5170857511283043,0.13701431492842536
wiki,lorenz,0.5174081237911026,0.1371603856266433
wiki,lorenz,0.5177304964539007,0.13730645632486124
wiki,lorenz,0.5180528691166989,0.13745252702307917
wiki,lorenz,0.5183752417794971,0.1375985977212971
wiki,lorenz,0.5186976144422953,0.13774466841951505
wiki,lorenz,0.5190199871050934,0.13789073911773297
wiki,lorenz,0.5193423597678917,0.13803680981595093
wiki,lorenz,0.5196647324306899,0.13818288051416885
wiki,lorenz,0.5199871050934881,0.1383289512123868
wiki,lorenz,0.5203094777562862,0.13847502191060473
wiki,lorenz,0.5206318504190844,0.13862109260882266
wiki,lorenz,0.5209542230818827,0.13876716330704061
wiki,lorenz,0.5212765957446809,0.13891323400525854
wiki,lorenz,0.521598968407479,0.1390593047034765
wiki,lorenz,0.5219213410702772,0.13920537540169442
wiki,lorenz,0.5222437137330754,0.13935144609991235
wiki,lorenz,0.5225660863958737,0.1394975167981303
wiki,lorenz,0.5228884590586719,0.13964358749634823
wiki,lorenz,0.52321083172147,0.13978965819456618
wiki,lorenz,0.5235332043842682,0.1399357288927841
wiki,lorenz,0.5238555770470664,0.14008179959100203
wiki,lorenz,0.5241779497098646,0.14022787028921999
wiki,lorenz,0.5245003223726628,0.1403739409874379
wiki,lorenz,0.524822695035461,0.14052001168565587
wiki,lorenz,0.5251450676982592,0.1406660823838738
wiki,lorenz,0.5254674403610574,0.14081215308209175
wiki,lorenz,0.5257898130238555,0.14095822378030967
wiki,lorenz,0.5261121856866537,0.1411042944785276
wiki,lorenz,0.526434558349452,0.14125036517674555
wiki,lorenz,0.5267569310122502,0.14139643587496348
wiki,lorenz,0.5270793036750484,0.14154250657318143
wiki,lorenz,0.5274016763378465,0.14168857727139936
wiki,lorenz,0.5277240490006447,0.14183464796961728
wiki,lorenz,0.528046421663443,0.14198071866783524
wiki,lorenz,0.5283687943262412,0.14212678936605316
wiki,lorenz,0.5286911669890393,0.14227286006427112
wiki,lorenz,0.5290135396518375,0.14241893076248904
wiki,lorenz,0.5293359123146357,0.14256500146070697
wiki,lorenz,0.529658284977434,0.14271107215892492
wiki,lorenz,0.5299806576402321,0.14285714285714285
wiki,lorenz,0.5303030303030303,0.1430032135553608
wiki,lorenz,0.5306254029658285,0.14314928425357873
wiki,lorenz,0.5309477756286267,0.14329535495179668
wiki,lorenz,0.5312701482914249,0.1434414256500146
wiki,lorenz,0.531592520954223,0.14358749634823254
wiki,lorenz,0.5319148936170213,0.1437335670464505
wiki,lorenz,0.5322372662798195,0.14387963774466841
wiki,lorenz,0.5325596389426177,0.14402570844288637
wiki,lorenz,0.5328820116054158,0.1441717791411043
wiki,lorenz,0.533204384268214,0.14431784983932222
wiki,lorenz,0.5335267569310123,0.14446392053754017
wiki,lorenz,0.5338491295938105,0.1446099912357581
wiki,lorenz,0.5341715022566086,0.14475606193397605
wiki,lorenz,0.5344938749194068,0.14490213263219398
wiki,lorenz,0.534816247582205,0.1450482033304119
wiki,lorenz,0.5351386202450032,0.14519427402862986
wiki,lorenz,0.5354609929078015,0.1453403447268478
wiki,lorenz,0.5357833655705996,0.14548641542506574
wiki,lorenz,0.5361057382333978,0.14563248612328367
wiki,lorenz,0.536428110896196,0.14577855682150162
wiki,lorenz,0.5367504835589942,0.14592462751971955
wiki,lorenz,0.5370728562217923,0.14607069821793747
wiki,lorenz,0.5373952288845906,0.14621676891615543
wiki,lorenz,0.5377176015473888,0.14636283961437335
wiki,lorenz,0.538039974210187,0.1465089103125913
wiki,lorenz,0.5383623468729851,0.14665498101080923
wiki,lorenz,0.5386847195357833,0.14680105170902716
wiki,lorenz,0.5390070921985816,0.1469471224072451
wiki,lorenz,0.5393294648613798,0.14709319310546304
wiki,lorenz,0.539651837524178,0.147239263803681
wiki,lorenz,0.5399742101869761,0.14738533450189892
wiki,lorenz,0.5402965828497743,0.14753140520011684
wiki,lorenz,0.5406189555125726,0.1476774758983348
wiki,lorenz,0.5409413281753708,0.14782354659655272
wiki,lorenz,0.5412637008381689,0.14796961729477068
wiki,lorenz,0.5415860735009671,0.1481156879929886
wiki,lorenz,0.5419084461637653,0.14826175869120656
wiki,lorenz,0.5422308188265635,0.14840782938942448
wiki,lorenz,0.5425531914893617,0.1485539000876424
wiki,lorenz,0.5428755641521599,0.14869997078586036
wiki,lorenz,0.5431979368149581,0.1488460414840783
wiki,lorenz,0.5435203094777563,0.14899211218229624
wiki,lorenz,0.5438426821405545,0.14913818288051417
wiki,lorenz,0.5441650548033526,0.1492842535787321
wiki,lorenz,0.5444874274661509,0.14943032427695005
wiki,lorenz,0.5448098001289491,0.14957639497516798
wiki,lorenz,0.5451321727917473,0.14972246567338593
wiki,lorenz,0.5454545454545454,0.14986853637160386
wiki,lorenz,0.5457769181173436,0.15001460706982178
wiki,lorenz,0.5460992907801419,0.15016067776803974
wiki,lorenz,0.5464216634429401,0.15030674846625766
wiki,lorenz,0.5467440361057382,0.15045281916447562
wiki,lorenz,0.5470664087685364,0.15059888986269354
wiki,lorenz,0.5473887814313346,0.15074496056091147
wiki,lorenz,0.5477111540941328,0.15089103125912942
wiki,lorenz,0.5480335267569311,0.15103710195734735
wiki,lorenz,0.5483558994197292,0.1511831726555653
wiki,lorenz,0.5486782720825274,0.15132924335378323
wiki,lorenz,0.5490006447453256,0.15147531405200118
wiki,lorenz,0.5493230174081238,0.1516213847502191
wiki,lorenz,0.549645390070922,0.15176745544843703
wiki,lorenz,0.5499677627337202,0.151913526146655
wiki,lorenz,0.5502901353965184,0.1520595968448729
wiki,lorenz,0.5506125080593166,0.15220566754309087
wiki,lorenz,0.5509348807221147,0.1523517382413088
wiki,lorenz,0.5512572533849129,0.15249780893952672
wiki,lorenz,0.5515796260477112,0.15264387963774467
wiki,lorenz,0.5519019987105094,0.1527899503359626
wiki,lorenz,0.5522243713733076,0.15293602103418055
wiki,lorenz,0.5525467440361057,0.15308209173239848
wiki,lorenz,0.5528691166989039,0.1532281624306164
wiki,lorenz,0.5531914893617021,0.15337423312883436
wiki,lorenz,0.5535138620245004,0.15352030382705228
wiki,lorenz,0.5538362346872985,0.15366637452527024
wiki,lorenz,0.5541586073500967,0.15381244522348816
wiki,lorenz,0.5544809800128949,0.15395851592170612
wiki,lorenz,0.5548033526756931,0.15410458661992404
wiki,lorenz,0.5551257253384912,0.15425065731814197
wiki,lorenz,0.5554480980012895,0.15439672801635992
wiki,lorenz,0.5557704706640877,0.15454279871457785
wiki,lorenz,0.5560928433268859,0.1546888694127958
wiki,lorenz,0.556415215989684,0.15483494011101373
wiki,lorenz,0.5567375886524822,0.15498101080923166
wiki,lorenz,0.5570599613152805,0.1551270815074496
wiki,lorenz,0.5573823339780787,0.15527315220566754
wiki,lorenz,0.5577047066408769,0.1554192229038855
wiki,lorenz,0.558027079303675,0.15556529360210342
wiki,lorenz,0.5583494519664732,0.15571136430032134
wiki,lorenz,0.5586718246292715,0.1558574349985393
wiki,lorenz,0.5589941972920697,0.15600350569675722
wiki,lorenz,0.5593165699548678,0.15614957639497518
wiki,lorenz,0.559638942617666,0.1562956470931931
wiki,lorenz,0.5599613152804642,0.15644171779141106
wiki,lorenz,0.5602836879432624,0.15658778848962898
wiki,lorenz,0.5606060606060606,0.1567338591878469
wiki,lorenz,0.5609284332688588,0.15687992988606486
wiki,lorenz,0.561250805931657,0.1570260005842828
wiki,lorenz,0.5615731785944552,0.15717207128250074
wiki,lorenz,0.5618955512572534,0.15731814198071867
wiki,lorenz,0.5622179239200515,0.1574642126789366
wiki,lorenz,0.5625402965828498,0.15761028337715455
wiki,lorenz,0.562862669245648,0.15775635407537247
wiki,lorenz,0.5631850419084462,0.15790242477359043
wiki,lorenz,0.5635074145712443,0.15804849547180835
wiki,lorenz,0.5638297872340425,0.15819456617002628
wiki,lorenz,0.5641521598968408,0.15834063686824423
wiki,lorenz,0.564474532559639,0.15848670756646216
wiki,lorenz,0.5647969052224371,0.1586327782646801
wiki,lorenz,0.5651192778852353,0.15877884896289804
wiki,lorenz,0.5654416505480335,0.158924919661116
wiki,lorenz,0.5657640232108317,0.15907099035933392
wiki,lorenz,0.56608639587363,0.15921706105755185
wiki,lorenz,0.5664087685364281,0.1593631317557698
wiki,lorenz,0.5667311411992263,0.15950920245398773
wiki,lorenz,0.5670535138620245,0.15965527315220568
wiki,lorenz,0.5673758865248227,0.1598013438504236
wiki,lorenz,0.5676982591876208,0.15994741454864153
wiki,lorenz,0.5680206318504191,0.16009348524685948
wiki,lorenz,0.5683430045132173,0.1602395559450774
wiki,lorenz,0.5686653771760155,0.16038562664329536
wiki,lorenz,0.5689877498388136,0.1605316973415133
wiki,lorenz,0.5693101225016118,0.16067776803973122
wiki,lorenz,0.5696324951644101,0.16082383873794917
wiki,lorenz,0.5699548678272083,0.1609699094361671
wiki,lorenz,0.5702772404900065,0.16111598013438505
wiki,lorenz,0.5705996131528046,0.16126205083260298
wiki,lorenz,0.5709219858156028,0.16140812153082093
wiki,lorenz,0.571244358478401,0.16155419222903886
wiki,lorenz,0.5715667311411993,0.16170026292725678
wiki,lorenz,0.5718891038039974,0.16184633362547474
wiki,lorenz,0.5722114764667956,0.16199240432369266
wiki,lorenz,0.5725338491295938,0.16213847502191062
wiki,lorenz,0.572856221792392,0.16228454572012854
wiki,lorenz,0.5731785944551901,0.16243061641834647
wiki,lorenz,0.5735009671179884,0.16257668711656442
wiki,lorenz,0.5738233397807866,0.16272275781478235
wiki,lorenz,0.5741457124435848,0.1628688285130003
wiki,lorenz,0.574468085106383,0.16301489921121823
wiki,lorenz,0.5747904577691811,0.16316096990943615
wiki,lorenz,0.5751128304319794,0.1633070406076541
wiki,lorenz,0.5754352030947776,0.16345311130587203
wiki,lorenz,0.5757575757575758,0.16359918200409
wiki,lorenz,0.5760799484203739,0.16374525270230791
wiki,lorenz,0.5764023210831721,0.16389132340052587
wiki,lorenz,0.5767246937459704,0.1640373940987438
wiki,lorenz,0.5770470664087686,0.16418346479696172
wiki,lorenz,0.5773694390715667,0.16432953549517967
wiki,lorenz,0.5776918117343649,0.1644756061933976
wiki,lorenz,0.5780141843971631,0.16462167689161555
wiki,lorenz,0.5783365570599613,0.16476774758983348
wiki,lorenz,0.5786589297227596,0.1649138182880514
wiki,lorenz,0.5789813023855577,0.16505988898626936
wiki,lorenz,0.5793036750483559,0.16520595968448729
wiki,lorenz,0.5796260477111541,0.16535203038270524
wiki,lorenz,0.5799484203739523,0.16549810108092317
wiki,lorenz,0.5802707930367504,0.1656441717791411
wiki,lorenz,0.5805931656995487,0.16579024247735905
wiki,lorenz,0.5809155383623469,0.16593631317557697
wiki,lorenz,0.5812379110251451,0.16608238387379493
wiki,lorenz,0.5815602836879432,0.16622845457201285
wiki,lorenz,0.5818826563507414,0.1663745252702308
wiki,lorenz,0.5822050290135397,0.16652059596844873
wiki,lorenz,0.5825274016763379,0.16666666666666666
wiki,lorenz,0.5828497743391361,0.1668127373648846
wiki,lorenz,0.5831721470019342,0.16695880806310254
wiki,lorenz,0.5834945196647324,0.1671048787613205
wiki,lorenz,0.5838168923275306,0.16725094945953842
wiki,lorenz,0.5841392649903289,0.16739702015775634
wiki,lorenz,0.584461637653127,0.1675430908559743
wiki,lorenz,0.5847840103159252,0.16768916155419222
wiki,lorenz,0.5851063829787234,0.16783523225241018
wiki,lorenz,0.5854287556415216,0.1679813029506281
wiki,lorenz,0.5857511283043197,0.16812737364884603
wiki,lorenz,0.586073500967118,0.16827344434706398
wiki,lorenz,0.5863958736299162,0.1684195150452819
wiki,lorenz,0.5867182462927144,0.16856558574349986
wiki,lorenz,0.5870406189555126,0.1687116564417178
wiki,lorenz,0.5873629916183107,0.16885772713993574
wiki,lorenz,0.587685364281109,0.16900379783815367
wiki,lorenz,0.5880077369439072,0.1691498685363716
wiki,lorenz,0.5883301096067054,0.16929593923458955
wiki,lorenz,0.5886524822695035,0.16944200993280747
wiki,lorenz,0.5889748549323017,0.16958808063102543
wiki,lorenz,0.5892972275951,0.16973415132924335
wiki,lorenz,0.5896196002578982,0.16988022202746128
wiki,lorenz,0.5899419729206963,0.17002629272567923
wiki,lorenz,0.5902643455834945,0.17017236342389716
wiki,lorenz,0.5905867182462927,0.17031843412211511
wiki,lorenz,0.5909090909090909,0.17046450482033304
wiki,lorenz,0.591231463571889,0.17061057551855097
wiki,lorenz,0.5915538362346873,0.17075664621676892
wiki,lorenz,0.5918762088974855,0.17090271691498685
wiki,lorenz,0.5921985815602837,0.1710487876132048
wiki,lorenz,0.5925209542230819,0.17119485831142273
wiki,lorenz,0.59284332688588,0.17134092900964065
wiki,lorenz,0.5931656995486783,0.1714869997078586
wiki,lorenz,0.5934880722114765,0.17163307040607653
wiki,lorenz,0.5938104448742747,0.17177914110429449
wiki,lorenz,0.5941328175370728,0.1719252118025124
wiki,lorenz,0.594455190199871,0.17207128250073037
wiki,lorenz,0.5947775628626693,0.1722173531989483
wiki,lorenz,0.5950999355254675,0.17236342389716622
wiki,lorenz,0.5954223081882656,0.17250949459538417
wiki,lorenz,0.5957446808510638,0.1726555652936021
wiki,lorenz,0.596067053513862,0.17280163599182005
wiki,lorenz,0.5963894261766602,0.17294770669003798
wiki,lorenz,0.5967117988394585,0.1730937773882559
wiki,lorenz,0.5970341715022566,0.17323984808647386
wiki,lorenz,0.5973565441650548,0.17338591878469178
wiki,lorenz,0.597678916827853,0.17353198948290974
wiki,lorenz,0.5980012894906512,0.17367806018112766
wiki,lorenz,0.5983236621534493,0.1738241308793456
wiki,lorenz,0.5986460348162476,0.17397020157756354
wiki,lorenz,0.5989684074790458,0.17411627227578147
wiki,lorenz,0.599290780141844,0.1743353783231084
wiki,lorenz,0.5996131528046421,0.1745544843704353
wiki,lorenz,0.5999355254674403,0.1747735904177622
wiki,lorenz,0.6002578981302386,0.1749926964650891
wiki,lorenz,0.6005802707930368,0.175211802512416
wiki,lorenz,0.600902643455835,0.17543090855974292
wiki,lorenz,0.6012250161186331,0.17565001460706983
wiki,lorenz,0.6015473887814313,0.17586912065439672
wiki,lorenz,0.6018697614442295,0.17608822670172364
wiki,lorenz,0.6021921341070278,0.17630733274905053
wiki,lorenz,0.6025145067698259,0.17652643879637744
wiki,lorenz,0.6028368794326241,0.17674554484370436
wiki,lorenz,0.6031592520954223,0.17696465089103125
wiki,lorenz,0.6034816247582205,0.17718375693835817
wiki,lorenz,0.6038039974210186,0.17740286298568508
wiki,lorenz,0.6041263700838169,0.17762196903301197
wiki,lorenz,0.6044487427466151,0.1778410750803389
wiki,lorenz,0.6047711154094133,0.17806018112766578
wiki,lorenz,0.6050934880722115,0.1782792871749927
wiki,lorenz,0.6054158607350096,0.1784983932223196
wiki,lorenz,0.6057382333978079,0.1787174992696465
wiki,lorenz,0.6060606060606061,0.17893660531697342
wiki,lorenz,0.6063829787234043,0.17915571136430034
wiki,lorenz,0.6067053513862024,0.17937481741162722
wiki,lorenz,0.6070277240490006,0.17959392345895414
wiki,lorenz,0.6073500967117988,0.17981302950628103
wiki,lorenz,0.6076724693745971,0.18003213555360795
wiki,lorenz,0.6079948420373952,0.18025124160093486
wiki,lorenz,0.6083172147001934,0.18047034764826175
wiki,lorenz,0.6086395873629916,0.18068945369558867
wiki,lorenz,0.6089619600257898,0.18090855974291556
wiki,lorenz,0.6092843326885881,0.18112766579024248
wiki,lorenz,0.6096067053513862,0.1813467718375694
wiki,lorenz,0.6099290780141844,0.18156587788489628
wiki,lorenz,0.6102514506769826,0.1817849839322232
wiki,lorenz,0.6105738233397808,0.18200408997955012
wiki,lorenz,0.6108961960025789,0.182223196026877
wiki,lorenz,0.6112185686653772,0.18244230207420392
wiki,lorenz,0.6115409413281754,0.1826614081215308
wiki,lorenz,0.6118633139909736,0.18288051416885773
wiki,lorenz,0.6121856866537717,0.18309962021618464
wiki,lorenz,0.6125080593165699,0.18331872626351153
wiki,lorenz,0.6128304319793682,0.18353783231083845
wiki,lorenz,0.6131528046421664,0.18375693835816534
wiki,lorenz,0.6134751773049646,0.18397604440549226
wiki,lorenz,0.6137975499677627,0.18419515045281917
wiki,lorenz,0.6141199226305609,0.18441425650014606
wiki,lorenz,0.6144422952933591,0.18463336254747298
wiki,lorenz,0.6147646679561574,0.1848524685947999
wiki,lorenz,0.6150870406189555,0.18507157464212678
wiki,lorenz,0.6154094132817537,0.1852906806894537
wiki,lorenz,0.6157317859445519,0.1855097867367806
wiki,lorenz,0.6160541586073501,0.1857288927841075
wiki,lorenz,0.6163765312701482,0.18594799883143442
wiki,lorenz,0.6166989039329465,0.1861671048787613
wiki,lorenz,0.6170212765957447,0.18638621092608823
wiki,lorenz,0.6173436492585429,0.18660531697341512
wiki,lorenz,0.6176660219213411,0.18682442302074204
wiki,lorenz,0.6179883945841392,0.18704352906806895
wiki,lorenz,0.6183107672469375,0.18726263511539584
wiki,lorenz,0.6186331399097357,0.18748174116272276
wiki,lorenz,0.6189555125725339,0.18770084721004968
wiki,lorenz,0.619277885235332,0.18791995325737657
wiki,lorenz,0.6196002578981302,0.18813905930470348
wiki,lorenz,0.6199226305609284,0.18835816535203037
wiki,lorenz,0.6202450032237267,0.1885772713993573
wiki,lorenz,0.6205673758865248,0.1887963774466842
wiki,lorenz,0.620889748549323,0.1890154834940111
wiki,lorenz,0.6212121212121212,0.189234589541338
wiki,lorenz,0.6215344938749194,0.18945369558866493
wiki,lorenz,0.6218568665377177,0.18967280163599182
wiki,lorenz,0.6221792392005158,0.18989190768331873
wiki,lorenz,0.622501611863314,0.19011101373064562
wiki,lorenz,0.6228239845261122,0.19033011977797254
wiki,lorenz,0.6231463571889104,0.19054922582529946
wiki,lorenz,0.6234687298517085,0.19076833187262635
wiki,lorenz,0.6237911025145068,0.19098743791995326
wiki,lorenz,0.624113475177305,0.19120654396728015
wiki,lorenz,0.6244358478401032,0.19142565001460707
wiki,lorenz,0.6247582205029013,0.19164475606193399
wiki,lorenz,0.6250805931656995,0.19186386210926087
wiki,lorenz,0.6254029658284977,0.1920829681565878
wiki,lorenz,0.625725338491296,0.1923020742039147
wiki,lorenz,0.6260477111540941,0.1925211802512416
wiki,lorenz,0.6263700838168923,0.19274028629856851
wiki,lorenz,0.6266924564796905,0.1929593923458954
wiki,lorenz,0.6270148291424887,0.19317849839322232
wiki,lorenz,0.627337201805287,0.19339760444054924
wiki,lorenz,0.6276595744680851,0.19361671048787613
wiki,lorenz,0.6279819471308833,0.19383581653520304
wiki,lorenz,0.6283043197936815,0.19405492258252993
wiki,lorenz,0.6286266924564797,0.19427402862985685
wiki,lorenz,0.6289490651192778,0.19449313467718377
wiki,lorenz,0.6292714377820761,0.19471224072451065
wiki,lorenz,0.6295938104448743,0.19493134677183757
wiki,lorenz,0.6299161831076725,0.1951504528191645
wiki,lorenz,0.6302385557704706,0.19536955886649138
wiki,lorenz,0.6305609284332688,0.1955886649138183
wiki,lorenz,0.630883301096067,0.19580777096114518
wiki,lorenz,0.6312056737588653,0.1960268770084721
wiki,lorenz,0.6315280464216635,0.19624598305579902
wiki,lorenz,0.6318504190844616,0.1964650891031259
wiki,lorenz,0.6321727917472598,0.19668419515045282
wiki,lorenz,0.632495164410058,0.1969033011977797
wiki,lorenz,0.6328175370728563,0.19712240724510663
wiki,lorenz,0.6331399097356544,0.19734151329243355
wiki,lorenz,0.6334622823984526,0.19756061933976043
wiki,lorenz,0.6337846550612508,0.19777972538708735
wiki,lorenz,0.634107027724049,0.19799883143441427
wiki,lorenz,0.6344294003868471,0.19821793748174116
wiki,lorenz,0.6347517730496454,0.19843704352906807
wiki,lorenz,0.6350741457124436,0.19865614957639496
wiki,lorenz,0.6353965183752418,0.19887525562372188
wiki,lorenz,0.63571889103804,0.1990943616710488
wiki,lorenz,0.6360412637008381,0.1993134677183757
wiki,lorenz,0.6363636363636364,0.1995325737657026
wiki,lorenz,0.6366860090264346,0.19975167981302952
wiki,lorenz,0.6370083816892328,0.1999707858603564
wiki,lorenz,0.6373307543520309,0.20018989190768333
wiki,lorenz,0.6376531270148291,0.20040899795501022
wiki,lorenz,0.6379754996776273,0.20062810400233713
wiki,lorenz,0.6382978723404256,0.20084721004966405
wiki,lorenz,0.6386202450032237,0.20106631609699094
wiki,lorenz,0.6389426176660219,0.20128542214431785
wiki,lorenz,0.6392649903288201,0.20150452819164474
wiki,lorenz,0.6395873629916183,0.20172363423897166
wiki,lorenz,0.6399097356544166,0.20194274028629858
wiki,lorenz,0.6402321083172147,0.20216184633362547
wiki,lorenz,0.6405544809800129,0.20238095238095238
wiki,lorenz,0.6408768536428111,0.2026000584282793
wiki,lorenz,0.6411992263056093,0.2028191644756062
wiki,lorenz,0.6415215989684074,0.2030382705229331
wiki,lorenz,0.6418439716312057,0.20325737657026
wiki,lorenz,0.6421663442940039,0.2034764826175869
wiki,lorenz,0.6424887169568021,0.20369558866491383
wiki,lorenz,0.6428110896196002,0.20391469471224072
wiki,lorenz,0.6431334622823984,0.20413380075956764
wiki,lorenz,0.6434558349451966,0.20435290680689452
wiki,lorenz,0.6437782076079949,0.20457201285422144
wiki,lorenz,0.6441005802707931,0.20479111890154836
wiki,lorenz,0.6444229529335912,0.20501022494887525
wiki,lorenz,0.6447453255963894,0.20522933099620216
wiki,lorenz,0.6450676982591876,0.20544843704352908
wiki,lorenz,0.6453900709219859,0.20566754309085597
wiki,lorenz,0.645712443584784,0.2058866491381829
wiki,lorenz,0.6460348162475822,0.20610575518550978
wiki,lorenz,0.6463571889103804,0.2063248612328367
wiki,lorenz,0.6466795615731786,0.2065439672801636
wiki,lorenz,0.6470019342359767,0.2067630733274905
wiki,lorenz,0.647324306898775,0.20698217937481742
wiki,lorenz,0.6476466795615732,0.2072012854221443
wiki,lorenz,0.6479690522243714,0.20742039146947122
wiki,lorenz,0.6482914248871696,0.20763949751679814
wiki,lorenz,0.6486137975499677,0.20785860356412503
wiki,lorenz,0.648936170212766,0.20807770961145194
wiki,lorenz,0.6492585428755642,0.20829681565877886
wiki,lorenz,0.6495809155383624,0.20851592170610575
wiki,lorenz,0.6499032882011605,0.20873502775343267
wiki,lorenz,0.6502256608639587,0.20895413380075956
wiki,lorenz,0.6505480335267569,0.20917323984808647
wiki,lorenz,0.6508704061895552,0.2093923458954134
wiki,lorenz,0.6511927788523533,0.20961145194274028
wiki,lorenz,0.6515151515151515,0.2098305579900672
wiki,lorenz,0.6518375241779497,0.21004966403739408
wiki,lorenz,0.6521598968407479,0.210268770084721
wiki,lorenz,0.6524822695035462,0.21048787613204792
wiki,lorenz,0.6528046421663443,0.2107069821793748
wiki,lorenz,0.6531270148291425,0.21092608822670172
wiki,lorenz,0.6534493874919407,0.21114519427402864
wiki,lorenz,0.6537717601547389,0.21136430032135553
wiki,lorenz,0.654094132817537,0.21158340636868245
wiki,lorenz,0.6544165054803353,0.21180251241600934
wiki,lorenz,0.6547388781431335,0.21202161846333625
wiki,lorenz,0.6550612508059317,0.21224072451066317
wiki,lorenz,0.6553836234687298,0.21245983055799006
wiki,lorenz,0.655705996131528,0.21267893660531698
wiki,lorenz,0.6560283687943262,0.2128980426526439
wiki,lorenz,0.6563507414571245,0.21311714869997078
wiki,lorenz,0.6566731141199227,0.2133362547472977
wiki,lorenz,0.6569954867827208,0.2135553607946246
wiki,lorenz,0.657317859445519,0.2137744668419515
wiki,lorenz,0.6576402321083172,0.21399357288927842
wiki,lorenz,0.6579626047711155,0.2142126789366053
wiki,lorenz,0.6582849774339136,0.21443178498393223
wiki,lorenz,0.6586073500967118,0.21465089103125912
wiki,lorenz,0.65892972275951,0.21486999707858603
wiki,lorenz,0.6592520954223082,0.21508910312591295
wiki,lorenz,0.6595744680851063,0.21530820917323984
wiki,lorenz,0.6598968407479046,0.21552731522056676
wiki,lorenz,0.6602192134107028,0.21574642126789367
wiki,lorenz,0.660541586073501,0.21596552731522056
wiki,lorenz,0.6608639587362991,0.21618463336254748
wiki,lorenz,0.6611863313990973,0.21640373940987437
wiki,lorenz,0.6615087040618955,0.21662284545720129
wiki,lorenz,0.6618310767246938,0.2168419515045282
wiki,lorenz,0.662153449387492,0.2170610575518551
wiki,lorenz,0.6624758220502901,0.217280163599182
wiki,lorenz,0.6627981947130883,0.2174992696465089
wiki,lorenz,0.6631205673758865,0.21771837569383581
wiki,lorenz,0.6634429400386848,0.21793748174116273
wiki,lorenz,0.6637653127014829,0.21815658778848962
wiki,lorenz,0.6640876853642811,0.21837569383581654
wiki,lorenz,0.6644100580270793,0.21859479988314345
wiki,lorenz,0.6647324306898775,0.21881390593047034
wiki,lorenz,0.6650548033526756,0.21903301197779726
wiki,lorenz,0.6653771760154739,0.21925211802512415
wiki,lorenz,0.6656995486782721,0.21947122407245107
wiki,lorenz,0.6660219213410703,0.21969033011977798
wiki,lorenz,0.6663442940038685,0.21990943616710487
wiki,lorenz,0.6666666666666666,0.2201285422144318
wiki,lorenz,0.6669890393294649,0.22034764826175868
wiki,lorenz,0.6673114119922631,0.2205667543090856
wiki,lorenz,0.6676337846550613,0.2207858603564125
wiki,lorenz,0.6679561573178594,0.2210049664037394
wiki,lorenz,0.6682785299806576,0.22122407245106632
wiki,lorenz,0.6686009026434558,0.22144317849839323
wiki,lorenz,0.6689232753062541,0.22166228454572012
wiki,lorenz,0.6692456479690522,0.22188139059304704
wiki,lorenz,0.6695680206318504,0.22210049664037393
wiki,lorenz,0.6698903932946486,0.22231960268770085
wiki,lorenz,0.6702127659574468,0.22253870873502776
wiki,lorenz,0.670535138620245,0.22275781478235465
wiki,lorenz,0.6708575112830432,0.22297692082968157
wiki,lorenz,0.6711798839458414,0.22319602687700849
wiki,lorenz,0.6715022566086396,0.22341513292433537
wiki,lorenz,0.6718246292714378,0.2236342389716623
wiki,lorenz,0.6721470019342359,0.22385334501898918
wiki,lorenz,0.6724693745970342,0.2240724510663161
wiki,lorenz,0.6727917472598324,0.22429155711364301
wiki,lorenz,0.6731141199226306,0.2245106631609699
wiki,lorenz,0.6734364925854287,0.22472976920829682
wiki,lorenz,0.6737588652482269,0.2249488752556237
wiki,lorenz,0.6740812379110251,0.22516798130295063
wiki,lorenz,0.6744036105738234,0.22538708735027754
wiki,lorenz,0.6747259832366216,0.22560619339760443
wiki,lorenz,0.6750483558994197,0.22582529944493135
wiki,lorenz,0.6753707285622179,0.22604440549225827
wiki,lorenz,0.6756931012250161,0.22626351153958515
wiki,lorenz,0.6760154738878144,0.22648261758691207
wiki,lorenz,0.6763378465506125,0.22670172363423896
wiki,lorenz,0.6766602192134107,0.22692082968156588
wiki,lorenz,0.6769825918762089,0.2271399357288928
wiki,lorenz,0.6773049645390071,0.22735904177621968
wiki,lorenz,0.6776273372018052,0.2275781478235466
wiki,lorenz,0.6779497098646035,0.2277972538708735
wiki,lorenz,0.6782720825274017,0.2280163599182004
wiki,lorenz,0.6785944551901999,0.22823546596552732
wiki,lorenz,0.6789168278529981,0.2284545720128542
wiki,lorenz,0.6792392005157962,0.22867367806018113
wiki,lorenz,0.6795615731785944,0.22889278410750805
wiki,lorenz,0.6798839458413927,0.22911189015483494
wiki,lorenz,0.6802063185041909,0.22933099620216185
wiki,lorenz,0.680528691166989,0.22955010224948874
wiki,lorenz,0.6808510638297872,0.22976920829681566
wiki,lorenz,0.6811734364925854,0.22998831434414257
wiki,lorenz,0.6814958091553837,0.23020742039146946
wiki,lorenz,0.6818181818181818,0.23042652643879638
wiki,lorenz,0.68214055448098,0.23064563248612327
wiki,lorenz,0.6824629271437782,0.2308647385334502
wiki,lorenz,0.6827852998065764,0.2310838445807771
wiki,lorenz,0.6831076724693746,0.231302950628104
wiki,lorenz,0.6834300451321728,0.2315220566754309
wiki,lorenz,0.683752417794971,0.23174116272275783
wiki,lorenz,0.6840747904577692,0.23196026877008472
wiki,lorenz,0.6843971631205674,0.23217937481741163
wiki,lorenz,0.6847195357833655,0.23239848086473852
wiki,lorenz,0.6850419084461637,0.23261758691206544
wiki,lorenz,0.685364281108962,0.23283669295939236
wiki,lorenz,0.6856866537717602,0.23305579900671924
wiki,lorenz,0.6860090264345583,0.23327490505404616
wiki,lorenz,0.6863313990973565,0.23349401110137308
wiki,lorenz,0.6866537717601547,0.23371311714869997
wiki,lorenz,0.686976144422953,0.23393222319602688
wiki,lorenz,0.6872985170857512,0.23415132924335377
wiki,lorenz,0.6876208897485493,0.2343704352906807
wiki,lorenz,0.6879432624113475,0.2345895413380076
wiki,lorenz,0.6882656350741457,0.2348086473853345
wiki,lorenz,0.688588007736944,0.2350277534326614
wiki,lorenz,0.6889103803997421,0.2352468594799883
wiki,lorenz,0.6892327530625403,0.23546596552731522
wiki,lorenz,0.6895551257253385,0.23568507157464214
wiki,lorenz,0.6898774983881367,0.23590417762196902
wiki,lorenz,0.6901998710509348,0.23612328366929594
wiki,lorenz,0.690522243713733,0.23634238971662286
wiki,lorenz,0.6908446163765313,0.23656149576394975
wiki,lorenz,0.6911669890393295,0.23678060181127666
wiki,lorenz,0.6914893617021277,0.23699970785860355
wiki,lorenz,0.6918117343649258,0.23721881390593047
wiki,lorenz,0.692134107027724,0.2374379199532574
wiki,lorenz,0.6924564796905223,0.23765702600058428
wiki,lorenz,0.6927788523533205,0.2378761320479112
wiki,lorenz,0.6931012250161186,0.23809523809523808
wiki,lorenz,0.6934235976789168,0.238314344142565
wiki,lorenz,0.693745970341715,0.23853345018989192
wiki,lorenz,0.6940683430045133,0.2387525562372188
wiki,lorenz,0.6943907156673114,0.23897166228454572
wiki,lorenz,0.6947130883301096,0.23919076833187264
wiki,lorenz,0.6950354609929078,0.23940987437919953
wiki,lorenz,0.695357833655706,0.23962898042652644
wiki,lorenz,0.6956802063185042,0.23984808647385333
wiki,lorenz,0.6960025789813024,0.24006719252118025
wiki,lorenz,0.6963249516441006,0.24028629856850717
wiki,lorenz,0.6966473243068988,0.24050540461583406
wiki,lorenz,0.696969696969697,0.24072451066316097
wiki,lorenz,0.6972920696324951,0.24094361671048786
wiki,lorenz,0.6976144422952933,0.24116272275781478
wiki,lorenz,0.6979368149580916,0.2413818288051417
wiki,lorenz,0.6982591876208898,0.24160093485246859
wiki,lorenz,0.6985815602836879,0.2418200408997955
wiki,lorenz,0.6989039329464861,0.24203914694712242
wiki,lorenz,0.6992263056092843,0.2422582529944493
wiki,lorenz,0.6995486782720826,0.24247735904177622
wiki,lorenz,0.6998710509348807,0.24269646508910311
wiki,lorenz,0.7001934235976789,0.24291557113643003
wiki,lorenz,0.7005157962604771,0.24313467718375695
wiki,lorenz,0.7008381689232753,0.24335378323108384
wiki,lorenz,0.7011605415860735,0.24357288927841075
wiki,lorenz,0.7014829142488717,0.24379199532573767
wiki,lorenz,0.7018052869116699,0.24401110137306456
wiki,lorenz,0.7021276595744681,0.24423020742039148
wiki,lorenz,0.7024500322372663,0.24444931346771837
wiki,lorenz,0.7027724049000644,0.24466841951504528
wiki,lorenz,0.7030947775628626,0.2448875255623722
wiki,lorenz,0.7034171502256609,0.2451066316096991
wiki,lorenz,0.7037395228884591,0.245325737657026
wiki,lorenz,0.7040618955512572,0.2455448437043529
wiki,lorenz,0.7043842682140554,0.2457639497516798
wiki,lorenz,0.7047066408768536,0.2460560911481157
wiki,lorenz,0.7050290135396519,0.24634823254455157
wiki,lorenz,0.7053513862024501,0.24664037394098745
wiki,lorenz,0.7056737588652482,0.2469325153374233
wiki,lorenz,0.7059961315280464,0.24722465673385918
wiki,lorenz,0.7063185041908446,0.24751679813029506
wiki,lorenz,0.7066408768536429,0.24780893952673094
wiki,lorenz,0.706963249516441,0.24810108092316682
wiki,lorenz,0.7072856221792392,0.24839322231960267
wiki,lorenz,0.7076079948420374,0.24868536371603855
wiki,lorenz,0.7079303675048356,0.24897750511247443
wiki,lorenz,0.7082527401676337,0.24926964650891031
wiki,lorenz,0.708575112830432,0.2495617879053462
wiki,lorenz,0.7088974854932302,0.24985392930178207
wiki,lorenz,0.7092198581560284,0.2501460706982179
wiki,lorenz,0.7095422308188266,0.25043821209465383
wiki,lorenz,0.7098646034816247,0.2507303534910897
wiki,lorenz,0.7101869761444229,0.25102249488752554
wiki,lorenz,0.7105093488072212,0.25131463628396145
wiki,lorenz,0.7108317214700194,0.2516067776803973
wiki,lorenz,0.7111540941328175,0.2518989190768332
wiki,lorenz,0.7114764667956157,0.25219106047326906
wiki,lorenz,0.7117988394584139,0.2524832018697049
wiki,lorenz,0.7121212121212122,0.2527753432661408
wiki,lorenz,0.7124435847840103,0.25306748466257667
wiki,lorenz,0.7127659574468085,0.2533596260590126
wiki,lorenz,0.7130883301096067,0.25365176745544843
wiki,lorenz,0.7134107027724049,0.25394390885188434
wiki,lorenz,0.7137330754352031,0.2542360502483202
wiki,lorenz,0.7140554480980013,0.25452819164475604
wiki,lorenz,0.7143778207607995,0.25482033304119195
wiki,lorenz,0.7147001934235977,0.2551124744376278
wiki,lorenz,0.7150225660863959,0.2554046158340637
wiki,lorenz,0.715344938749194,0.25569675723049956
wiki,lorenz,0.7156673114119922,0.2559888986269354
wiki,lorenz,0.7159896840747905,0.2562810400233713
wiki,lorenz,0.7163120567375887,0.2565731814198072
wiki,lorenz,0.7166344294003868,0.2568653228162431
wiki,lorenz,0.716956802063185,0.25715746421267893
wiki,lorenz,0.7172791747259832,0.2574496056091148
wiki,lorenz,0.7176015473887815,0.2577417470055507
wiki,lorenz,0.7179239200515797,0.25803388840198654
wiki,lorenz,0.7182462927143778,0.25832602979842245
wiki,lorenz,0.718568665377176,0.2586181711948583
wiki,lorenz,0.7188910380399742,0.2589103125912942
wiki,lorenz,0.7192134107027724,0.25920245398773006
wiki,lorenz,0.7195357833655706,0.2594945953841659
wiki,lorenz,0.7198581560283688,0.2597867367806018
wiki,lorenz,0.720180528691167,0.2600788781770377
wiki,lorenz,0.7205029013539652,0.2603710195734736
wiki,lorenz,0.7208252740167633,0.26066316096990944
wiki,lorenz,0.7211476466795615,0.2609553023663453
wiki,lorenz,0.7214700193423598,0.2612474437627812
wiki,lorenz,0.721792392005158,0.26153958515921705
wiki,lorenz,0.7221147646679562,0.26183172655565295
wiki,lorenz,0.7224371373307543,0.2621238679520888
wiki,lorenz,0.7227595099935525,0.26241600934852466
wiki,lorenz,0.7230818826563508,0.26270815074496057
wiki,lorenz,0.723404255319149,0.2630002921413964
wiki,lorenz,0.7237266279819471,0.2632924335378323
wiki,lorenz,0.7240490006447453,0.2635845749342682
wiki,lorenz,0.7243713733075435,0.2638767163307041
wiki,lorenz,0.7246937459703418,0.26416885772713994
wiki,lorenz,0.7250161186331399,0.2644609991235758
wiki,lorenz,0.7253384912959381,0.2647531405200117
wiki,lorenz,0.7256608639587363,0.26504528191644755
wiki,lorenz,0.7259832366215345,0.26533742331288346
wiki,lorenz,0.7263056092843327,0.2656295647093193
wiki,lorenz,0.7266279819471309,0.26592170610575516
wiki,lorenz,0.7269503546099291,0.26621384750219107
wiki,lorenz,0.7272727272727273,0.2665059888986269
wiki,lorenz,0.7275950999355255,0.26679813029506283
wiki,lorenz,0.7279174725983236,0.2670902716914987
wiki,lorenz,0.7282398452611218,0.26738241308793453
wiki,lorenz,0.7285622179239201,0.26767455448437044
wiki,lorenz,0.7288845905867183,0.2679666958808063
wiki,lorenz,0.7292069632495164,0.2682588372772422
wiki,lorenz,0.7295293359123146,0.26855097867367805
wiki,lorenz,0.7298517085751128,0.26884312007011396
wiki,lorenz,0.730174081237911,0.2691352614665498
wiki,lorenz,0.7304964539007093,0.26942740286298567
wiki,lorenz,0.7308188265635074,0.2697195442594216
wiki,lorenz,0.7311411992263056,0.2700116856558574
wiki,lorenz,0.7314635718891038,0.27030382705229333
wiki,lorenz,0.731785944551902,0.2705959684487292
wiki,lorenz,0.7321083172147002,0.27088810984516504
wiki,lorenz,0.7324306898774984,0.27118025124160094
wiki,lorenz,0.7327530625402966,0.2714723926380368
wiki,lorenz,0.7330754352030948,0.2717645340344727
wiki,lorenz,0.7333978078658929,0.27205667543090856
wiki,lorenz,0.7337201805286911,0.2723488168273444
wiki,lorenz,0.7340425531914894,0.2726409582237803
wiki,lorenz,0.7343649258542876,0.27293309962021617
wiki,lorenz,0.7346872985170857,0.2732252410166521
wiki,lorenz,0.7350096711798839,0.27351738241308793
wiki,lorenz,0.7353320438426821,0.27380952380952384
wiki,lorenz,0.7356544165054804,0.2741016652059597
wiki,lorenz,0.7359767891682786,0.27439380660239554
wiki,lorenz,0.7362991618310767,0.27468594799883145
wiki,lorenz,0.7366215344938749,0.2749780893952673
wiki,lorenz,0.7369439071566731,0.2752702307917032
wiki,lorenz,0.7372662798194713,0.27556237218813906
wiki,lorenz,0.7375886524822695,0.2758545135845749
wiki,lorenz,0.7379110251450677,0.2761466549810108
wiki,lorenz,0.7382333978078659,0.27643879637744667
wiki,lorenz,0.7385557704706641,0.2767309377738826
wiki,lorenz,0.7388781431334622,0.27702307917031843
wiki,lorenz,0.7392005157962604,0.2773152205667543
wiki,lorenz,0.7395228884590587,0.2776073619631902
wiki,lorenz,0.7398452611218569,0.27789950335962604
wiki,lorenz,0.7401676337846551,0.27819164475606195
wiki,lorenz,0.7404900064474532,0.2784837861524978
wiki,lorenz,0.7408123791102514,0.2787759275489337
wiki,lorenz,0.7411347517730497,0.27906806894536956
wiki,lorenz,0.7414571244358479,0.2793602103418054
wiki,lorenz,0.741779497098646,0.2796523517382413
wiki,lorenz,0.7421018697614442,0.2799444931346772
wiki,lorenz,0.7424242424242424,0.2802366345311131
wiki,lorenz,0.7427466150870407,0.28052877592754893
wiki,lorenz,0.7430689877498388,0.2808209173239848
wiki,lorenz,0.743391360412637,0.2811130587204207
wiki,lorenz,0.7437137330754352,0.28140520011685655
wiki,lorenz,0.7440361057382334,0.28169734151329245
wiki,lorenz,0.7443584784010316,0.2819894829097283
wiki,lorenz,0.7446808510638298,0.28228162430616416
wiki,lorenz,0.745003223726628,0.28257376570260007
wiki,lorenz,0.7453255963894262,0.2828659070990359
wiki,lorenz,0.7456479690522244,0.2831580484954718
wiki,lorenz,0.7459703417150225,0.2834501898919077
wiki,lorenz,0.7462927143778207,0.2837423312883436
wiki,lorenz,0.746615087040619,0.28403447268477944
wiki,lorenz,0.7469374597034172,0.2843266140812153
wiki,lorenz,0.7472598323662153,0.2846187554776512
wiki,lorenz,0.7475822050290135,0.28491089687408705
wiki,lorenz,0.7479045776918117,0.28520303827052296
wiki,lorenz,0.74822695035461,0.2854951796669588
wiki,lorenz,0.7485493230174082,0.28578732106339466
wiki,lorenz,0.7488716956802063,0.28607946245983057
wiki,lorenz,0.7491940683430045,0.2863716038562664
wiki,lorenz,0.7495164410058027,0.28666374525270233
wiki,lorenz,0.749838813668601,0.2869558866491382
wiki,lorenz,0.750161186331399,0.28724802804557403
wiki,lorenz,0.7504835589941973,0.28754016944200994
wiki,lorenz,0.7508059316569955,0.2878323108384458
wiki,lorenz,0.7511283043197937,0.2881244522348817
wiki,lorenz,0.7514506769825918,0.28841659363131755
wiki,lorenz,0.75177304964539,0.28870873502775346
wiki,lorenz,0.7520954223081883,0.2890008764241893
wiki,lorenz,0.7524177949709865,0.28929301782062516
wiki,lorenz,0.7527401676337847,0.28958515921706107
wiki,lorenz,0.7530625402965828,0.2898773006134969
wiki,lorenz,0.753384912959381,0.29016944200993283
wiki,lorenz,0.7537072856221793,0.2904615834063687
wiki,lorenz,0.7540296582849775,0.29075372480280454
wiki,lorenz,0.7543520309477756,0.29104586619924044
wiki,lorenz,0.7546744036105738,0.2913380075956763
wiki,lorenz,0.754996776273372,0.2916301489921122
wiki,lorenz,0.7553191489361702,0.29192229038854806
wiki,lorenz,0.7556415215989684,0.2922144317849839
wiki,lorenz,0.7559638942617666,0.2925065731814198
wiki,lorenz,0.7562862669245648,0.29279871457785567
wiki,lorenz,0.756608639587363,0.2930908559742916
wiki,lorenz,0.7569310122501612,0.2933829973707274
wiki,lorenz,0.7572533849129593,0.2936751387671633
wiki,lorenz,0.7575757575757576,0.2939672801635992
wiki,lorenz,0.7578981302385558,0.29425942156003504
wiki,lorenz,0.758220502901354,0.29455156295647095
wiki,lorenz,0.7585428755641521,0.2948437043529068
wiki,lorenz,0.7588652482269503,0.2951358457493427
wiki,lorenz,0.7591876208897486,0.29542798714577856
wiki,lorenz,0.7595099935525468,0.2957201285422144
wiki,lorenz,0.7598323662153449,0.2960122699386503
wiki,lorenz,0.7601547388781431,0.29630441133508617
wiki,lorenz,0.7604771115409413,0.2965965527315221
wiki,lorenz,0.7607994842037396,0.29688869412795793
wiki,lorenz,0.7611218568665378,0.2971808355243938
wiki,lorenz,0.7614442295293359,0.2974729769208297
wiki,lorenz,0.7617666021921341,0.29776511831726554
wiki,lorenz,0.7620889748549323,0.29805725971370145
wiki,lorenz,0.7624113475177305,0.2983494011101373
wiki,lorenz,0.7627337201805287,0.29864154250657315
wiki,lorenz,0.7630560928433269,0.29893368390300906
wiki,lorenz,0.7633784655061251,0.2992258252994449
wiki,lorenz,0.7637008381689233,0.2995179666958808
wiki,lorenz,0.7640232108317214,0.2998101080923167
wiki,lorenz,0.7643455834945196,0.3001022494887526
wiki,lorenz,0.7646679561573179,0.30039439088518843
wiki,lorenz,0.7649903288201161,0.3006865322816243
wiki,lorenz,0.7653127014829143,0.3009786736780602
wiki,lorenz,0.7656350741457124,0.30127081507449605
wiki,lorenz,0.7659574468085106,0.30156295647093195
wiki,lorenz,0.7662798194713089,0.3018550978673678
wiki,lorenz,0.7666021921341071,0.30214723926380366
wiki,lorenz,0.7669245647969052,0.30243938066023957
wiki,lorenz,0.7672469374597034,0.3027315220566754
wiki,lorenz,0.7675693101225016,0.3030966988022203
wiki,lorenz,0.7678916827852998,0.3034618755477651
wiki,lorenz,0.768214055448098,0.30382705229331
wiki,lorenz,0.7685364281108962,0.3041922290388548
wiki,lorenz,0.7688588007736944,0.30455740578439966
wiki,lorenz,0.7691811734364926,0.3049225825299445
wiki,lorenz,0.7695035460992907,0.30528775927548935
wiki,lorenz,0.769825918762089,0.30565293602103416
wiki,lorenz,0.7701482914248872,0.30601811276657903
wiki,lorenz,0.7704706640876854,0.30638328951212385
wiki,lorenz,0.7707930367504836,0.3067484662576687
wiki,lorenz,0.7711154094132817,0.30711364300321353
wiki,lorenz,0.7714377820760799,0.3074788197487584
wiki,lorenz,0.7717601547388782,0.3078439964943032
wiki,lorenz,0.7720825274016764,0.3082091732398481
wiki,lorenz,0.7724049000644745,0.3085743499853929
wiki,lorenz,0.7727272727272727,0.3089395267309378
wiki,lorenz,0.7730496453900709,0.30930470347648265
wiki,lorenz,0.7733720180528691,0.30966988022202746
wiki,lorenz,0.7736943907156673,0.31003505696757233
wiki,lorenz,0.7740167633784655,0.31040023371311715
wiki,lorenz,0.7743391360412637,0.310765410458662
wiki,lorenz,0.7746615087040619,0.31113058720420683
wiki,lorenz,0.7749838813668601,0.3114957639497517
wiki,lorenz,0.7753062540296582,0.3118609406952965
wiki,lorenz,0.7756286266924565,0.3122261174408414
wiki,lorenz,0.7759509993552547,0.3125912941863862
wiki,lorenz,0.7762733720180529,0.3129564709319311
wiki,lorenz,0.776595744680851,0.3133216476774759
wiki,lorenz,0.7769181173436492,0.31368682442302076
wiki,lorenz,0.7772404900064475,0.3140520011685656
wiki,lorenz,0.7775628626692457,0.31441717791411045
wiki,lorenz,0.7778852353320438,0.31478235465965526
wiki,lorenz,0.778207607994842,0.31514753140520013
wiki,lorenz,0.7785299806576402,0.31551270815074495
wiki,lorenz,0.7788523533204385,0.3158778848962898
wiki,lorenz,0.7791747259832367,0.31624306164183463
wiki,lorenz,0.7794970986460348,0.3166082383873795
wiki,lorenz,0.779819471308833,0.3169734151329243
wiki,lorenz,0.7801418439716312,0.3173385918784692
wiki,lorenz,0.7804642166344294,0.317703768624014
wiki,lorenz,0.7807865892972276,0.3180689453695589
wiki,lorenz,0.7811089619600258,0.3184341221151037
wiki,lorenz,0.781431334622824,0.31879929886064856
wiki,lorenz,0.7817537072856222,0.3191644756061934
wiki,lorenz,0.7820760799484203,0.31952965235173825
wiki,lorenz,0.7823984526112185,0.31989482909728306
wiki,lorenz,0.7827208252740168,0.32026000584282793
wiki,lorenz,0.783043197936815,0.32062518258837275
wiki,lorenz,0.7833655705996132,0.3209903593339176
wiki,lorenz,0.7836879432624113,0.32135553607946243
wiki,lorenz,0.7840103159252095,0.3217207128250073
wiki,lorenz,0.7843326885880078,0.3220858895705521
wiki,lorenz,0.784655061250806,0.322451066316097
wiki,lorenz,0.7849774339136041,0.32281624306164186
wiki,lorenz,0.7852998065764023,0.3231814198071867
wiki,lorenz,0.7856221792392005,0.32354659655273155
wiki,lorenz,0.7859445519019987,0.32391177329827636
wiki,lorenz,0.7862669245647969,0.32427695004382123
wiki,lorenz,0.7865892972275951,0.32464212678936605
wiki,lorenz,0.7869116698903933,0.3250073035349109
wiki,lorenz,0.7872340425531915,0.32537248028045573
wiki,lorenz,0.7875564152159897,0.3257376570260006
wiki,lorenz,0.7878787878787878,0.3261028337715454
wiki,lorenz,0.7882011605415861,0.3264680105170903
wiki,lorenz,0.7885235332043843,0.3268331872626351
wiki,lorenz,0.7888459058671825,0.32719836400818
wiki,lorenz,0.7891682785299806,0.3275635407537248
wiki,lorenz,0.7894906511927788,0.32792871749926966
wiki,lorenz,0.7898130238555771,0.3282938942448145
wiki,lorenz,0.7901353965183753,0.32865907099035935
wiki,lorenz,0.7904577691811734,0.32902424773590416
wiki,lorenz,0.7907801418439716,0.32938942448144903
wiki,lorenz,0.7911025145067698,0.32975460122699385
wiki,lorenz,0.791424887169568,0.3301197779725387
wiki,lorenz,0.7917472598323663,0.33048495471808353
wiki,lorenz,0.7920696324951644,0.3308501314636284
wiki,lorenz,0.7923920051579626,0.3312153082091732
wiki,lorenz,0.7927143778207608,0.3315804849547181
wiki,lorenz,0.793036750483559,0.3319456617002629
wiki,lorenz,0.7933591231463571,0.3323108384458078
wiki,lorenz,0.7936814958091554,0.3326760151913526
wiki,lorenz,0.7940038684719536,0.33304119193689746
wiki,lorenz,0.7943262411347518,0.3334063686824423
wiki,lorenz,0.7946486137975499,0.33377154542798715
wiki,lorenz,0.7949709864603481,0.33413672217353196
wiki,lorenz,0.7952933591231464,0.33450189891907683
wiki,lorenz,0.7956157317859446,0.33486707566462165
wiki,lorenz,0.7959381044487428,0.3352322524101665
wiki,lorenz,0.7962604771115409,0.3355974291557114
wiki,lorenz,0.7965828497743391,0.3359626059012562
wiki,lorenz,0.7969052224371374,0.3363277826468011
wiki,lorenz,0.7972275950999356,0.3366929593923459
wiki,lorenz,0.7975499677627337,0.33705813613789076
wiki,lorenz,0.7978723404255319,0.3374233128834356
wiki,lorenz,0.7981947130883301,0.33778848962898045
wiki,lorenz,0.7985170857511283,0.33815366637452526
wiki,lorenz,0.7988394584139265,0.33851884312007013
wiki,lorenz,0.7991618310767247,0.33888401986561495
wiki,lorenz,0.7994842037395229,0.3392491966111598
wiki,lorenz,0.7998065764023211,0.33961437335670464
wiki,lorenz,0.8001289490651193,0.3399795501022495
wiki,lorenz,0.8004513217279174,0.3403447268477943
wiki,lorenz,0.8007736943907157,0.3407099035933392
wiki,lorenz,0.8010960670535139,0.341075080338884
wiki,lorenz,0.8014184397163121,0.3414402570844289
wiki,lorenz,0.8017408123791102,0.3418054338299737
wiki,lorenz,0.8020631850419084,0.34217061057551856
wiki,lorenz,0.8023855577047067,0.3425357873210634
wiki,lorenz,0.8027079303675049,0.34290096406660825
wiki,lorenz,0.803030303030303,0.34326614081215306
wiki,lorenz,0.8033526756931012,0.34363131755769794
wiki,lorenz,0.8036750483558994,0.34399649430324275
wiki,lorenz,0.8039974210186976,0.3443616710487876
wiki,lorenz,0.8043197936814958,0.34472684779433244
wiki,lorenz,0.804642166344294,0.3450920245398773
wiki,lorenz,0.8049645390070922,0.3454572012854221
wiki,lorenz,0.8052869116698904,0.345822378030967
wiki,lorenz,0.8056092843326886,0.3461875547765118
wiki,lorenz,0.8059316569954867,0.3465527315220567
wiki,lorenz,0.806254029658285,0.3469179082676015
wiki,lorenz,0.8065764023210832,0.34728308501314636
wiki,lorenz,0.8068987749838814,0.3476482617586912
wiki,lorenz,0.8072211476466795,0.34801343850423605
wiki,lorenz,0.8075435203094777,0.3483786152497809
wiki,lorenz,0.807865892972276,0.34874379199532574
wiki,lorenz,0.8081882656350742,0.3491089687408706
wiki,lorenz,0.8085106382978723,0.3494741454864154
wiki,lorenz,0.8088330109606705,0.3498393222319603
wiki,lorenz,0.8091553836234687,0.3502044989775051
wiki,lorenz,0.809477756286267,0.35056967572305
wiki,lorenz,0.8098001289490652,0.3509348524685948
wiki,lorenz,0.8101225016118633,0.35130002921413966
wiki,lorenz,0.8104448742746615,0.3516652059596845
wiki,lorenz,0.8107672469374597,0.35203038270522935
wiki,lorenz,0.8110896196002579,0.35239555945077417
wiki,lorenz,0.811411992263056,0.35276073619631904
wiki,lorenz,0.8117343649258543,0.35312591294186385
wiki,lorenz,0.8120567375886525,0.3535641250365177
wiki,lorenz,0.8123791102514507,0.35400233713117146
wiki,lorenz,0.8127014829142488,0.3544405492258253
wiki,lorenz,0.813023855577047,0.35487876132047913
wiki,lorenz,0.8133462282398453,0.3553169734151329
wiki,lorenz,0.8136686009026435,0.35575518550978674
wiki,lorenz,0.8139909735654417,0.3561933976044406
wiki,lorenz,0.8143133462282398,0.35663160969909435
wiki,lorenz,0.814635718891038,0.3570698217937482
wiki,lorenz,0.8149580915538363,0.35750803388840197
wiki,lorenz,0.8152804642166345,0.3579462459830558
wiki,lorenz,0.8156028368794326,0.35838445807770963
wiki,lorenz,0.8159252095422308,0.3588226701723634
wiki,lorenz,0.816247582205029,0.35926088226701725
wiki,lorenz,0.8165699548678272,0.359699094361671
wiki,lorenz,0.8168923275306254,0.36013730645632486
wiki,lorenz,0.8172147001934236,0.3605755185509787
wiki,lorenz,0.8175370728562218,0.36101373064563247
wiki,lorenz,0.81785944551902,0.3614519427402863
wiki,lorenz,0.8181818181818182,0.36189015483494014
wiki,lorenz,0.8185041908446163,0.3623283669295939
wiki,lorenz,0.8188265635074146,0.36276657902424775
wiki,lorenz,0.8191489361702128,0.3632047911189015
wiki,lorenz,0.819471308833011,0.36364300321355536
wiki,lorenz,0.8197936814958091,0.3640812153082092
wiki,lorenz,0.8201160541586073,0.36451942740286297
wiki,lorenz,0.8204384268214056,0.3649576394975168
wiki,lorenz,0.8207607994842038,0.3653958515921706
wiki,lorenz,0.8210831721470019,0.3658340636868244
wiki,lorenz,0.8214055448098001,0.36627227578147825
wiki,lorenz,0.8217279174725983,0.36671048787613203
wiki,lorenz,0.8220502901353965,0.36714869997078586
wiki,lorenz,0.8223726627981948,0.3675869120654397
wiki,lorenz,0.8226950354609929,0.3680251241600935
wiki,lorenz,0.8230174081237911,0.3684633362547473
wiki,lorenz,0.8233397807865893,0.3689015483494011
wiki,lorenz,0.8236621534493875,0.3693397604440549
wiki,lorenz,0.8239845261121856,0.36977797253870875
wiki,lorenz,0.8243068987749839,0.37021618463336253
wiki,lorenz,0.8246292714377821,0.37065439672801637
wiki,lorenz,0.8249516441005803,0.37109260882267014
wiki,lorenz,0.8252740167633784,0.371530820917324
wiki,lorenz,0.8255963894261766,0.3719690330119778
wiki,lorenz,0.8259187620889749,0.3724072451066316
wiki,lorenz,0.8262411347517731,0.3728454572012854
wiki,lorenz,0.8265635074145713,0.37328366929593926
wiki,lorenz,0.8268858800773694,0.37372188139059304
wiki,lorenz,0.8272082527401676,0.37416009348524687
wiki,lorenz,0.8275306254029658,0.37459830557990065
wiki,lorenz,0.8278529980657641,0.3750365176745545
wiki,lorenz,0.8281753707285622,0.3754747297692083
wiki,lorenz,0.8284977433913604,0.3759129418638621
wiki,lorenz,0.8288201160541586,0.3763511539585159
wiki,lorenz,0.8291424887169568,0.37678936605316976
wiki,lorenz,0.829464861379755,0.37722757814782354
wiki,lorenz,0.8297872340425532,0.3776657902424774
wiki,lorenz,0.8301096067053514,0.37810400233713115
wiki,lorenz,0.8304319793681496,0.378542214431785
wiki,lorenz,0.8307543520309478,0.3789804265264388
wiki,lorenz,0.8310767246937459,0.3794186386210926
wiki,lorenz,0.8313990973565442,0.37985685071574643
wiki,lorenz,0.8317214700193424,0.3802950628104002
wiki,lorenz,0.8320438426821406,0.38073327490505404
wiki,lorenz,0.8323662153449387,0.3811714869997079
wiki,lorenz,0.8326885880077369,0.38160969909436165
wiki,lorenz,0.8330109606705351,0.3820479111890155
wiki,lorenz,0.8333333333333334,0.3824861232836693
wiki,lorenz,0.8336557059961315,0.3829243353783231
wiki,lorenz,0.8339780786589297,0.38336254747297693
wiki,lorenz,0.8343004513217279,0.3838007595676307
wiki,lorenz,0.8346228239845261,0.38423897166228455
wiki,lorenz,0.8349451966473244,0.3846771837569384
wiki,lorenz,0.8352675693101225,0.38511539585159216
wiki,lorenz,0.8355899419729207,0.385553607946246
wiki,lorenz,0.8359123146357189,0.38599182004089977
wiki,lorenz,0.8362346872985171,0.3864300321355536
wiki,lorenz,0.8365570599613152,0.38686824423020744
wiki,lorenz,0.8368794326241135,0.3873064563248612
wiki,lorenz,0.8372018052869117,0.38774466841951505
wiki,lorenz,0.8375241779497099,0.3881828805141689
wiki,lorenz,0.837846550612508,0.38862109260882266
wiki,lorenz,0.8381689232753062,0.3890593047034765
wiki,lorenz,0.8384912959381045,0.38949751679813027
wiki,lorenz,0.8388136686009027,0.3899357288927841
wiki,lorenz,0.8391360412637009,0.39037394098743794
wiki,lorenz,0.839458413926499,0.3908121530820917
wiki,lorenz,0.8397807865892972,0.39125036517674555
wiki,lorenz,0.8401031592520954,0.39168857727139933
wiki,lorenz,0.8404255319148937,0.39212678936605316
wiki,lorenz,0.8407479045776918,0.392565001460707
wiki,lorenz,0.84107027724049,0.3930032135553608
wiki,lorenz,0.8413926499032882,0.3934414256500146
wiki,lorenz,0.8417150225660864,0.39387963774466844
wiki,lorenz,0.8420373952288845,0.3943178498393222
wiki,lorenz,0.8423597678916828,0.39475606193397605
wiki,lorenz,0.842682140554481,0.39519427402862983
wiki,lorenz,0.8430045132172792,0.39563248612328367
wiki,lorenz,0.8433268858800773,0.3960706982179375
wiki,lorenz,0.8436492585428755,0.3965089103125913
wiki,lorenz,0.8439716312056738,0.3969471224072451
wiki,lorenz,0.844294003868472,0.39738533450189895
wiki,lorenz,0.8446163765312702,0.3978235465965527
wiki,lorenz,0.8449387491940683,0.39826175869120656
wiki,lorenz,0.8452611218568665,0.39869997078586034
wiki,lorenz,0.8455834945196647,0.39913818288051417
wiki,lorenz,0.845905867182463,0.399576394975168
wiki,lorenz,0.8462282398452611,0.4000146070698218
wiki,lorenz,0.8465506125080593,0.4004528191644756
wiki,lorenz,0.8468729851708575,0.4008910312591294
wiki,lorenz,0.8471953578336557,0.4014022787028922
wiki,lorenz,0.8475177304964538,0.401913526146655
wiki,lorenz,0.8478401031592521,0.4024247735904178
wiki,lorenz,0.8481624758220503,0.4029360210341805
wiki,lorenz,0.8484848484848485,0.4034472684779433
wiki,lorenz,0.8488072211476467,0.4039585159217061
wiki,lorenz,0.8491295938104448,0.40446976336546886
wiki,lorenz,0.8494519664732431,0.40498101080923166
wiki,lorenz,0.8497743391360413,0.40549225825299445
wiki,lorenz,0.8500967117988395,0.40600350569675725
wiki,lorenz,0.8504190844616376,0.40651475314052
wiki,lorenz,0.8507414571244358,0.4070260005842828
wiki,lorenz,0.851063829787234,0.4075372480280456
wiki,lorenz,0.8513862024500323,0.4080484954718084
wiki,lorenz,0.8517085751128304,0.4085597429155711
wiki,lorenz,0.8520309477756286,0.4090709903593339
wiki,lorenz,0.8523533204384268,0.4095822378030967
wiki,lorenz,0.852675693101225,0.41009348524685946
wiki,lorenz,0.8529980657640233,0.41060473269062225
wiki,lorenz,0.8533204384268214,0.41111598013438505
wiki,lorenz,0.8536428110896196,0.41162722757814785
wiki,lorenz,0.8539651837524178,0.4121384750219106
wiki,lorenz,0.854287556415216,0.4126497224656734
wiki,lorenz,0.8546099290780141,0.4131609699094362
wiki,lorenz,0.8549323017408124,0.4136722173531989
wiki,lorenz,0.8552546744036106,0.4141834647969617
wiki,lorenz,0.8555770470664088,0.4146947122407245
wiki,lorenz,0.8558994197292069,0.4152059596844873
wiki,lorenz,0.8562217923920051,0.41571720712825005
wiki,lorenz,0.8565441650548034,0.41622845457201285
wiki,lorenz,0.8568665377176016,0.41673970201577565
wiki,lorenz,0.8571889103803998,0.4172509494595384
wiki,lorenz,0.8575112830431979,0.4177621969033012
wiki,lorenz,0.8578336557059961,0.418273444347064
wiki,lorenz,0.8581560283687943,0.4187846917908268
wiki,lorenz,0.8584784010315926,0.4192959392345895
wiki,lorenz,0.8588007736943907,0.4198071866783523
wiki,lorenz,0.8591231463571889,0.4203184341221151
wiki,lorenz,0.8594455190199871,0.4208296815658779
wiki,lorenz,0.8597678916827853,0.42134092900964065
wiki,lorenz,0.8600902643455834,0.42185217645340345
wiki,lorenz,0.8604126370083817,0.42236342389716625
wiki,lorenz,0.8607350096711799,0.422874671340929
wiki,lorenz,0.8610573823339781,0.4233859187846918
wiki,lorenz,0.8613797549967763,0.4238971662284546
wiki,lorenz,0.8617021276595744,0.4244084136722174
wiki,lorenz,0.8620245003223727,0.4249196611159801
wiki,lorenz,0.8623468729851709,0.4254309085597429
wiki,lorenz,0.8626692456479691,0.4259421560035057
wiki,lorenz,0.8629916183107672,0.42645340344726845
wiki,lorenz,0.8633139909735654,0.42696465089103125
wiki,lorenz,0.8636363636363636,0.42747589833479405
wiki,lorenz,0.8639587362991619,0.42798714577855684
wiki,lorenz,0.86428110896196,0.4284983932223196
wiki,lorenz,0.8646034816247582,0.4290096406660824
wiki,lorenz,0.8649258542875564,0.4295208881098452
wiki,lorenz,0.8652482269503546,0.4300321355536079
wiki,lorenz,0.8655705996131529,0.4305433829973707
wiki,lorenz,0.865892972275951,0.4310546304411335
wiki,lorenz,0.8662153449387492,0.4315658778848963
wiki,lorenz,0.8665377176015474,0.43207712532865905
wiki,lorenz,0.8668600902643456,0.43258837277242185
wiki,lorenz,0.8671824629271437,0.43309962021618464
wiki,lorenz,0.867504835589942,0.43361086765994744
wiki,lorenz,0.8678272082527402,0.4341221151037102
wiki,lorenz,0.8681495809155384,0.434633362547473
wiki,lorenz,0.8684719535783365,0.4351446099912358
wiki,lorenz,0.8687943262411347,0.4356558574349985
wiki,lorenz,0.869116698903933,0.4361671048787613
wiki,lorenz,0.8694390715667312,0.4366783523225241
wiki,lorenz,0.8697614442295294,0.4371895997662869
wiki,lorenz,0.8700838168923275,0.43770084721004965
wiki,lorenz,0.8704061895551257,0.43821209465381245
wiki,lorenz,0.8707285622179239,0.43872334209757524
wiki,lorenz,0.8710509348807222,0.439234589541338
wiki,lorenz,0.8713733075435203,0.4397458369851008
wiki,lorenz,0.8716956802063185,0.4402570844288636
wiki,lorenz,0.8720180528691167,0.4407683318726264
wiki,lorenz,0.8723404255319149,0.4413526146654981
wiki,lorenz,0.872662798194713,0.44193689745836984
wiki,lorenz,0.8729851708575113,0.4425211802512416
wiki,lorenz,0.8733075435203095,0.44310546304411336
wiki,lorenz,0.8736299161831077,0.4436897458369851
wiki,lorenz,0.8739522888459059,0.4442740286298569
wiki,lorenz,0.874274661508704,0.4448583114227286
wiki,lorenz,0.8745970341715023,0.44544259421560034
wiki,lorenz,0.8749194068343005,0.4460268770084721
wiki,lorenz,0.8752417794970987,0.44661115980134386
wiki,lorenz,0.8755641521598968,0.4471954425942156
wiki,lorenz,0.875886524822695,0.4477797253870873
wiki,lorenz,0.8762088974854932,0.4483640081799591
wiki,lorenz,0.8765312701482915,0.44894829097283084
wiki,lorenz,0.8768536428110896,0.4495325737657026
wiki,lorenz,0.8771760154738878,0.45011685655857436
wiki,lorenz,0.877498388136686,0.4507011393514461
wiki,lorenz,0.8778207607994842,0.4512854221443178
wiki,lorenz,0.8781431334622823,0.4518697049371896
wiki,lorenz,0.8784655061250806,0.45245398773006135
wiki,lorenz,0.8787878787878788,0.4530382705229331
wiki,lorenz,0.879110251450677,0.45362255331580487
wiki,lorenz,0.8794326241134752,0.4542068361086766
wiki,lorenz,0.8797549967762733,0.45479111890154833
wiki,lorenz,0.8800773694390716,0.4553754016944201
wiki,lorenz,0.8803997421018698,0.45595968448729185
wiki,lorenz,0.880722114764668,0.4565439672801636
wiki,lorenz,0.8810444874274661,0.45712825007303537
wiki,lorenz,0.8813668600902643,0.4577125328659071
wiki,lorenz,0.8816892327530625,0.45829681565877883
wiki,lorenz,0.8820116054158608,0.4588810984516506
wiki,lorenz,0.8823339780786589,0.45946538124452235
wiki,lorenz,0.8826563507414571,0.4600496640373941
wiki,lorenz,0.8829787234042553,0.4606339468302659
wiki,lorenz,0.8833010960670535,0.4612182296231376
wiki,lorenz,0.8836234687298518,0.46180251241600934
wiki,lorenz,0.8839458413926499,0.4623867952088811
wiki,lorenz,0.8842682140554481,0.46297107800175286
wiki,lorenz,0.8845905867182463,0.4635553607946246
wiki,lorenz,0.8849129593810445,0.4641396435874964
wiki,lorenz,0.8852353320438426,0.4647239263803681
wiki,lorenz,0.8855577047066409,0.46530820917323984
wiki,lorenz,0.8858800773694391,0.4658924919661116
wiki,lorenz,0.8862024500322373,0.46647677475898336
wiki,lorenz,0.8865248226950354,0.4670610575518551
wiki,lorenz,0.8868471953578336,0.4676453403447268
wiki,lorenz,0.8871695680206318,0.4682296231375986
wiki,lorenz,0.8874919406834301,0.46881390593047034
wiki,lorenz,0.8878143133462283,0.4693981887233421
wiki,lorenz,0.8881366860090264,0.46998247151621386
wiki,lorenz,0.8884590586718246,0.4705667543090856
wiki,lorenz,0.8887814313346228,0.4711510371019573
wiki,lorenz,0.8891038039974211,0.4717353198948291
wiki,lorenz,0.8894261766602192,0.47231960268770085
wiki,lorenz,0.8897485493230174,0.4729038854805726
wiki,lorenz,0.8900709219858156,0.47348816827344437
wiki,lorenz,0.8903932946486138,0.47407245106631607
wiki,lorenz,0.8907156673114119,0.47465673385918783
wiki,lorenz,0.8910380399742102,0.4752410166520596
wiki,lorenz,0.8913604126370084,0.47582529944493135
wiki,lorenz,0.8916827852998066,0.4764095822378031
wiki,lorenz,0.8920051579626048,0.47699386503067487
wiki,lorenz,0.8923275306254029,0.4775781478235466
wiki,lorenz,0.8926499032882012,0.47816243061641833
wiki,lorenz,0.8929722759509994,0.4787467134092901
wiki,lorenz,0.8932946486137976,0.47933099620216185
wiki,lorenz,0.8936170212765957,0.4799152789950336
wiki,lorenz,0.8939393939393939,0.48049956178790537
wiki,lorenz,0.8942617666021921,0.4810838445807771
wiki,lorenz,0.8945841392649904,0.48166812737364884
wiki,lorenz,0.8949065119277885,0.48232544551562956
wiki,lorenz,0.8952288845905867,0.4829827636576103
wiki,lorenz,0.8955512572533849,0.483640081799591
wiki,lorenz,0.8958736299161831,0.4842973999415717
wiki,lorenz,0.8961960025789814,0.48495471808355245
wiki,lorenz,0.8965183752417795,0.4856120362255332
wiki,lorenz,0.8968407479045777,0.4862693543675139
wiki,lorenz,0.8971631205673759,0.4869266725094946
wiki,lorenz,0.8974854932301741,0.48758399065147534
wiki,lorenz,0.8978078658929722,0.488241308793456
wiki,lorenz,0.8981302385557705,0.48889862693543673
wiki,lorenz,0.8984526112185687,0.48955594507741745
wiki,lorenz,0.8987749838813669,0.4902132632193982
wiki,lorenz,0.899097356544165,0.4908705813613789
wiki,lorenz,0.8994197292069632,0.4915278995033596
wiki,lorenz,0.8997421018697614,0.49218521764534034
wiki,lorenz,0.9000644745325597,0.49284253578732107
wiki,lorenz,0.9003868471953579,0.4934998539293018
wiki,lorenz,0.900709219858156,0.4941571720712825
wiki,lorenz,0.9010315925209542,0.49481449021326324
wiki,lorenz,0.9013539651837524,0.49547180835524396
wiki,lorenz,0.9016763378465507,0.4961291264972247
wiki,lorenz,0.9019987105093488,0.49678644463920535
wiki,lorenz,0.902321083172147,0.49744376278118607
wiki,lorenz,0.9026434558349452,0.4981010809231668
wiki,lorenz,0.9029658284977434,0.4987583990651475
wiki,lorenz,0.9032882011605415,0.49941571720712824
wiki,lorenz,0.9036105738233398,0.500073035349109
wiki,lorenz,0.903932946486138,0.5007303534910897
wiki,lorenz,0.9042553191489362,0.5013876716330704
wiki,lorenz,0.9045776918117344,0.5020449897750511
wiki,lorenz,0.9049000644745325,0.5027023079170319
wiki,lorenz,0.9052224371373307,0.5033596260590125
wiki,lorenz,0.905544809800129,0.5040169442009933
wiki,lorenz,0.9058671824629272,0.504674262342974
wiki,lorenz,0.9061895551257253,0.5053315804849547
wiki,lorenz,0.9065119277885235,0.5059888986269354
wiki,lorenz,0.9068343004513217,0.5066462167689162
wiki,lorenz,0.90715667311412,0.5073035349108969
wiki,lorenz,0.9074790457769181,0.5079608530528776
wiki,lorenz,0.9078014184397163,0.5086181711948583
wiki,lorenz,0.9081237911025145,0.5092754893368391
wiki,lorenz,0.9084461637653127,0.5099328074788197
wiki,lorenz,0.908768536428111,0.5105901256208004
wiki,lorenz,0.9090909090909091,0.5112474437627812
wiki,lorenz,0.9094132817537073,0.5119047619047619
wiki,lorenz,0.9097356544165055,0.5125620800467426
wiki,lorenz,0.9100580270793037,0.5132193981887233
wiki,lorenz,0.9103803997421018,0.5138767163307041
wiki,lorenz,0.9107027724049,0.5145340344726848
wiki,lorenz,0.9110251450676983,0.5151913526146655
wiki,lorenz,0.9113475177304965,0.5158486707566462
wiki,lorenz,0.9116698903932946,0.516505988898627
wiki,lorenz,0.9119922630560928,0.5171633070406076
wiki,lorenz,0.912314635718891,0.5178936605316974
wiki,lorenz,0.9126370083816893,0.518624014022787
wiki,lorenz,0.9129593810444874,0.5193543675138768
wiki,lorenz,0.9132817537072856,0.5200847210049664
wiki,lorenz,0.9136041263700838,0.5208150744960561
wiki,lorenz,0.913926499032882,0.5215454279871458
wiki,lorenz,0.9142488716956803,0.5222757814782355
wiki,lorenz,0.9145712443584784,0.5230061349693251
wiki,lorenz,0.9148936170212766,0.5237364884604149
wiki,lorenz,0.9152159896840748,0.5244668419515045
wiki,lorenz,0.915538362346873,0.5251971954425942
wiki,lorenz,0.9158607350096711,0.5259275489336839
wiki,lorenz,0.9161831076724694,0.5266579024247736
wiki,lorenz,0.9165054803352676,0.5273882559158632
wiki,lorenz,0.9168278529980658,0.528118609406953
wiki,lorenz,0.9171502256608639,0.5288489628980426
wiki,lorenz,0.9174725983236621,0.5295793163891324
wiki,lorenz,0.9177949709864603,0.530309669880222
wiki,lorenz,0.9181173436492586,0.5310400233713117
wiki,lorenz,0.9184397163120568,0.5317703768624014
wiki,lorenz,0.9187620889748549,0.5325007303534911
wiki,lorenz,0.9190844616376531,0.5332310838445807
wiki,lorenz,0.9194068343004513,0.5339614373356705
wiki,lorenz,0.9197292069632496,0.5346917908267601
wiki,lorenz,0.9200515796260477,0.5354221443178498
wiki,lorenz,0.9203739522888459,0.5361524978089395
wiki,lorenz,0.9206963249516441,0.5368828513000292
wiki,lorenz,0.9210186976144423,0.5376132047911188
wiki,lorenz,0.9213410702772404,0.5383435582822086
wiki,lorenz,0.9216634429400387,0.5390739117732983
wiki,lorenz,0.9219858156028369,0.539804265264388
wiki,lorenz,0.9223081882656351,0.5405346187554777
wiki,lorenz,0.9226305609284333,0.5412649722465673
wiki,lorenz,0.9229529335912314,0.5419953257376571
wiki,lorenz,0.9232753062540296,0.5427256792287467
wiki,lorenz,0.9235976789168279,0.5434560327198364
wiki,lorenz,0.9239200515796261,0.5441863862109261
wiki,lorenz,0.9242424242424242,0.5449167397020158
wiki,lorenz,0.9245647969052224,0.5457201285422144
wiki,lorenz,0.9248871695680206,0.5465235173824131
wiki,lorenz,0.9252095422308189,0.5473269062226117
wiki,lorenz,0.925531914893617,0.5481302950628104
wiki,lorenz,0.9258542875564152,0.548933683903009
wiki,lorenz,0.9261766602192134,0.5497370727432077
wiki,lorenz,0.9264990328820116,0.5505404615834064
wiki,lorenz,0.9268214055448099,0.551343850423605
wiki,lorenz,0.927143778207608,0.5521472392638037
wiki,lorenz,0.9274661508704062,0.5529506281040023
wiki,lorenz,0.9277885235332044,0.553754016944201
wiki,lorenz,0.9281108961960026,0.5545574057843996
wiki,lorenz,0.9284332688588007,0.5553607946245983
wiki,lorenz,0.928755641521599,0.556164183464797
wiki,lorenz,0.9290780141843972,0.5569675723049956
wiki,lorenz,0.9294003868471954,0.5577709611451943
wiki,lorenz,0.9297227595099935,0.5585743499853929
wiki,lorenz,0.9300451321727917,0.5593777388255916
wiki,lorenz,0.9303675048355899,0.5601811276657902
wiki,lorenz,0.9306898774983882,0.5609845165059889
wiki,lorenz,0.9310122501611864,0.5617879053461875
wiki,lorenz,0.9313346228239845,0.5625912941863862
wiki,lorenz,0.9316569954867827,0.5633946830265849
wiki,lorenz,0.9319793681495809,0.5641980718667835
wiki,lorenz,0.9323017408123792,0.5650014607069822
wiki,lorenz,0.9326241134751773,0.5658778848962898
wiki,lorenz,0.9329464861379755,0.5667543090855974
wiki,lorenz,0.9332688588007737,0.5676307332749051
wiki,lorenz,0.9335912314635719,0.5685071574642127
wiki,lorenz,0.93391360412637,0.5693835816535203
wiki,lorenz,0.9342359767891683,0.5702600058428279
wiki,lorenz,0.9345583494519665,0.5711364300321355
wiki,lorenz,0.9348807221147647,0.5720128542214432
wiki,lorenz,0.9352030947775629,0.5728892784107508
wiki,lorenz,0.935525467440361,0.5737657026000584
wiki,lorenz,0.9358478401031592,0.5746421267893661
wiki,lorenz,0.9361702127659575,0.5755185509786737
wiki,lorenz,0.9364925854287557,0.5763949751679813
wiki,lorenz,0.9368149580915538,0.5772713993572889
wiki,lorenz,0.937137330754352,0.5781478235465966
wiki,lorenz,0.9374597034171502,0.5790242477359042
wiki,lorenz,0.9377820760799485,0.5799006719252118
wiki,lorenz,0.9381044487427466,0.5807770961145194
wiki,lorenz,0.9384268214055448,0.581653520303827
wiki,lorenz,0.938749194068343,0.5825299444931347
wiki,lorenz,0.9390715667311412,0.5834063686824423
wiki,lorenz,0.9393939393939394,0.5843558282208589
wiki,lorenz,0.9397163120567376,0.5853052877592755
wiki,lorenz,0.9400386847195358,0.5862547472976921
wiki,lorenz,0.940361057382334,0.5872042068361086
wiki,lorenz,0.9406834300451322,0.5881536663745253
wiki,lorenz,0.9410058027079303,0.5891031259129419
wiki,lorenz,0.9413281753707285,0.5900525854513584
wiki,lorenz,0.9416505480335268,0.591002044989775
wiki,lorenz,0.941972920696325,0.5919515045281917
wiki,lorenz,0.9422952933591231,0.5929009640666082
wiki,lorenz,0.9426176660219213,0.5938504236050248
wiki,lorenz,0.9429400386847195,0.5947998831434415
wiki,lorenz,0.9432624113475178,0.595749342681858
wiki,lorenz,0.943584784010316,0.5966988022202746
wiki,lorenz,0.9439071566731141,0.5977212971078002
wiki,lorenz,0.9442295293359123,0.5987437919953258
wiki,lorenz,0.9445519019987105,0.5997662868828513
wiki,lorenz,0.9448742746615088,0.6007887817703769
wiki,lorenz,0.9451966473243069,0.6018112766579025
wiki,lorenz,0.9455190199871051,0.6028337715454279
wiki,lorenz,0.9458413926499033,0.6038562664329535
wiki,lorenz,0.9461637653127015,0.6048787613204791
wiki,lorenz,0.9464861379754996,0.6059012562080047
wiki,lorenz,0.9468085106382979,0.6069237510955302
wiki,lorenz,0.9471308833010961,0.6079462459830558
wiki,lorenz,0.9474532559638943,0.6089687408705814
wiki,lorenz,0.9477756286266924,0.6099912357581069
wiki,lorenz,0.9480980012894906,0.6110137306456325
wiki,lorenz,0.9484203739522888,0.6120362255331581
wiki,lorenz,0.9487427466150871,0.6130587204206837
wiki,lorenz,0.9490651192778853,0.6140812153082091
wiki,lorenz,0.9493874919406834,0.6151037101957347
wiki,lorenz,0.9497098646034816,0.6161262050832603
wiki,lorenz,0.9500322372662798,0.6171486999707858
wiki,lorenz,0.950354609929078,0.6181711948583114
wiki,lorenz,0.9506769825918762,0.619266725094946
wiki,lorenz,0.9509993552546744,0.6203622553315805
wiki,lorenz,0.9513217279174726,0.6214577855682151
wiki,lorenz,0.9516441005802708,0.6225533158048495
wiki,lorenz,0.9519664732430689,0.6236488460414841
wiki,lorenz,0.9522888459058672,0.6247443762781186
wiki,lorenz,0.9526112185686654,0.6258399065147532
wiki,lorenz,0.9529335912314636,0.6269354367513876
wiki,lorenz,0.9532559638942618,0.6280309669880222
wiki,lorenz,0.9535783365570599,0.6291264972246567
wiki,lorenz,0.9539007092198581,0.6302220274612913
wiki,lorenz,0.9542230818826564,0.6313175576979257
wiki,lorenz,0.9545454545454546,0.6324130879345603
wiki,lorenz,0.9548678272082527,0.6335086181711949
wiki,lorenz,0.9551901998710509,0.6346041484078294
wiki,lorenz,0.9555125725338491,0.635699678644464
wiki,lorenz,0.9558349451966474,0.6367952088810984
wiki,lorenz,0.9561573178594455,0.637890739117733
wiki,lorenz,0.9564796905222437,0.6390593047034765
wiki,lorenz,0.9568020631850419,0.64022787028922
wiki,lorenz,0.9571244358478401,0.6413964358749635
wiki,lorenz,0.9574468085106383,0.6425650014607069
wiki,lorenz,0.9577691811734365,0.6437335670464505
wiki,lorenz,0.9580915538362347,0.644902132632194
wiki,lorenz,0.9584139264990329,0.6460706982179375
wiki,lorenz,0.9587362991618311,0.647239263803681
wiki,lorenz,0.9590586718246292,0.6484078293894244
wiki,lorenz,0.9593810444874274,0.649576394975168
wiki,lorenz,0.9597034171502257,0.6508179959100204
wiki,lorenz,0.9600257898130239,0.6520595968448729
wiki,lorenz,0.960348162475822,0.6533011977797254
wiki,lorenz,0.9606705351386202,0.6545427987145779
wiki,lorenz,0.9609929078014184,0.6557843996494304
wiki,lorenz,0.9613152804642167,0.6570260005842828
wiki,lorenz,0.9616376531270149,0.6582676015191352
wiki,lorenz,0.961960025789813,0.6595092024539877
wiki,lorenz,0.9622823984526112,0.6607508033888402
wiki,lorenz,0.9626047711154094,0.6619924043236927
wiki,lorenz,0.9629271437782077,0.6632340052585451
wiki,lorenz,0.9632495164410058,0.6644756061933976
wiki,lorenz,0.963571889103804,0.6657172071282501
wiki,lorenz,0.9638942617666022,0.6670318434122116
wiki,lorenz,0.9642166344294004,0.668346479696173
wiki,lorenz,0.9645390070921985,0.6696611159801343
wiki,lorenz,0.9648613797549968,0.6709757522640958
wiki,lorenz,0.965183752417795,0.6722903885480572
wiki,lorenz,0.9655061250805932,0.6736050248320187
wiki,lorenz,0.9658284977433914,0.6749196611159801
wiki,lorenz,0.9661508704061895,0.6762342973999416
wiki,lorenz,0.9664732430689877,0.677621969033012
wiki,lorenz,0.966795615731786,0.6790096406660824
wiki,lorenz,0.9671179883945842,0.6803973122991528
wiki,lorenz,0.9674403610573823,0.6817849839322232
wiki,lorenz,0.9677627337201805,0.6831726555652936
wiki,lorenz,0.9680851063829787,0.684560327198364
wiki,lorenz,0.968407479045777,0.6859479988314344
wiki,lorenz,0.9687298517085751,0.6873356704645048
wiki,lorenz,0.9690522243713733,0.6887963774466842
wiki,lorenz,0.9693745970341715,0.6902570844288636
wiki,lorenz,0.9696969696969697,0.691717791411043
wiki,lorenz,0.9700193423597679,0.6931784983932223
wiki,lorenz,0.970341715022566,0.6946392053754017
wiki,lorenz,0.9706640876853643,0.6960999123575811
wiki,lorenz,0.9709864603481625,0.6975606193397604
wiki,lorenz,0.9713088330109607,0.6990213263219398
wiki,lorenz,0.9716312056737588,0.7004820333041192
wiki,lorenz,0.971953578336557,0.7019427402862985
wiki,lorenz,0.9722759509993553,0.7034764826175869
wiki,lorenz,0.9725983236621535,0.7050102249488752
wiki,lorenz,0.9729206963249516,0.7065439672801636
wiki,lorenz,0.9732430689877498,0.7080777096114519
wiki,lorenz,0.973565441650548,0.7096844872918493
wiki,lorenz,0.9738878143133463,0.7112912649722466
wiki,lorenz,0.9742101869761445,0.7128980426526439
wiki,lorenz,0.9745325596389426,0.7145048203330412
wiki,lorenz,0.9748549323017408,0.7161115980134385
wiki,lorenz,0.975177304964539,0.7177183756938358
wiki,lorenz,0.9754996776273372,0.7193251533742331
wiki,lorenz,0.9758220502901354,0.7209319310546305
wiki,lorenz,0.9761444229529336,0.7226117440841368
wiki,lorenz,0.9764667956157318,0.724291557113643
wiki,lorenz,0.97678916827853,0.7259713701431493
wiki,lorenz,0.9771115409413281,0.7276511831726555
wiki,lorenz,0.9774339136041263,0.7294040315512709
wiki,lorenz,0.9777562862669246,0.7311568799298861
wiki,lorenz,0.9780786589297228,0.7330557990067192
wiki,lorenz,0.978401031592521,0.7349547180835524
wiki,lorenz,0.9787234042553191,0.7368536371603857
wiki,lorenz,0.9790457769181173,0.7387525562372188
wiki,lorenz,0.9793681495809156,0.740651475314052
wiki,lorenz,0.9796905222437138,0.7426234297399942
wiki,lorenz,0.9800128949065119,0.7445953841659363
wiki,lorenz,0.9803352675693101,0.7465673385918785
wiki,lorenz,0.9806576402321083,0.7485392930178206
wiki,lorenz,0.9809800128949066,0.7505112474437627
wiki,lorenz,0.9813023855577047,0.7525562372188139
wiki,lorenz,0.9816247582205029,0.754601226993865
wiki,lorenz,0.9819471308833011,0.7566462167689162
wiki,lorenz,0.9822695035460993,0.7586912065439673
wiki,lorenz,0.9825918762088974,0.7607361963190185
wiki,lorenz,0.9829142488716957,0.7627811860940695
wiki,lorenz,0.9832366215344939,0.7649722465673386
wiki,lorenz,0.9835589941972921,0.7671633070406076
wiki,lorenz,0.9838813668600903,0.7693543675138768
wiki,lorenz,0.9842037395228884,0.7716184633362547
wiki,lorenz,0.9845261121856866,0.7738825591586328
wiki,lorenz,0.9848484848484849,0.7761466549810108
wiki,lorenz,0.9851708575112831,0.7784107508033888
wiki,lorenz,0.9854932301740812,0.7807478819748759
wiki,lorenz,0.9858156028368794,0.7830850131463628
wiki,lorenz,0.9861379754996776,0.7854221443178498
wiki,lorenz,0.9864603481624759,0.7877592754893369
wiki,lorenz,0.986782720825274,0.7900964066608238
wiki,lorenz,0.9871050934880722,0.7925065731814198
wiki,lorenz,0.9874274661508704,0.7949897750511248
wiki,lorenz,0.9877498388136686,0.7974729769208296
wiki,lorenz,0.9880722114764668,0.8000292141396436
wiki,lorenz,0.988394584139265,0.8025854513584575
wiki,lorenz,0.9887169568020632,0.8052147239263804
wiki,lorenz,0.9890393294648614,0.8078439964943033
wiki,lorenz,0.9893617021276596,0.8104732690622262
wiki,lorenz,0.9896840747904577,0.813102541630149
wiki,lorenz,0.9900064474532559,0.8157318141980718
wiki,lorenz,0.9903288201160542,0.8185801928133216
wiki,lorenz,0.9906511927788524,0.8214285714285714
wiki,lorenz,0.9909735654416505,0.8242769500438212
wiki,lorenz,0.9912959381044487,0.8272713993572889
wiki,lorenz,0.9916183107672469,0.8302658486707567
wiki,lorenz,0.9919406834300452,0.8334063686824423
wiki,lorenz,0.9922630560928434,0.8366199240432369
wiki,lorenz,0.9925854287556415,0.8400525854513584
wiki,lorenz,0.9929078014184397,0.84348524685948
wiki,lorenz,0.9932301740812379,0.8469909436167105
wiki,lorenz,0.9935525467440361,0.8506427110721589
wiki,lorenz,0.9938749194068343,0.8544405492258254
wiki,lorenz,0.9941972920696325,0.8584574934268185
wiki,lorenz,0.9945196647324307,0.8625474729769208
wiki,lorenz,0.9948420373952289,0.8666374525270231
wiki,lorenz,0.995164410058027,0.8708004674262343
wiki,lorenz,0.9954867827208252,0.8752556237218814
wiki,lorenz,0.9958091553836235,0.8797107800175284
wiki,lorenz,0.9961315280464217,0.8843850423605025
wiki,lorenz,0.9964539007092199,0.8892053754016944
wiki,lorenz,0.996776273372018,0.8941717791411042
wiki,lorenz,0.9970986460348162,0.899503359626059
wiki,lorenz,0.9974210186976145,0.9058574349985393
wiki,lorenz,0.9977433913604127,0.9126497224656734
wiki,lorenz,0.9980657640232108,0.9194420099328074
wiki,lorenz,0.998388136686009,0.9274028629856851
wiki,lorenz,0.9987105093488072,0.936897458369851
wiki,lorenz,0.9990328820116054,0.9497516798130295
wiki,lorenz,0.9993552546744036,0.9631901840490797
wiki,lorenz,0.9996776273372018,0.9768477943324569
wiki,lorenz,1.0,1.0
wiki,span_cdf,0.0,0.42972275950999356
wiki,normalized_span_cdf,0.0,0.42972275950999356
wiki,span_cdf,0.0002777777777777778,0.4300451321727917
wiki,normalized_span_cdf,2.9307095277073675e-07,0.4300451321727917
wiki,span_cdf,0.0005555555555555556,0.4310122501611863
wiki,normalized_span_cdf,5.861419055414735e-07,0.4310122501611863
wiki,span_cdf,0.0008333333333333334,0.43423597678916825
wiki,normalized_span_cdf,8.792128583122103e-07,0.43423597678916825
wiki,span_cdf,0.0011111111111111111,0.43584784010315925
wiki,normalized_span_cdf,1.172283811082947e-06,0.43584784010315925
wiki,span_cdf,0.001388888888888889,0.43681495809155385
wiki,normalized_span_cdf,1.4653547638536837e-06,0.43681495809155385
wiki,span_cdf,0.0016666666666666668,0.43745970341715024
wiki,normalized_span_cdf,1.7584257166244207e-06,0.43745970341715024
wiki,span_cdf,0.0019444444444444444,0.4381044487427466
wiki,normalized_span_cdf,2.0514966693951572e-06,0.4381044487427466
wiki,span_cdf,0.0022222222222222222,0.438749194068343
wiki,normalized_span_cdf,2.344567622165894e-06,0.438749194068343
wiki,span_cdf,0.0025,0.4397163120567376
wiki,normalized_span_cdf,2.6376385749366307e-06,0.4397163120567376
wiki,span_cdf,0.0030555555555555557,0.44068343004513216
wiki,normalized_span_cdf,3.2237804804781042e-06,0.44068343004513216
wiki,span_cdf,0.0033333333333333335,0.44165054803352677
wiki,normalized_span_cdf,3.5168514332488414e-06,0.44165054803352677
wiki,span_cdf,0.003611111111111111,0.44229529335912315
wiki,normalized_span_cdf,3.8099223860195777e-06,0.44229529335912315
wiki,span_cdf,0.0038888888888888888,0.4426176660219213
wiki,normalized_span_cdf,4.1029933387903145e-06,0.4426176660219213
wiki,span_cdf,0.004166666666666667,0.4435847840103159
wiki,normalized_span_cdf,4.396064291561051e-06,0.4435847840103159
wiki,span_cdf,0.0044444444444444444,0.44455190199871053
wiki,normalized_span_cdf,4.689135244331788e-06,0.44455190199871053
wiki,span_cdf,0.004722222222222222,0.4448742746615087
wiki,normalized_span_cdf,4.982206197102525e-06,0.4448742746615087
wiki,span_cdf,0.005277777777777778,0.4464861379754997
wiki,normalized_span_cdf,5.568348102643998e-06,0.4464861379754997
wiki,span_cdf,0.005833333333333334,0.44713088330109607
wiki,normalized_span_cdf,6.154490008185472e-06,0.44713088330109607
wiki,span_cdf,0.006111111111111111,0.4480980012894907
wiki,normalized_span_cdf,6.4475609609562085e-06,0.4480980012894907
wiki,span_cdf,0.006666666666666667,0.44842037395228884
wiki,normalized_span_cdf,7.033702866497683e-06,0.44842037395228884
wiki,span_cdf,0.007222222222222222,0.44874274661508706
wiki,normalized_span_cdf,7.6198447720391554e-06,0.44874274661508706
wiki,span_cdf,0.0075,0.4490651192778852
wiki,normalized_span_cdf,7.912915724809892e-06,0.4490651192778852
wiki,span_cdf,0.0077777777777777776,0.44938749194068345
wiki,normalized_span_cdf,8.205986677580629e-06,0.44938749194068345
wiki,span_cdf,0.008055555555555555,0.4497098646034816
wiki,normalized_span_cdf,8.499057630351366e-06,0.4497098646034816
wiki,span_cdf,0.008333333333333333,0.45003223726627983
wiki,normalized_span_cdf,8.792128583122102e-06,0.45003223726627983
wiki,span_cdf,0.008611111111111111,0.4506769825918762
wiki,normalized_span_cdf,9.08519953589284e-06,0.4506769825918762
wiki,span_cdf,0.009166666666666667,0.4509993552546744
wiki,normalized_span_cdf,9.671341441434313e-06,0.4509993552546744
wiki,span_cdf,0.009444444444444445,0.4513217279174726
wiki,normalized_span_cdf,9.96441239420505e-06,0.4513217279174726
wiki,span_cdf,0.009722222222222222,0.45164410058027077
wiki,normalized_span_cdf,1.0257483346975786e-05,0.45164410058027077
wiki,span_cdf,0.01,0.4526112185686654
wiki,normalized_span_cdf,1.0550554299746523e-05,0.4526112185686654
wiki,span_cdf,0.010555555555555556,0.4529335912314636
wiki,normalized_span_cdf,1.1136696205287996e-05,0.4529335912314636
wiki,span_cdf,0.010833333333333334,0.45325596389426176
wiki,normalized_span_cdf,1.1429767158058733e-05,0.45325596389426176
wiki,span_cdf,0.011111111111111112,0.45422308188265637
wiki,normalized_span_cdf,1.172283811082947e-05,0.45422308188265637
wiki,span_cdf,0.01138888888888889,0.45454545454545453
wiki,normalized_span_cdf,1.2015909063600207e-05,0.45454545454545453
wiki,span_cdf,0.011666666666666667,0.45486782720825275
wiki,normalized_span_cdf,1.2308980016370943e-05,0.45486782720825275
wiki,span_cdf,0.012222222222222223,0.4551901998710509
wiki,normalized_span_cdf,1.2895121921912417e-05,0.4551901998710509
wiki,span_cdf,0.0125,0.4564796905222437
wiki,normalized_span_cdf,1.3188192874683154e-05,0.4564796905222437
wiki,span_cdf,0.012777777777777779,0.4568020631850419
wiki,normalized_span_cdf,1.3481263827453892e-05,0.4568020631850419
wiki,span_cdf,0.013055555555555556,0.4574468085106383
wiki,normalized_span_cdf,1.3774334780224629e-05,0.4574468085106383
wiki,span_cdf,0.014166666666666666,0.4577691811734365
wiki,normalized_span_cdf,1.4946618591307574e-05,0.4577691811734365
wiki,span_cdf,0.014444444444444444,0.4580915538362347
wiki,normalized_span_cdf,1.5239689544078311e-05,0.4580915538362347
wiki,span_cdf,0.014722222222222222,0.4590586718246293
wiki,normalized_span_cdf,1.5532760496849048e-05,0.4590586718246293
wiki,span_cdf,0.015,0.45938104448742745
wiki,normalized_span_cdf,1.5825831449619784e-05,0.45938104448742745
wiki,span_cdf,0.015555555555555555,0.45970341715022567
wiki,normalized_span_cdf,1.6411973355161258e-05,0.45970341715022567
wiki,span_cdf,0.015833333333333335,0.46034816247582205
wiki,normalized_span_cdf,1.6705044307931995e-05,0.46034816247582205
wiki,span_cdf,0.016666666666666666,0.4606705351386202
wiki,normalized_span_cdf,1.7584257166244205e-05,0.4606705351386202
wiki,span_cdf,0.017222222222222222,0.4616376531270148
wiki,normalized_span_cdf,1.817039907178568e-05,0.4616376531270148
wiki,span_cdf,0.017777777777777778,0.46196002578981304
wiki,normalized_span_cdf,1.8756540977327152e-05,0.46196002578981304
wiki,span_cdf,0.018333333333333333,0.4622823984526112
wiki,normalized_span_cdf,1.9342682882868625e-05,0.4622823984526112
wiki,span_cdf,0.01888888888888889,0.46260477111540943
wiki,normalized_span_cdf,1.99288247884101e-05,0.46260477111540943
wiki,span_cdf,0.019444444444444445,0.4629271437782076
wiki,normalized_span_cdf,2.0514966693951572e-05,0.4629271437782076
wiki,span_cdf,0.01972222222222222,0.4632495164410058
wiki,normalized_span_cdf,2.080803764672231e-05,0.4632495164410058
wiki,span_cdf,0.02,0.4638942617666022
wiki,normalized_span_cdf,2.1101108599493046e-05,0.4638942617666022
wiki,span_cdf,0.020277777777777777,0.4645390070921986
wiki,normalized_span_cdf,2.1394179552263783e-05,0.4645390070921986
wiki,span_cdf,0.020555555555555556,0.46518375241779497
wiki,normalized_span_cdf,2.168725050503452e-05,0.46518375241779497
wiki,span_cdf,0.020833333333333332,0.46582849774339136
wiki,normalized_span_cdf,2.1980321457805256e-05,0.46582849774339136
wiki,span_cdf,0.021388888888888888,0.4661508704061896
wiki,normalized_span_cdf,2.256646336334673e-05,0.4661508704061896
wiki,span_cdf,0.021666666666666667,0.4671179883945841
wiki,normalized_span_cdf,2.2859534316117466e-05,0.4671179883945841
wiki,span_cdf,0.022222222222222223,0.4677627337201805
wiki,normalized_span_cdf,2.344567622165894e-05,0.4677627337201805
wiki,span_cdf,0.0225,0.46808510638297873
wiki,normalized_span_cdf,2.3738747174429677e-05,0.46808510638297873
wiki,span_cdf,0.02277777777777778,0.4684074790457769
wiki,normalized_span_cdf,2.4031818127200413e-05,0.4684074790457769
wiki,span_cdf,0.023055555555555555,0.4687298517085751
wiki,normalized_span_cdf,2.432488907997115e-05,0.4687298517085751
wiki,span_cdf,0.023333333333333334,0.4690522243713733
wiki,normalized_span_cdf,2.4617960032741887e-05,0.4690522243713733
wiki,span_cdf,0.02388888888888889,0.4693745970341715
wiki,normalized_span_cdf,2.520410193828336e-05,0.4693745970341715
wiki,span_cdf,0.025,0.4703417150225661
wiki,normalized_span_cdf,2.6376385749366307e-05,0.4703417150225661
wiki,span_cdf,0.025833333333333333,0.4706640876853643
wiki,normalized_span_cdf,2.7255598607678518e-05,0.4706640876853643
wiki,span_cdf,0.0275,0.4709864603481625
wiki,normalized_span_cdf,2.9014024324302938e-05,0.4709864603481625
wiki,span_cdf,0.027777777777777776,0.47130883301096066
wiki,normalized_span_cdf,2.9307095277073675e-05,0.47130883301096066
wiki,span_cdf,0.028055555555555556,0.4716312056737589
wiki,normalized_span_cdf,2.960016622984441e-05,0.4716312056737589
wiki,span_cdf,0.028333333333333332,0.47227595099935527
wiki,normalized_span_cdf,2.9893237182615148e-05,0.47227595099935527
wiki,span_cdf,0.02861111111111111,0.47292069632495165
wiki,normalized_span_cdf,3.0186308135385885e-05,0.47292069632495165
wiki,span_cdf,0.028888888888888888,0.47356544165054804
wiki,normalized_span_cdf,3.0479379088156622e-05,0.47356544165054804
wiki,span_cdf,0.029166666666666667,0.4742101869761444
wiki,normalized_span_cdf,3.077245004092736e-05,0.4742101869761444
wiki,span_cdf,0.029444444444444443,0.47453255963894264
wiki,normalized_span_cdf,3.1065520993698095e-05,0.47453255963894264
wiki,span_cdf,0.03,0.4754996776273372
wiki,normalized_span_cdf,3.165166289923957e-05,0.4754996776273372
wiki,span_cdf,0.03027777777777778,0.4758220502901354
wiki,normalized_span_cdf,3.1944733852010306e-05,0.4758220502901354
wiki,span_cdf,0.030555555555555555,0.4761444229529336
wiki,normalized_span_cdf,3.223780480478104e-05,0.4761444229529336
wiki,span_cdf,0.03111111111111111,0.47678916827852996
wiki,normalized_span_cdf,3.2823946710322516e-05,0.47678916827852996
wiki,span_cdf,0.03138888888888889,0.47743391360412635
wiki,normalized_span_cdf,3.311701766309325e-05,0.47743391360412635
wiki,span_cdf,0.03222222222222222,0.47807865892972273
wiki,normalized_span_cdf,3.399623052140546e-05,0.47807865892972273
wiki,span_cdf,0.0325,0.47840103159252095
wiki,normalized_span_cdf,3.42893014741762e-05,0.47840103159252095
wiki,span_cdf,0.03305555555555555,0.47936814958091556
wiki,normalized_span_cdf,3.487544337971767e-05,0.47936814958091556
wiki,span_cdf,0.03333333333333333,0.48001289490651194
wiki,normalized_span_cdf,3.516851433248841e-05,0.48001289490651194
wiki,span_cdf,0.03361111111111111,0.4803352675693101
wiki,normalized_span_cdf,3.5461585285259146e-05,0.4803352675693101
wiki,span_cdf,0.03388888888888889,0.4813023855577047
wiki,normalized_span_cdf,3.575465623802989e-05,0.4813023855577047
wiki,span_cdf,0.035,0.4816247582205029
wiki,normalized_span_cdf,3.692694004911284e-05,0.4816247582205029
wiki,span_cdf,0.03611111111111111,0.4829142488716957
wiki,normalized_span_cdf,3.809922386019578e-05,0.4829142488716957
wiki,span_cdf,0.03638888888888889,0.48323662153449387
wiki,normalized_span_cdf,3.8392294812966514e-05,0.48323662153449387
wiki,span_cdf,0.03666666666666667,0.4835589941972921
wiki,normalized_span_cdf,3.868536576573725e-05,0.4835589941972921
wiki,span_cdf,0.036944444444444446,0.48388136686009026
wiki,normalized_span_cdf,3.897843671850799e-05,0.48388136686009026
wiki,span_cdf,0.03722222222222222,0.48484848484848486
wiki,normalized_span_cdf,3.9271507671278724e-05,0.48484848484848486
wiki,span_cdf,0.0375,0.485170857511283
wiki,normalized_span_cdf,3.956457862404946e-05,0.485170857511283
wiki,span_cdf,0.03833333333333333,0.4858156028368794
wiki,normalized_span_cdf,4.044379148236167e-05,0.4858156028368794
wiki,span_cdf,0.03916666666666667,0.48613797549967763
wiki,normalized_span_cdf,4.132300434067388e-05,0.48613797549967763
wiki,span_cdf,0.03944444444444444,0.4864603481624758
wiki,normalized_span_cdf,4.161607529344462e-05,0.4864603481624758
wiki,span_cdf,0.03972222222222222,0.486782720825274
wiki,normalized_span_cdf,4.1909146246215355e-05,0.486782720825274
wiki,span_cdf,0.04027777777777778,0.4874274661508704
wiki,normalized_span_cdf,4.249528815175683e-05,0.4874274661508704
wiki,span_cdf,0.04111111111111111,0.4877498388136686
wiki,normalized_span_cdf,4.337450101006904e-05,0.4877498388136686
wiki,span_cdf,0.041666666666666664,0.488394584139265
wiki,normalized_span_cdf,4.396064291561051e-05,0.488394584139265
wiki,span_cdf,0.041944444444444444,0.4890393294648614
wiki,normalized_span_cdf,4.425371386838125e-05,0.4890393294648614
wiki,span_cdf,0.042222222222222223,0.48936170212765956
wiki,normalized_span_cdf,4.4546784821151986e-05,0.48936170212765956
wiki,span_cdf,0.0425,0.4896840747904578
wiki,normalized_span_cdf,4.483985577392273e-05,0.4896840747904578
wiki,span_cdf,0.043333333333333335,0.49000644745325594
wiki,normalized_span_cdf,4.571906863223493e-05,0.49000644745325594
wiki,span_cdf,0.04472222222222222,0.49065119277885233
wiki,normalized_span_cdf,4.7184423396088616e-05,0.49065119277885233
wiki,span_cdf,0.045,0.4912959381044487
wiki,normalized_span_cdf,4.747749434885935e-05,0.4912959381044487
wiki,span_cdf,0.04555555555555556,0.49194068343004516
wiki,normalized_span_cdf,4.806363625440083e-05,0.49194068343004516
wiki,span_cdf,0.04583333333333333,0.4922630560928433
wiki,normalized_span_cdf,4.8356707207171563e-05,0.4922630560928433
wiki,span_cdf,0.04611111111111111,0.49258542875564154
wiki,normalized_span_cdf,4.86497781599423e-05,0.49258542875564154
wiki,span_cdf,0.04638888888888889,0.4932301740812379
wiki,normalized_span_cdf,4.894284911271304e-05,0.4932301740812379
wiki,span_cdf,0.04694444444444444,0.4938749194068343
wiki,normalized_span_cdf,4.952899101825451e-05,0.4938749194068343
wiki,span_cdf,0.0475,0.49484203739522886
wiki,normalized_span_cdf,5.0115132923795984e-05,0.49484203739522886
wiki,span_cdf,0.04833333333333333,0.4951644100580271
wiki,normalized_span_cdf,5.0994345782108194e-05,0.4951644100580271
wiki,span_cdf,0.04861111111111111,0.49548678272082525
wiki,normalized_span_cdf,5.128741673487893e-05,0.49548678272082525
wiki,span_cdf,0.049166666666666664,0.49580915538362347
wiki,normalized_span_cdf,5.1873558640420404e-05,0.49580915538362347
wiki,span_cdf,0.05,0.4961315280464217
wiki,normalized_span_cdf,5.2752771498732615e-05,0.4961315280464217
wiki,span_cdf,0.050555555555555555,0.49645390070921985
wiki,normalized_span_cdf,5.333891340427409e-05,0.49645390070921985
wiki,span_cdf,0.05138888888888889,0.49709864603481624
wiki,normalized_span_cdf,5.42181262625863e-05,0.49709864603481624
wiki,span_cdf,0.051666666666666666,0.49742101869761446
wiki,normalized_span_cdf,5.4511197215357035e-05,0.49742101869761446
wiki,span_cdf,0.052222222222222225,0.4977433913604126
wiki,normalized_span_cdf,5.5097339120898515e-05,0.4977433913604126
wiki,span_cdf,0.0525,0.49806576402321084
wiki,normalized_span_cdf,5.5390410073669245e-05,0.49806576402321084
wiki,span_cdf,0.05333333333333334,0.49871050934880723
wiki,normalized_span_cdf,5.626962293198146e-05,0.49871050934880723
wiki,span_cdf,0.05361111111111111,0.4990328820116054
wiki,normalized_span_cdf,5.656269388475219e-05,0.4990328820116054
wiki,span_cdf,0.05444444444444444,0.4996776273372018
wiki,normalized_span_cdf,5.74419067430644e-05,0.4996776273372018
wiki,span_cdf,0.055,0.5003223726627982
wiki,normalized_span_cdf,5.8028048648605876e-05,0.5003223726627982
wiki,span_cdf,0.05555555555555555,0.5006447453255964
wiki,normalized_span_cdf,5.861419055414735e-05,0.5006447453255964
wiki,span_cdf,0.05611111111111111,0.5009671179883946
wiki,normalized_span_cdf,5.920033245968882e-05,0.5009671179883946
wiki,span_cdf,0.058055555555555555,0.501611863313991
wiki,normalized_span_cdf,6.125182912908398e-05,0.501611863313991
wiki,span_cdf,0.058888888888888886,0.5019342359767892
wiki,normalized_span_cdf,6.213104198739619e-05,0.5019342359767892
wiki,span_cdf,0.059166666666666666,0.5022566086395873
wiki,normalized_span_cdf,6.242411294016693e-05,0.5022566086395873
wiki,span_cdf,0.059444444444444446,0.5025789813023855
wiki,normalized_span_cdf,6.271718389293766e-05,0.5025789813023855
wiki,span_cdf,0.06,0.5029013539651838
wiki,normalized_span_cdf,6.330332579847914e-05,0.5029013539651838
wiki,span_cdf,0.06027777777777778,0.5038684719535783
wiki,normalized_span_cdf,6.359639675124987e-05,0.5038684719535783
wiki,span_cdf,0.060833333333333336,0.5041908446163765
wiki,normalized_span_cdf,6.418253865679135e-05,0.5041908446163765
wiki,span_cdf,0.06111111111111111,0.5045132172791748
wiki,normalized_span_cdf,6.447560960956208e-05,0.5045132172791748
wiki,span_cdf,0.06166666666666667,0.504835589941973
wiki,normalized_span_cdf,6.506175151510356e-05,0.504835589941973
wiki,span_cdf,0.06194444444444445,0.5051579626047711
wiki,normalized_span_cdf,6.53548224678743e-05,0.5051579626047711
wiki,span_cdf,0.0625,0.5058027079303675
wiki,normalized_span_cdf,6.594096437341577e-05,0.5058027079303675
wiki,span_cdf,0.06305555555555556,0.5064474532559639
wiki,normalized_span_cdf,6.652710627895724e-05,0.5064474532559639
wiki,span_cdf,0.06333333333333334,0.5067698259187621
wiki,normalized_span_cdf,6.682017723172798e-05,0.5067698259187621
wiki,span_cdf,0.0636111111111111,0.5070921985815603
wiki,normalized_span_cdf,6.711324818449872e-05,0.5070921985815603
wiki,span_cdf,0.06388888888888888,0.5074145712443585
wiki,normalized_span_cdf,6.740631913726945e-05,0.5074145712443585
wiki,span_cdf,0.065,0.5077369439071566
wiki,normalized_span_cdf,6.85786029483524e-05,0.5077369439071566
wiki,span_cdf,0.06555555555555556,0.5083816892327531
wiki,normalized_span_cdf,6.916474485389387e-05,0.5083816892327531
wiki,span_cdf,0.06583333333333333,0.5087040618955513
wiki,normalized_span_cdf,6.945781580666461e-05,0.5087040618955513
wiki,span_cdf,0.06638888888888889,0.5090264345583495
wiki,normalized_span_cdf,7.004395771220608e-05,0.5090264345583495
wiki,span_cdf,0.06666666666666667,0.5093488072211476
wiki,normalized_span_cdf,7.033702866497682e-05,0.5093488072211476
wiki,span_cdf,0.06833333333333333,0.5099935525467441
wiki,normalized_span_cdf,7.209545438160124e-05,0.5099935525467441
wiki,span_cdf,0.06888888888888889,0.5103159252095423
wiki,normalized_span_cdf,7.268159628714271e-05,0.5103159252095423
wiki,span_cdf,0.06916666666666667,0.5106382978723404
wiki,normalized_span_cdf,7.297466723991345e-05,0.5106382978723404
wiki,span_cdf,0.06944444444444445,0.5109606705351386
wiki,normalized_span_cdf,7.326773819268419e-05,0.5109606705351386
wiki,span_cdf,0.06972222222222223,0.5112830431979368
wiki,normalized_span_cdf,7.356080914545492e-05,0.5112830431979368
wiki,span_cdf,0.07,0.511605415860735
wiki,normalized_span_cdf,7.385388009822567e-05,0.511605415860735
wiki,span_cdf,0.07055555555555555,0.5125725338491296
wiki,normalized_span_cdf,7.444002200376713e-05,0.5125725338491296
wiki,span_cdf,0.07083333333333333,0.5128949065119278
wiki,normalized_span_cdf,7.473309295653787e-05,0.5128949065119278
wiki,span_cdf,0.07138888888888889,0.513217279174726
wiki,normalized_span_cdf,7.531923486207934e-05,0.513217279174726
wiki,span_cdf,0.07194444444444445,0.5138620245003224
wiki,normalized_span_cdf,7.590537676762082e-05,0.5138620245003224
wiki,span_cdf,0.07388888888888889,0.5141843971631206
wiki,normalized_span_cdf,7.795687343701597e-05,0.5141843971631206
wiki,span_cdf,0.07416666666666667,0.5145067698259188
wiki,normalized_span_cdf,7.824994438978671e-05,0.5145067698259188
wiki,span_cdf,0.07472222222222222,0.5151515151515151
wiki,normalized_span_cdf,7.883608629532819e-05,0.5151515151515151
wiki,span_cdf,0.075,0.5157962604771116
wiki,normalized_span_cdf,7.912915724809892e-05,0.5157962604771116
wiki,span_cdf,0.07527777777777778,0.5161186331399097
wiki,normalized_span_cdf,7.942222820086966e-05,0.5161186331399097
wiki,span_cdf,0.07555555555555556,0.5164410058027079
wiki,normalized_span_cdf,7.97152991536404e-05,0.5164410058027079
wiki,span_cdf,0.07722222222222222,0.5167633784655061
wiki,normalized_span_cdf,8.147372487026482e-05,0.5167633784655061
wiki,span_cdf,0.0775,0.5170857511283043
wiki,normalized_span_cdf,8.176679582303555e-05,0.5170857511283043
wiki,span_cdf,0.07805555555555556,0.5174081237911026
wiki,normalized_span_cdf,8.235293772857703e-05,0.5174081237911026
wiki,span_cdf,0.07916666666666666,0.5177304964539007
wiki,normalized_span_cdf,8.352522153965997e-05,0.5177304964539007
wiki,span_cdf,0.07972222222222222,0.5180528691166989
wiki,normalized_span_cdf,8.411136344520145e-05,0.5180528691166989
wiki,span_cdf,0.08138888888888889,0.5183752417794971
wiki,normalized_span_cdf,8.586978916182587e-05,0.5183752417794971
wiki,span_cdf,0.08166666666666667,0.5186976144422953
wiki,normalized_span_cdf,8.61628601145966e-05,0.5186976144422953
wiki,span_cdf,0.08277777777777778,0.5199871050934881
wiki,normalized_span_cdf,8.733514392567955e-05,0.5199871050934881
wiki,span_cdf,0.08361111111111111,0.5203094777562862
wiki,normalized_span_cdf,8.821435678399176e-05,0.5203094777562862
wiki,span_cdf,0.08388888888888889,0.521598968407479
wiki,normalized_span_cdf,8.85074277367625e-05,0.521598968407479
wiki,span_cdf,0.08416666666666667,0.5219213410702772
wiki,normalized_span_cdf,8.880049868953323e-05,0.5219213410702772
wiki,span_cdf,0.085,0.5222437137330754
wiki,normalized_span_cdf,8.967971154784546e-05,0.5222437137330754
wiki,span_cdf,0.08555555555555555,0.5225660863958737
wiki,normalized_span_cdf,9.026585345338692e-05,0.5225660863958737
wiki,span_cdf,0.08583333333333333,0.52321083172147
wiki,normalized_span_cdf,9.055892440615766e-05,0.52321083172147
wiki,span_cdf,0.08666666666666667,0.5235332043842682
wiki,normalized_span_cdf,9.143813726446987e-05,0.5235332043842682
wiki,span_cdf,0.08805555555555555,0.5238555770470664
wiki,normalized_span_cdf,9.290349202832355e-05,0.5238555770470664
wiki,span_cdf,0.08833333333333333,0.5241779497098646
wiki,normalized_span_cdf,9.319656298109429e-05,0.5241779497098646
wiki,span_cdf,0.09083333333333334,0.5245003223726628
wiki,normalized_span_cdf,9.583420155603092e-05,0.5245003223726628
wiki,span_cdf,0.0913888888888889,0.524822695035461
wiki,normalized_span_cdf,9.642034346157239e-05,0.524822695035461
wiki,span_cdf,0.09166666666666666,0.5251450676982592
wiki,normalized_span_cdf,9.671341441434313e-05,0.5251450676982592
wiki,span_cdf,0.09194444444444444,0.5254674403610574
wiki,normalized_span_cdf,9.700648536711386e-05,0.5254674403610574
wiki,span_cdf,0.09527777777777778,0.5261121856866537
wiki,normalized_span_cdf,0.0001005233368003627,0.5261121856866537
wiki,span_cdf,0.09555555555555556,0.526434558349452
wiki,normalized_span_cdf,0.00010081640775313344,0.526434558349452
wiki,span_cdf,0.09694444444444444,0.5267569310122502
wiki,normalized_span_cdf,0.00010228176251698713,0.5267569310122502
wiki,span_cdf,0.09805555555555556,0.5270793036750484
wiki,normalized_span_cdf,0.00010345404632807009,0.5270793036750484
wiki,span_cdf,0.09861111111111111,0.5274016763378465
wiki,normalized_span_cdf,0.00010404018823361155,0.5274016763378465
wiki,span_cdf,0.09944444444444445,0.5277240490006447
wiki,normalized_span_cdf,0.00010491940109192376,0.5277240490006447
wiki,span_cdf,0.09972222222222223,0.528046421663443
wiki,normalized_span_cdf,0.00010521247204469449,0.528046421663443
wiki,span_cdf,0.10138888888888889,0.5286911669890393
wiki,normalized_span_cdf,0.00010697089776131891,0.5286911669890393
wiki,span_cdf,0.10194444444444445,0.5290135396518375
wiki,normalized_span_cdf,0.00010755703966686039,0.5290135396518375
wiki,span_cdf,0.10222222222222223,0.5293359123146357
wiki,normalized_span_cdf,0.00010785011061963114,0.5293359123146357
wiki,span_cdf,0.10333333333333333,0.5303030303030303
wiki,normalized_span_cdf,0.00010902239443071407,0.5303030303030303
wiki,span_cdf,0.10444444444444445,0.5309477756286267
wiki,normalized_span_cdf,0.00011019467824179703,0.5309477756286267
wiki,span_cdf,0.10472222222222222,0.531592520954223
wiki,normalized_span_cdf,0.00011048774919456775,0.531592520954223
wiki,span_cdf,0.10555555555555556,0.5322372662798195
wiki,normalized_span_cdf,0.00011136696205287996,0.5322372662798195
wiki,span_cdf,0.1063888888888889,0.5325596389426177
wiki,normalized_span_cdf,0.00011224617491119217,0.5325596389426177
wiki,span_cdf,0.10666666666666667,0.5328820116054158
wiki,normalized_span_cdf,0.00011253924586396292,0.5328820116054158
wiki,span_cdf,0.10805555555555556,0.5344938749194068
wiki,normalized_span_cdf,0.0001140046006278166,0.5344938749194068
wiki,span_cdf,0.10861111111111112,0.534816247582205
wiki,normalized_span_cdf,0.00011459074253335807,0.534816247582205
wiki,span_cdf,0.10916666666666666,0.5351386202450032
wiki,normalized_span_cdf,0.00011517688443889954,0.5351386202450032
wiki,span_cdf,0.11027777777777778,0.5354609929078015
wiki,normalized_span_cdf,0.00011634916824998249,0.5354609929078015
wiki,span_cdf,0.11055555555555556,0.5357833655705996
wiki,normalized_span_cdf,0.00011664223920275323,0.5357833655705996
wiki,span_cdf,0.11166666666666666,0.5361057382333978
wiki,normalized_span_cdf,0.00011781452301383617,0.5361057382333978
wiki,span_cdf,0.1125,0.536428110896196
wiki,normalized_span_cdf,0.00011869373587214838,0.536428110896196
wiki,span_cdf,0.11305555555555556,0.5367504835589942
wiki,normalized_span_cdf,0.00011927987777768987,0.5367504835589942
wiki,span_cdf,0.11333333333333333,0.5370728562217923
wiki,normalized_span_cdf,0.00011957294873046059,0.5370728562217923
wiki,span_cdf,0.11388888888888889,0.5373952288845906
wiki,normalized_span_cdf,0.00012015909063600207,0.5373952288845906
wiki,span_cdf,0.11444444444444445,0.5377176015473888
wiki,normalized_span_cdf,0.00012074523254154354,0.5377176015473888
wiki,span_cdf,0.11527777777777778,0.538039974210187
wiki,normalized_span_cdf,0.00012162444539985576,0.538039974210187
wiki,span_cdf,0.11583333333333333,0.5383623468729851
wiki,normalized_span_cdf,0.00012221058730539722,0.5383623468729851
wiki,span_cdf,0.11722222222222223,0.5386847195357833
wiki,normalized_span_cdf,0.0001236759420692509,0.5386847195357833
wiki,span_cdf,0.1175,0.5390070921985816
wiki,normalized_span_cdf,0.00012396901302202164,0.5390070921985816
wiki,span_cdf,0.11777777777777777,0.539651837524178
wiki,normalized_span_cdf,0.00012426208397479238,0.539651837524178
wiki,span_cdf,0.11861111111111111,0.5399742101869761
wiki,normalized_span_cdf,0.0001251412968331046,0.5399742101869761
wiki,span_cdf,0.11944444444444445,0.5402965828497743
wiki,normalized_span_cdf,0.0001260205096914168,0.5402965828497743
wiki,span_cdf,0.12,0.5406189555125726
wiki,normalized_span_cdf,0.00012660665159695828,0.5406189555125726
wiki,span_cdf,0.12055555555555555,0.5409413281753708
wiki,normalized_span_cdf,0.00012719279350249975,0.5409413281753708
wiki,span_cdf,0.12083333333333333,0.5415860735009671
wiki,normalized_span_cdf,0.00012748586445527049,0.5415860735009671
wiki,span_cdf,0.12166666666666667,0.5419084461637653
wiki,normalized_span_cdf,0.0001283650773135827,0.5419084461637653
wiki,span_cdf,0.12305555555555556,0.5422308188265635
wiki,normalized_span_cdf,0.00012983043207743638,0.5422308188265635
wiki,span_cdf,0.12333333333333334,0.5425531914893617
wiki,normalized_span_cdf,0.00013012350303020712,0.5425531914893617
wiki,span_cdf,0.125,0.5428755641521599
wiki,normalized_span_cdf,0.00013188192874683154,0.5428755641521599
wiki,span_cdf,0.12555555555555556,0.5438426821405545
wiki,normalized_span_cdf,0.000132468070652373,0.5438426821405545
wiki,span_cdf,0.12694444444444444,0.5444874274661509
wiki,normalized_span_cdf,0.0001339334254162267,0.5444874274661509
wiki,span_cdf,0.1275,0.5448098001289491
wiki,normalized_span_cdf,0.00013451956732176817,0.5448098001289491
wiki,span_cdf,0.12777777777777777,0.5451321727917473
wiki,normalized_span_cdf,0.0001348126382745389,0.5451321727917473
wiki,span_cdf,0.1322222222222222,0.5457769181173436
wiki,normalized_span_cdf,0.0001395017735188707,0.5457769181173436
wiki,span_cdf,0.13333333333333333,0.5460992907801419
wiki,normalized_span_cdf,0.00014067405732995364,0.5460992907801419
wiki,span_cdf,0.1338888888888889,0.5464216634429401
wiki,normalized_span_cdf,0.0001412601992354951,0.5464216634429401
wiki,span_cdf,0.13416666666666666,0.5467440361057382
wiki,normalized_span_cdf,0.00014155327018826585,0.5467440361057382
wiki,span_cdf,0.13555555555555557,0.5470664087685364
wiki,normalized_span_cdf,0.00014301862495211956,0.5470664087685364
wiki,span_cdf,0.13583333333333333,0.5473887814313346
wiki,normalized_span_cdf,0.00014331169590489027,0.5473887814313346
wiki,span_cdf,0.13777777777777778,0.5480335267569311
wiki,normalized_span_cdf,0.00014536319257428543,0.5480335267569311
wiki,span_cdf,0.1386111111111111,0.5486782720825274
wiki,normalized_span_cdf,0.00014624240543259764,0.5486782720825274
wiki,span_cdf,0.14083333333333334,0.5490006447453256
wiki,normalized_span_cdf,0.00014858697305476353,0.5490006447453256
wiki,span_cdf,0.14222222222222222,0.5493230174081238
wiki,normalized_span_cdf,0.00015005232781861721,0.5493230174081238
wiki,span_cdf,0.14333333333333334,0.549645390070922
wiki,normalized_span_cdf,0.00015122461162970016,0.549645390070922
wiki,span_cdf,0.1436111111111111,0.5499677627337202
wiki,normalized_span_cdf,0.0001515176825824709,0.5499677627337202
wiki,span_cdf,0.14694444444444443,0.5502901353965184
wiki,normalized_span_cdf,0.00015503453401571974,0.5502901353965184
wiki,span_cdf,0.14777777777777779,0.5506125080593166
wiki,normalized_span_cdf,0.00015591374687403195,0.5506125080593166
wiki,span_cdf,0.14916666666666667,0.5509348807221147
wiki,normalized_span_cdf,0.00015737910163788563,0.5509348807221147
wiki,span_cdf,0.1502777777777778,0.5512572533849129
wiki,normalized_span_cdf,0.00015855138544896858,0.5512572533849129
wiki,span_cdf,0.15083333333333335,0.5515796260477112
wiki,normalized_span_cdf,0.00015913752735451008,0.5515796260477112
wiki,span_cdf,0.1511111111111111,0.5522243713733076
wiki,normalized_span_cdf,0.0001594305983072808,0.5522243713733076
wiki,span_cdf,0.15138888888888888,0.5525467440361057
wiki,normalized_span_cdf,0.00015972366926005153,0.5525467440361057
wiki,span_cdf,0.1525,0.5528691166989039
wiki,normalized_span_cdf,0.00016089595307113447,0.5528691166989039
wiki,span_cdf,0.15444444444444444,0.5531914893617021
wiki,normalized_span_cdf,0.00016294744974052963,0.5531914893617021
wiki,span_cdf,0.15611111111111112,0.5538362346872985
wiki,normalized_span_cdf,0.00016470587545715405,0.5538362346872985
wiki,span_cdf,0.15638888888888888,0.5541586073500967
wiki,normalized_span_cdf,0.0001649989464099248,0.5541586073500967
wiki,span_cdf,0.15694444444444444,0.5544809800128949
wiki,normalized_span_cdf,0.00016558508831546626,0.5544809800128949
wiki,span_cdf,0.15805555555555556,0.5548033526756931
wiki,normalized_span_cdf,0.0001667573721265492,0.5548033526756931
wiki,span_cdf,0.1597222222222222,0.5551257253384912
wiki,normalized_span_cdf,0.00016851579784317363,0.5551257253384912
wiki,span_cdf,0.16194444444444445,0.5554480980012895
wiki,normalized_span_cdf,0.00017086036546533952,0.5554480980012895
wiki,span_cdf,0.16305555555555556,0.5557704706640877
wiki,normalized_span_cdf,0.00017203264927642247,0.5557704706640877
wiki,span_cdf,0.16333333333333333,0.5560928433268859
wiki,normalized_span_cdf,0.0001723257202291932,0.5560928433268859
wiki,span_cdf,0.16527777777777777,0.556415215989684
wiki,normalized_span_cdf,0.00017437721689858836,0.556415215989684
wiki,span_cdf,0.16777777777777778,0.5567375886524822
wiki,normalized_span_cdf,0.000177014855473525,0.5567375886524822
wiki,span_cdf,0.16833333333333333,0.5573823339780787
wiki,normalized_span_cdf,0.00017760099737906647,0.5573823339780787
wiki,span_cdf,0.16944444444444445,0.558027079303675
wiki,normalized_span_cdf,0.00017877328119014942,0.558027079303675
wiki,span_cdf,0.17277777777777778,0.5583494519664732
wiki,normalized_span_cdf,0.00018229013262339826,0.5583494519664732
wiki,span_cdf,0.17333333333333334,0.5586718246292715
wiki,normalized_span_cdf,0.00018287627452893973,0.5586718246292715
wiki,span_cdf,0.1775,0.5589941972920697
wiki,normalized_span_cdf,0.00018727233882050078,0.5589941972920697
wiki,span_cdf,0.17833333333333334,0.559638942617666
wiki,normalized_span_cdf,0.000188151551678813,0.559638942617666
wiki,span_cdf,0.17888888888888888,0.5599613152804642
wiki,normalized_span_cdf,0.00018873769358435447,0.5599613152804642
wiki,span_cdf,0.18138888888888888,0.5602836879432624
wiki,normalized_span_cdf,0.0001913753321592911,0.5602836879432624
wiki,span_cdf,0.18166666666666667,0.5609284332688588
wiki,normalized_span_cdf,0.00019166840311206183,0.5609284332688588
wiki,span_cdf,0.18194444444444444,0.561250805931657
wiki,normalized_span_cdf,0.00019196147406483257,0.561250805931657
wiki,span_cdf,0.1825,0.5615731785944552
wiki,normalized_span_cdf,0.00019254761597037404,0.5615731785944552
wiki,span_cdf,0.18388888888888888,0.5622179239200515
wiki,normalized_span_cdf,0.00019401297073422773,0.5622179239200515
wiki,span_cdf,0.1875,0.5625402965828498
wiki,normalized_span_cdf,0.0001978228931202473,0.5625402965828498
wiki,span_cdf,0.19055555555555556,0.562862669245648
wiki,normalized_span_cdf,0.0002010466736007254,0.562862669245648
wiki,span_cdf,0.19083333333333333,0.5631850419084462
wiki,normalized_span_cdf,0.00020133974455349615,0.5631850419084462
wiki,span_cdf,0.1913888888888889,0.5635074145712443
wiki,normalized_span_cdf,0.00020192588645903762,0.5635074145712443
wiki,span_cdf,0.19166666666666668,0.5638297872340425
wiki,normalized_span_cdf,0.00020221895741180838,0.5638297872340425
wiki,span_cdf,0.1922222222222222,0.564474532559639
wiki,normalized_span_cdf,0.00020280509931734983,0.564474532559639
wiki,span_cdf,0.19666666666666666,0.5647969052224371
wiki,normalized_span_cdf,0.00020749423456168162,0.5647969052224371
wiki,span_cdf,0.19777777777777777,0.5651192778852353
wiki,normalized_span_cdf,0.00020866651837276456,0.5651192778852353
wiki,span_cdf,0.1986111111111111,0.5654416505480335
wiki,normalized_span_cdf,0.00020954573123107677,0.5654416505480335
wiki,span_cdf,0.2,0.5657640232108317
wiki,normalized_span_cdf,0.00021101108599493046,0.5657640232108317
wiki,span_cdf,0.20027777777777778,0.56608639587363
wiki,normalized_span_cdf,0.0002113041569477012,0.56608639587363
wiki,span_cdf,0.20055555555555554,0.5664087685364281
wiki,normalized_span_cdf,0.00021159722790047193,0.5664087685364281
wiki,span_cdf,0.20194444444444445,0.5667311411992263
wiki,normalized_span_cdf,0.00021306258266432562,0.5667311411992263
wiki,span_cdf,0.20333333333333334,0.5670535138620245
wiki,normalized_span_cdf,0.0002145279374281793,0.5670535138620245
wiki,span_cdf,0.20722222222222222,0.5673758865248227
wiki,normalized_span_cdf,0.00021863093076696961,0.5673758865248227
wiki,span_cdf,0.20805555555555555,0.5676982591876208
wiki,normalized_span_cdf,0.00021951014362528182,0.5676982591876208
wiki,span_cdf,0.2125,0.5680206318504191
wiki,normalized_span_cdf,0.0002241992788696136,0.5680206318504191
wiki,span_cdf,0.21333333333333335,0.5683430045132173
wiki,normalized_span_cdf,0.00022507849172792585,0.5683430045132173
wiki,span_cdf,0.2136111111111111,0.5686653771760155
wiki,normalized_span_cdf,0.00022537156268069656,0.5686653771760155
wiki,span_cdf,0.21416666666666667,0.5689877498388136
wiki,normalized_span_cdf,0.00022595770458623803,0.5689877498388136
wiki,span_cdf,0.21638888888888888,0.5693101225016118
wiki,normalized_span_cdf,0.00022830227220840393,0.5693101225016118
wiki,span_cdf,0.21694444444444444,0.5696324951644101
wiki,normalized_span_cdf,0.0002288884141139454,0.5696324951644101
wiki,span_cdf,0.21722222222222223,0.5699548678272083
wiki,normalized_span_cdf,0.00022918148506671614,0.5699548678272083
wiki,span_cdf,0.21777777777777776,0.5702772404900065
wiki,normalized_span_cdf,0.0002297676269722576,0.5702772404900065
wiki,span_cdf,0.21805555555555556,0.5705996131528046
wiki,normalized_span_cdf,0.00023006069792502835,0.5705996131528046
wiki,span_cdf,0.21833333333333332,0.5709219858156028
wiki,normalized_span_cdf,0.00023035376887779908,0.5709219858156028
wiki,span_cdf,0.21888888888888888,0.571244358478401
wiki,normalized_span_cdf,0.00023093991078334056,0.571244358478401
wiki,span_cdf,0.21944444444444444,0.5715667311411993
wiki,normalized_span_cdf,0.00023152605268888203,0.5715667311411993
wiki,span_cdf,0.22055555555555556,0.5718891038039974
wiki,normalized_span_cdf,0.00023269833649996498,0.5718891038039974
wiki,span_cdf,0.22166666666666668,0.5722114764667956
wiki,normalized_span_cdf,0.00023387062031104795,0.5722114764667956
wiki,span_cdf,0.22277777777777777,0.5725338491295938
wiki,normalized_span_cdf,0.00023504290412213087,0.5725338491295938
wiki,span_cdf,0.22361111111111112,0.572856221792392
wiki,normalized_span_cdf,0.00023592211698044308,0.572856221792392
wiki,span_cdf,0.2238888888888889,0.5731785944551901
wiki,normalized_span_cdf,0.00023621518793321382,0.5731785944551901
wiki,span_cdf,0.2247222222222222,0.5735009671179884
wiki,normalized_span_cdf,0.00023709440079152603,0.5735009671179884
wiki,span_cdf,0.22555555555555556,0.5738233397807866
wiki,normalized_span_cdf,0.00023797361364983824,0.5738233397807866
wiki,span_cdf,0.22583333333333333,0.5741457124435848
wiki,normalized_span_cdf,0.00023826668460260898,0.5741457124435848
wiki,span_cdf,0.22805555555555557,0.574468085106383
wiki,normalized_span_cdf,0.00024061125222477487,0.574468085106383
wiki,span_cdf,0.2288888888888889,0.5751128304319794
wiki,normalized_span_cdf,0.00024149046508308708,0.5751128304319794
wiki,span_cdf,0.23,0.5754352030947776
wiki,normalized_span_cdf,0.00024266274889417003,0.5754352030947776
wiki,span_cdf,0.2311111111111111,0.5757575757575758
wiki,normalized_span_cdf,0.00024383503270525297,0.5757575757575758
wiki,span_cdf,0.23194444444444445,0.5760799484203739
wiki,normalized_span_cdf,0.0002447142455635652,0.5760799484203739
wiki,span_cdf,0.23222222222222222,0.5764023210831721
wiki,normalized_span_cdf,0.0002450073165163359,0.5764023210831721
wiki,span_cdf,0.23333333333333334,0.5767246937459704
wiki,normalized_span_cdf,0.00024617960032741887,0.5767246937459704
wiki,span_cdf,0.2338888888888889,0.5770470664087686
wiki,normalized_span_cdf,0.00024676574223296034,0.5770470664087686
wiki,span_cdf,0.23555555555555555,0.5773694390715667
wiki,normalized_span_cdf,0.00024852416794958476,0.5773694390715667
wiki,span_cdf,0.2363888888888889,0.5776918117343649
wiki,normalized_span_cdf,0.00024940338080789697,0.5776918117343649
wiki,span_cdf,0.23666666666666666,0.5780141843971631
wiki,normalized_span_cdf,0.0002496964517606677,0.5780141843971631
wiki,span_cdf,0.2375,0.5783365570599613
wiki,normalized_span_cdf,0.0002505756646189799,0.5783365570599613
wiki,span_cdf,0.24027777777777778,0.5789813023855577
wiki,normalized_span_cdf,0.0002535063741466873,0.5789813023855577
wiki,span_cdf,0.2411111111111111,0.5793036750483559
wiki,normalized_span_cdf,0.0002543855870049995,0.5793036750483559
wiki,span_cdf,0.24166666666666667,0.5796260477111541
wiki,normalized_span_cdf,0.00025497172891054097,0.5796260477111541
wiki,span_cdf,0.24333333333333335,0.5799484203739523
wiki,normalized_span_cdf,0.0002567301546271654,0.5799484203739523
wiki,span_cdf,0.245,0.5805931656995487
wiki,normalized_span_cdf,0.0002584885803437898,0.5805931656995487
wiki,span_cdf,0.24583333333333332,0.5812379110251451
wiki,normalized_span_cdf,0.000259367793202102,0.5812379110251451
wiki,span_cdf,0.24638888888888888,0.5815602836879432
wiki,normalized_span_cdf,0.0002599539351076435,0.5815602836879432
wiki,span_cdf,0.2477777777777778,0.5818826563507414
wiki,normalized_span_cdf,0.0002614192898714972,0.5818826563507414
wiki,span_cdf,0.24805555555555556,0.5822050290135397
wiki,normalized_span_cdf,0.0002617123608242679,0.5822050290135397
wiki,span_cdf,0.24861111111111112,0.5825274016763379
wiki,normalized_span_cdf,0.0002622985027298094,0.5825274016763379
wiki,span_cdf,0.24888888888888888,0.5828497743391361
wiki,normalized_span_cdf,0.0002625915736825801,0.5828497743391361
wiki,span_cdf,0.25222222222222224,0.5831721470019342
wiki,normalized_span_cdf,0.00026610842511582897,0.5831721470019342
wiki,span_cdf,0.25416666666666665,0.5834945196647324
wiki,normalized_span_cdf,0.0002681599217852241,0.5834945196647324
wiki,span_cdf,0.2563888888888889,0.5838168923275306
wiki,normalized_span_cdf,0.00027050448940739,0.5838168923275306
wiki,span_cdf,0.25722222222222224,0.5841392649903289
wiki,normalized_span_cdf,0.00027138370226570223,0.5841392649903289
wiki,span_cdf,0.2575,0.584461637653127
wiki,normalized_span_cdf,0.00027167677321847297,0.584461637653127
wiki,span_cdf,0.25805555555555554,0.5847840103159252
wiki,normalized_span_cdf,0.00027226291512401444,0.5847840103159252
wiki,span_cdf,0.25833333333333336,0.5851063829787234
wiki,normalized_span_cdf,0.00027255598607678523,0.5851063829787234
wiki,span_cdf,0.2588888888888889,0.5854287556415216
wiki,normalized_span_cdf,0.00027314212798232665,0.5854287556415216
wiki,span_cdf,0.2594444444444444,0.5857511283043197
wiki,normalized_span_cdf,0.0002737282698878681,0.5857511283043197
wiki,span_cdf,0.26,0.586073500967118
wiki,normalized_span_cdf,0.0002743144117934096,0.586073500967118
wiki,span_cdf,0.26055555555555554,0.5863958736299162
wiki,normalized_span_cdf,0.00027490055369895107,0.5863958736299162
wiki,span_cdf,0.2619444444444444,0.5867182462927144
wiki,normalized_span_cdf,0.00027636590846280475,0.5867182462927144
wiki,span_cdf,0.26222222222222225,0.5870406189555126
wiki,normalized_span_cdf,0.0002766589794155755,0.5870406189555126
wiki,span_cdf,0.2638888888888889,0.5873629916183107
wiki,normalized_span_cdf,0.0002784174051321999,0.5873629916183107
wiki,span_cdf,0.2644444444444444,0.5880077369439072
wiki,normalized_span_cdf,0.0002790035470377414,0.5880077369439072
wiki,span_cdf,0.26472222222222225,0.5883301096067054
wiki,normalized_span_cdf,0.0002792966179905122,0.5883301096067054
wiki,span_cdf,0.265,0.5886524822695035
wiki,normalized_span_cdf,0.00027958968894328286,0.5886524822695035
wiki,span_cdf,0.26666666666666666,0.5889748549323017
wiki,normalized_span_cdf,0.0002813481146599073,0.5889748549323017
wiki,span_cdf,0.2683333333333333,0.5892972275951
wiki,normalized_span_cdf,0.0002831065403765317,0.5892972275951
wiki,span_cdf,0.2688888888888889,0.5896196002578982
wiki,normalized_span_cdf,0.00028369268228207317,0.5896196002578982
wiki,span_cdf,0.2727777777777778,0.5902643455834945
wiki,normalized_span_cdf,0.0002877956756208635,0.5902643455834945
wiki,span_cdf,0.27444444444444444,0.5905867182462927
wiki,normalized_span_cdf,0.0002895541013374879,0.5905867182462927
wiki,span_cdf,0.2752777777777778,0.5909090909090909
wiki,normalized_span_cdf,0.0002904333141958001,0.5909090909090909
wiki,span_cdf,0.2772222222222222,0.591231463571889
wiki,normalized_span_cdf,0.0002924848108651953,0.591231463571889
wiki,span_cdf,0.2777777777777778,0.5915538362346873
wiki,normalized_span_cdf,0.00029307095277073675,0.5915538362346873
wiki,span_cdf,0.2783333333333333,0.5918762088974855
wiki,normalized_span_cdf,0.0002936570946762782,0.5918762088974855
wiki,span_cdf,0.2791666666666667,0.5921985815602837
wiki,normalized_span_cdf,0.00029453630753459043,0.5921985815602837
wiki,span_cdf,0.27944444444444444,0.5925209542230819
wiki,normalized_span_cdf,0.00029482937848736117,0.5925209542230819
wiki,span_cdf,0.2802777777777778,0.59284332688588
wiki,normalized_span_cdf,0.0002957085913456734,0.59284332688588
wiki,span_cdf,0.2811111111111111,0.5931656995486783
wiki,normalized_span_cdf,0.0002965878042039856,0.5931656995486783
wiki,span_cdf,0.2813888888888889,0.5934880722114765
wiki,normalized_span_cdf,0.0002968808751567563,0.5934880722114765
wiki,span_cdf,0.2816666666666667,0.5938104448742747
wiki,normalized_span_cdf,0.00029717394610952706,0.5938104448742747
wiki,span_cdf,0.2841666666666667,0.5941328175370728
wiki,normalized_span_cdf,0.0002998115846844637,0.5941328175370728
wiki,span_cdf,0.28444444444444444,0.594455190199871
wiki,normalized_span_cdf,0.00030010465563723443,0.594455190199871
wiki,span_cdf,0.2863888888888889,0.5947775628626693
wiki,normalized_span_cdf,0.00030215615230662964,0.5947775628626693
wiki,span_cdf,0.2875,0.5950999355254675
wiki,normalized_span_cdf,0.00030332843611771253,0.5950999355254675
wiki,span_cdf,0.2886111111111111,0.5954223081882656
wiki,normalized_span_cdf,0.0003045007199287955,0.5954223081882656
wiki,span_cdf,0.29,0.5957446808510638
wiki,normalized_span_cdf,0.00030596607469264916,0.5957446808510638
wiki,span_cdf,0.2925,0.596067053513862
wiki,normalized_span_cdf,0.0003086037132675858,0.596067053513862
wiki,span_cdf,0.2980555555555556,0.5963894261766602
wiki,normalized_span_cdf,0.00031446513232300053,0.5963894261766602
wiki,span_cdf,0.29944444444444446,0.5970341715022566
wiki,normalized_span_cdf,0.0003159304870868542,0.5970341715022566
wiki,span_cdf,0.3,0.5973565441650548
wiki,normalized_span_cdf,0.0003165166289923957,0.5973565441650548
wiki,span_cdf,0.3005555555555556,0.5980012894906512
wiki,normalized_span_cdf,0.00031710277089793716,0.5980012894906512
wiki,span_cdf,0.3025,0.5983236621534493
wiki,normalized_span_cdf,0.0003191542675673323,0.5983236621534493
wiki,span_cdf,0.3038888888888889,0.5986460348162476
wiki,normalized_span_cdf,0.000320619622331186,0.5986460348162476
wiki,span_cdf,0.30416666666666664,0.5989684074790458
wiki,normalized_span_cdf,0.00032091269328395674,0.5989684074790458
wiki,span_cdf,0.30527777777777776,0.599290780141844
wiki,normalized_span_cdf,0.0003220849770950397,0.599290780141844
wiki,span_cdf,0.3080555555555556,0.5996131528046421
wiki,normalized_span_cdf,0.0003250156866227471,0.5996131528046421
wiki,span_cdf,0.30833333333333335,0.6002578981302386
wiki,normalized_span_cdf,0.0003253087575755178,0.6002578981302386
wiki,span_cdf,0.30944444444444447,0.6005802707930368
wiki,normalized_span_cdf,0.00032648104138660074,0.6005802707930368
wiki,span_cdf,0.31194444444444447,0.600902643455835
wiki,normalized_span_cdf,0.0003291186799615374,0.600902643455835
wiki,span_cdf,0.3136111111111111,0.6012250161186331
wiki,normalized_span_cdf,0.0003308771056781618,0.6012250161186331
wiki,span_cdf,0.31416666666666665,0.6015473887814313
wiki,normalized_span_cdf,0.00033146324758370326,0.6015473887814313
wiki,span_cdf,0.31472222222222224,0.6018697614442295
wiki,normalized_span_cdf,0.00033204938948924474,0.6018697614442295
wiki,span_cdf,0.31666666666666665,0.6021921341070278
wiki,normalized_span_cdf,0.0003341008861586399,0.6021921341070278
wiki,span_cdf,0.3194444444444444,0.6025145067698259
wiki,normalized_span_cdf,0.00033703159568634726,0.6025145067698259
wiki,span_cdf,0.3202777777777778,0.6028368794326241
wiki,normalized_span_cdf,0.00033791080854465947,0.6028368794326241
wiki,span_cdf,0.3213888888888889,0.6031592520954223
wiki,normalized_span_cdf,0.0003390830923557424,0.6031592520954223
wiki,span_cdf,0.3233333333333333,0.6034816247582205
wiki,normalized_span_cdf,0.0003411345890251376,0.6034816247582205
wiki,span_cdf,0.3244444444444444,0.6038039974210186
wiki,normalized_span_cdf,0.0003423068728362205,0.6038039974210186
wiki,span_cdf,0.3277777777777778,0.6041263700838169
wiki,normalized_span_cdf,0.00034582372426946936,0.6041263700838169
wiki,span_cdf,0.32805555555555554,0.6044487427466151
wiki,normalized_span_cdf,0.0003461167952222401,0.6044487427466151
wiki,span_cdf,0.32861111111111113,0.6047711154094133
wiki,normalized_span_cdf,0.00034670293712778157,0.6047711154094133
wiki,span_cdf,0.32944444444444443,0.6050934880722115
wiki,normalized_span_cdf,0.0003475821499860938,0.6050934880722115
wiki,span_cdf,0.32972222222222225,0.6054158607350096
wiki,normalized_span_cdf,0.0003478752209388646,0.6054158607350096
wiki,span_cdf,0.3308333333333333,0.6057382333978079
wiki,normalized_span_cdf,0.00034904750474994747,0.6057382333978079
wiki,span_cdf,0.3313888888888889,0.6067053513862024
wiki,normalized_span_cdf,0.00034963364665548894,0.6067053513862024
wiki,span_cdf,0.3333333333333333,0.6070277240490006
wiki,normalized_span_cdf,0.0003516851433248841,0.6070277240490006
wiki,span_cdf,0.3347222222222222,0.6073500967117988
wiki,normalized_span_cdf,0.0003531504980887378,0.6073500967117988
wiki,span_cdf,0.3352777777777778,0.6079948420373952
wiki,normalized_span_cdf,0.00035373663999427925,0.6079948420373952
wiki,span_cdf,0.33666666666666667,0.6083172147001934
wiki,normalized_span_cdf,0.00035520199475813294,0.6083172147001934
wiki,span_cdf,0.3438888888888889,0.6086395873629916
wiki,normalized_span_cdf,0.0003628218395301721,0.6086395873629916
wiki,span_cdf,0.3461111111111111,0.6089619600257898
wiki,normalized_span_cdf,0.000365166407152338,0.6089619600257898
wiki,span_cdf,0.34805555555555556,0.6092843326885881
wiki,normalized_span_cdf,0.00036721790382173315,0.6092843326885881
wiki,span_cdf,0.3491666666666667,0.6096067053513862
wiki,normalized_span_cdf,0.0003683901876328161,0.6096067053513862
wiki,span_cdf,0.3525,0.6099290780141844
wiki,normalized_span_cdf,0.00037190703906606493,0.6099290780141844
wiki,span_cdf,0.35638888888888887,0.6102514506769826
wiki,normalized_span_cdf,0.00037601003240485525,0.6102514506769826
wiki,span_cdf,0.3586111111111111,0.6105738233397808
wiki,normalized_span_cdf,0.00037835460002702114,0.6105738233397808
wiki,span_cdf,0.35888888888888887,0.6108961960025789
wiki,normalized_span_cdf,0.0003786476709797919,0.6108961960025789
wiki,span_cdf,0.3661111111111111,0.6112185686653772
wiki,normalized_span_cdf,0.00038626751575183103,0.6112185686653772
wiki,span_cdf,0.36666666666666664,0.6115409413281754
wiki,normalized_span_cdf,0.0003868536576573725,0.6115409413281754
wiki,span_cdf,0.36916666666666664,0.6118633139909736
wiki,normalized_span_cdf,0.00038949129623230914,0.6118633139909736
wiki,span_cdf,0.37,0.6121856866537717
wiki,normalized_span_cdf,0.00039037050909062135,0.6121856866537717
wiki,span_cdf,0.3711111111111111,0.6125080593165699
wiki,normalized_span_cdf,0.0003915427929017043,0.6125080593165699
wiki,span_cdf,0.37194444444444447,0.6128304319793682
wiki,normalized_span_cdf,0.0003924220057600165,0.6128304319793682
wiki,span_cdf,0.37222222222222223,0.6131528046421664
wiki,normalized_span_cdf,0.00039271507671278724,0.6131528046421664
wiki,span_cdf,0.37277777777777776,0.6134751773049646
wiki,normalized_span_cdf,0.0003933012186183287,0.6134751773049646
wiki,span_cdf,0.37444444444444447,0.6137975499677627
wiki,normalized_span_cdf,0.0003950596443349532,0.6137975499677627
wiki,span_cdf,0.37472222222222223,0.6141199226305609
wiki,normalized_span_cdf,0.00039535271528772387,0.6141199226305609
wiki,span_cdf,0.37527777777777777,0.6144422952933591
wiki,normalized_span_cdf,0.00039593885719326535,0.6144422952933591
wiki,span_cdf,0.37916666666666665,0.6147646679561574
wiki,normalized_span_cdf,0.00040004185053205566,0.6147646679561574
wiki,span_cdf,0.3825,0.6150870406189555
wiki,normalized_span_cdf,0.0004035587019653045,0.6150870406189555
wiki,span_cdf,0.3836111111111111,0.6154094132817537
wiki,normalized_span_cdf,0.00040473098577638745,0.6154094132817537
wiki,span_cdf,0.3861111111111111,0.6157317859445519
wiki,normalized_span_cdf,0.0004073686243513241,0.6157317859445519
wiki,span_cdf,0.38916666666666666,0.6160541586073501
wiki,normalized_span_cdf,0.0004105924048318022,0.6160541586073501
wiki,span_cdf,0.3925,0.6163765312701482
wiki,normalized_span_cdf,0.000414109256265051,0.6163765312701482
wiki,span_cdf,0.3927777777777778,0.6166989039329465
wiki,normalized_span_cdf,0.00041440232721782176,0.6166989039329465
wiki,span_cdf,0.3947222222222222,0.6173436492585429
wiki,normalized_span_cdf,0.0004164538238872169,0.6173436492585429
wiki,span_cdf,0.39555555555555555,0.6176660219213411
wiki,normalized_span_cdf,0.00041733303674552913,0.6176660219213411
wiki,span_cdf,0.3975,0.6179883945841392
wiki,normalized_span_cdf,0.0004193845334149243,0.6179883945841392
wiki,span_cdf,0.39916666666666667,0.6183107672469375
wiki,normalized_span_cdf,0.0004211429591315487,0.6183107672469375
wiki,span_cdf,0.4011111111111111,0.6186331399097357
wiki,normalized_span_cdf,0.00042319445580094386,0.6186331399097357
wiki,span_cdf,0.4013888888888889,0.619277885235332
wiki,normalized_span_cdf,0.0004234875267537146,0.619277885235332
wiki,span_cdf,0.40166666666666667,0.6196002578981302
wiki,normalized_span_cdf,0.00042378059770648534,0.6196002578981302
wiki,span_cdf,0.4033333333333333,0.6199226305609284
wiki,normalized_span_cdf,0.00042553902342310976,0.6199226305609284
wiki,span_cdf,0.40444444444444444,0.6202450032237267
wiki,normalized_span_cdf,0.0004267113072341927,0.6202450032237267
wiki,span_cdf,0.4058333333333333,0.6205673758865248
wiki,normalized_span_cdf,0.0004281766619980464,0.6205673758865248
wiki,span_cdf,0.4086111111111111,0.620889748549323
wiki,normalized_span_cdf,0.00043110737152575376,0.620889748549323
wiki,span_cdf,0.4091666666666667,0.6212121212121212
wiki,normalized_span_cdf,0.00043169351343129523,0.6212121212121212
wiki,span_cdf,0.41083333333333333,0.6215344938749194
wiki,normalized_span_cdf,0.00043345193914791965,0.6215344938749194
wiki,span_cdf,0.4113888888888889,0.6218568665377177
wiki,normalized_span_cdf,0.0004340380810534612,0.6218568665377177
wiki,span_cdf,0.4127777777777778,0.6221792392005158
wiki,normalized_span_cdf,0.0004355034358173148,0.6221792392005158
wiki,span_cdf,0.42027777777777775,0.622501611863314
wiki,normalized_span_cdf,0.0004434163515421247,0.622501611863314
wiki,span_cdf,0.4225,0.6228239845261122
wiki,normalized_span_cdf,0.0004457609191642906,0.6228239845261122
wiki,span_cdf,0.42277777777777775,0.6231463571889104
wiki,normalized_span_cdf,0.00044605399011706133,0.6231463571889104
wiki,span_cdf,0.42388888888888887,0.6234687298517085
wiki,normalized_span_cdf,0.0004472262739281443,0.6234687298517085
wiki,span_cdf,0.4247222222222222,0.6237911025145068
wiki,normalized_span_cdf,0.0004481054867864565,0.6237911025145068
wiki,span_cdf,0.42833333333333334,0.624113475177305
wiki,normalized_span_cdf,0.00045191540917247607,0.624113475177305
wiki,span_cdf,0.42916666666666664,0.6244358478401032
wiki,normalized_span_cdf,0.0004527946220307883,0.6244358478401032
wiki,span_cdf,0.4305555555555556,0.6247582205029013
wiki,normalized_span_cdf,0.000454259976794642,0.6247582205029013
wiki,span_cdf,0.43166666666666664,0.6250805931656995
wiki,normalized_span_cdf,0.0004554322606057249,0.6250805931656995
wiki,span_cdf,0.43194444444444446,0.6254029658284977
wiki,normalized_span_cdf,0.00045572533155849564,0.6254029658284977
wiki,span_cdf,0.4361111111111111,0.625725338491296
wiki,normalized_span_cdf,0.0004601213958500567,0.625725338491296
wiki,span_cdf,0.43972222222222224,0.6260477111540941
wiki,normalized_span_cdf,0.00046393131823607627,0.6260477111540941
wiki,span_cdf,0.4444444444444444,0.6266924564796905
wiki,normalized_span_cdf,0.0004689135244331788,0.6266924564796905
wiki,span_cdf,0.45166666666666666,0.6270148291424887
wiki,normalized_span_cdf,0.00047653336920521795,0.6270148291424887
wiki,span_cdf,0.45305555555555554,0.627337201805287
wiki,normalized_span_cdf,0.00047799872396907164,0.627337201805287
wiki,span_cdf,0.4563888888888889,0.6276595744680851
wiki,normalized_span_cdf,0.0004815155754023205,0.6276595744680851
wiki,span_cdf,0.46305555555555555,0.6279819471308833
wiki,normalized_span_cdf,0.0004885492782688182,0.6279819471308833
wiki,span_cdf,0.4672222222222222,0.6283043197936815
wiki,normalized_span_cdf,0.0004929453425603792,0.6283043197936815
wiki,span_cdf,0.47333333333333333,0.6286266924564797
wiki,normalized_span_cdf,0.0004993929035213354,0.6286266924564797
wiki,span_cdf,0.47944444444444445,0.6289490651192778
wiki,normalized_span_cdf,0.0005058404644822916,0.6289490651192778
wiki,span_cdf,0.4816666666666667,0.6292714377820761
wiki,normalized_span_cdf,0.0005081850321044575,0.6292714377820761
wiki,span_cdf,0.48277777777777775,0.6295938104448743
wiki,normalized_span_cdf,0.0005093573159155405,0.6295938104448743
wiki,span_cdf,0.48583333333333334,0.6299161831076725
wiki,normalized_span_cdf,0.0005125810963960186,0.6299161831076725
wiki,span_cdf,0.4886111111111111,0.6302385557704706
wiki,normalized_span_cdf,0.0005155118059237259,0.6302385557704706
wiki,span_cdf,0.49527777777777776,0.6305609284332688
wiki,normalized_span_cdf,0.0005225455087902236,0.6305609284332688
wiki,span_cdf,0.4975,0.630883301096067
wiki,normalized_span_cdf,0.0005248900764123895,0.630883301096067
wiki,span_cdf,0.4986111111111111,0.6312056737588653
wiki,normalized_span_cdf,0.0005260623602234725,0.6312056737588653
wiki,span_cdf,0.5044444444444445,0.6318504190844616
wiki,normalized_span_cdf,0.0005322168502316579,0.6318504190844616
wiki,span_cdf,0.5069444444444444,0.6321727917472598
wiki,normalized_span_cdf,0.0005348544888065946,0.6321727917472598
wiki,span_cdf,0.5072222222222222,0.632495164410058
wiki,normalized_span_cdf,0.0005351475597593653,0.632495164410058
wiki,span_cdf,0.5086111111111111,0.6328175370728563
wiki,normalized_span_cdf,0.000536612914523219,0.6328175370728563
wiki,span_cdf,0.5097222222222222,0.6331399097356544
wiki,normalized_span_cdf,0.0005377851983343019,0.6331399097356544
wiki,span_cdf,0.5113888888888889,0.6334622823984526
wiki,normalized_span_cdf,0.0005395436240509264,0.6334622823984526
wiki,span_cdf,0.5116666666666667,0.6337846550612508
wiki,normalized_span_cdf,0.0005398366950036971,0.6337846550612508
wiki,span_cdf,0.5161111111111111,0.634107027724049
wiki,normalized_span_cdf,0.0005445258302480289,0.634107027724049
wiki,span_cdf,0.5180555555555556,0.6344294003868471
wiki,normalized_span_cdf,0.000546577326917424,0.6344294003868471
wiki,span_cdf,0.5191666666666667,0.6347517730496454
wiki,normalized_span_cdf,0.000547749610728507,0.6347517730496454
wiki,span_cdf,0.5222222222222223,0.6350741457124436
wiki,normalized_span_cdf,0.0005509733912089851,0.6350741457124436
wiki,span_cdf,0.5255555555555556,0.6353965183752418
wiki,normalized_span_cdf,0.0005544902426422339,0.6353965183752418
wiki,span_cdf,0.5283333333333333,0.63571889103804
wiki,normalized_span_cdf,0.0005574209521699413,0.63571889103804
wiki,span_cdf,0.5286111111111111,0.6360412637008381
wiki,normalized_span_cdf,0.000557714023122712,0.6360412637008381
wiki,span_cdf,0.5288888888888889,0.6363636363636364
wiki,normalized_span_cdf,0.0005580070940754828,0.6363636363636364
wiki,span_cdf,0.5291666666666667,0.6366860090264346
wiki,normalized_span_cdf,0.0005583001650282535,0.6366860090264346
wiki,span_cdf,0.5294444444444445,0.6370083816892328
wiki,normalized_span_cdf,0.0005585932359810243,0.6370083816892328
wiki,span_cdf,0.5308333333333334,0.6373307543520309
wiki,normalized_span_cdf,0.0005600585907448779,0.6373307543520309
wiki,span_cdf,0.5325,0.6376531270148291
wiki,normalized_span_cdf,0.0005618170164615023,0.6376531270148291
wiki,span_cdf,0.5338888888888889,0.6379754996776273
wiki,normalized_span_cdf,0.000563282371225356,0.6379754996776273
wiki,span_cdf,0.535,0.6382978723404256
wiki,normalized_span_cdf,0.000564454655036439,0.6382978723404256
wiki,span_cdf,0.5355555555555556,0.6386202450032237
wiki,normalized_span_cdf,0.0005650407969419804,0.6386202450032237
wiki,span_cdf,0.5388888888888889,0.6392649903288201
wiki,normalized_span_cdf,0.0005685576483752293,0.6392649903288201
wiki,span_cdf,0.5413888888888889,0.6395873629916183
wiki,normalized_span_cdf,0.0005711952869501659,0.6395873629916183
wiki,span_cdf,0.545,0.6399097356544166
wiki,normalized_span_cdf,0.0005750052093361855,0.6399097356544166
wiki,span_cdf,0.5494444444444444,0.6405544809800129
wiki,normalized_span_cdf,0.0005796943445805173,0.6405544809800129
wiki,span_cdf,0.5527777777777778,0.6408768536428111
wiki,normalized_span_cdf,0.0005832111960137661,0.6408768536428111
wiki,span_cdf,0.5533333333333333,0.6411992263056093
wiki,normalized_span_cdf,0.0005837973379193076,0.6411992263056093
wiki,span_cdf,0.5555555555555556,0.6415215989684074
wiki,normalized_span_cdf,0.0005861419055414735,0.6415215989684074
wiki,span_cdf,0.5602777777777778,0.6418439716312057
wiki,normalized_span_cdf,0.000591124111738576,0.6418439716312057
wiki,span_cdf,0.5625,0.6424887169568021
wiki,normalized_span_cdf,0.0005934686793607419,0.6424887169568021
wiki,span_cdf,0.5644444444444444,0.6428110896196002
wiki,normalized_span_cdf,0.0005955201760301371,0.6428110896196002
wiki,span_cdf,0.5733333333333334,0.6431334622823984
wiki,normalized_span_cdf,0.0006048984465188006,0.6431334622823984
wiki,span_cdf,0.5752777777777778,0.6434558349451966
wiki,normalized_span_cdf,0.0006069499431881958,0.6434558349451966
wiki,span_cdf,0.5755555555555556,0.6437782076079949
wiki,normalized_span_cdf,0.0006072430141409665,0.6437782076079949
wiki,span_cdf,0.5758333333333333,0.6444229529335912
wiki,normalized_span_cdf,0.0006075360850937373,0.6444229529335912
wiki,span_cdf,0.5761111111111111,0.6447453255963894
wiki,normalized_span_cdf,0.000607829156046508,0.6447453255963894
wiki,span_cdf,0.5775,0.6450676982591876
wiki,normalized_span_cdf,0.0006092945108103617,0.6450676982591876
wiki,span_cdf,0.5786111111111111,0.645712443584784
wiki,normalized_span_cdf,0.0006104667946214446,0.645712443584784
wiki,span_cdf,0.5813888888888888,0.6460348162475822
wiki,normalized_span_cdf,0.000613397504149152,0.6460348162475822
wiki,span_cdf,0.5827777777777777,0.6463571889103804
wiki,normalized_span_cdf,0.0006148628589130057,0.6463571889103804
wiki,span_cdf,0.5836111111111111,0.6466795615731786
wiki,normalized_span_cdf,0.0006157420717713179,0.6466795615731786
wiki,span_cdf,0.5841666666666666,0.6470019342359767
wiki,normalized_span_cdf,0.0006163282136768593,0.6470019342359767
wiki,span_cdf,0.5855555555555556,0.647324306898775
wiki,normalized_span_cdf,0.0006177935684407132,0.647324306898775
wiki,span_cdf,0.5858333333333333,0.6476466795615732
wiki,normalized_span_cdf,0.0006180866393934838,0.6476466795615732
wiki,span_cdf,0.5905555555555555,0.6479690522243714
wiki,normalized_span_cdf,0.0006230688455905862,0.6479690522243714
wiki,span_cdf,0.5944444444444444,0.6482914248871696
wiki,normalized_span_cdf,0.0006271718389293766,0.6482914248871696
wiki,span_cdf,0.5972222222222222,0.6486137975499677
wiki,normalized_span_cdf,0.000630102548457084,0.6486137975499677
wiki,span_cdf,0.6025,0.648936170212766
wiki,normalized_span_cdf,0.000635670896559728,0.648936170212766
wiki,span_cdf,0.6061111111111112,0.6492585428755642
wiki,normalized_span_cdf,0.0006394808189457476,0.6492585428755642
wiki,span_cdf,0.6088888888888889,0.6495809155383624
wiki,normalized_span_cdf,0.000642411528473455,0.6495809155383624
wiki,span_cdf,0.6091666666666666,0.6499032882011605
wiki,normalized_span_cdf,0.0006427045994262257,0.6499032882011605
wiki,span_cdf,0.6108333333333333,0.6502256608639587
wiki,normalized_span_cdf,0.0006444630251428501,0.6502256608639587
wiki,span_cdf,0.6130555555555556,0.6505480335267569
wiki,normalized_span_cdf,0.000646807592765016,0.6505480335267569
wiki,span_cdf,0.6236111111111111,0.6508704061895552
wiki,normalized_span_cdf,0.000657944288970304,0.6508704061895552
wiki,span_cdf,0.6244444444444445,0.6511927788523533
wiki,normalized_span_cdf,0.0006588235018286162,0.6511927788523533
wiki,span_cdf,0.6288888888888889,0.6515151515151515
wiki,normalized_span_cdf,0.0006635126370729481,0.6515151515151515
wiki,span_cdf,0.6316666666666667,0.6518375241779497
wiki,normalized_span_cdf,0.0006664433466006554,0.6518375241779497
wiki,span_cdf,0.6327777777777778,0.6521598968407479
wiki,normalized_span_cdf,0.0006676156304117383,0.6521598968407479
wiki,span_cdf,0.6383333333333333,0.6524822695035462
wiki,normalized_span_cdf,0.000673477049467153,0.6524822695035462
wiki,span_cdf,0.6427777777777778,0.6528046421663443
wiki,normalized_span_cdf,0.0006781661847114848,0.6528046421663443
wiki,span_cdf,0.6438888888888888,0.6531270148291425
wiki,normalized_span_cdf,0.0006793384685225678,0.6531270148291425
wiki,span_cdf,0.645,0.6534493874919407
wiki,normalized_span_cdf,0.0006805107523336507,0.6534493874919407
wiki,span_cdf,0.6497222222222222,0.6537717601547389
wiki,normalized_span_cdf,0.0006854929585307533,0.6537717601547389
wiki,span_cdf,0.6513888888888889,0.654094132817537
wiki,normalized_span_cdf,0.0006872513842473777,0.654094132817537
wiki,span_cdf,0.6527777777777778,0.6544165054803353
wiki,normalized_span_cdf,0.0006887167390112314,0.6544165054803353
wiki,span_cdf,0.6605555555555556,0.6547388781431335
wiki,normalized_span_cdf,0.000696922725688812,0.6547388781431335
wiki,span_cdf,0.6638888888888889,0.6550612508059317
wiki,normalized_span_cdf,0.0007004395771220608,0.6550612508059317
wiki,span_cdf,0.6644444444444444,0.6553836234687298
wiki,normalized_span_cdf,0.0007010257190276023,0.6553836234687298
wiki,span_cdf,0.6655555555555556,0.655705996131528
wiki,normalized_span_cdf,0.0007021980028386852,0.655705996131528
wiki,span_cdf,0.6658333333333334,0.6560283687943262
wiki,normalized_span_cdf,0.0007024910737914561,0.6560283687943262
wiki,span_cdf,0.6669444444444445,0.6563507414571245
wiki,normalized_span_cdf,0.0007036633576025389,0.6563507414571245
wiki,span_cdf,0.6736111111111112,0.6566731141199227
wiki,normalized_span_cdf,0.0007106970604690367,0.6566731141199227
wiki,span_cdf,0.6755555555555556,0.6569954867827208
wiki,normalized_span_cdf,0.0007127485571384318,0.6569954867827208
wiki,span_cdf,0.6788888888888889,0.657317859445519
wiki,normalized_span_cdf,0.0007162654085716806,0.657317859445519
wiki,span_cdf,0.6794444444444444,0.6576402321083172
wiki,normalized_span_cdf,0.0007168515504772221,0.6576402321083172
wiki,span_cdf,0.6802777777777778,0.6579626047711155
wiki,normalized_span_cdf,0.0007177307633355343,0.6579626047711155
wiki,span_cdf,0.6869444444444445,0.6582849774339136
wiki,normalized_span_cdf,0.000724764466202032,0.6582849774339136
wiki,span_cdf,0.6952777777777778,0.65892972275951
wiki,normalized_span_cdf,0.0007335565947851541,0.65892972275951
wiki,span_cdf,0.7019444444444445,0.6592520954223082
wiki,normalized_span_cdf,0.0007405902976516518,0.6592520954223082
wiki,span_cdf,0.7036111111111111,0.6595744680851063
wiki,normalized_span_cdf,0.0007423487233682762,0.6595744680851063
wiki,span_cdf,0.7086111111111111,0.6598968407479046
wiki,normalized_span_cdf,0.0007476240005181494,0.6598968407479046
wiki,span_cdf,0.7094444444444444,0.6602192134107028
wiki,normalized_span_cdf,0.0007485032133764617,0.6602192134107028
wiki,span_cdf,0.7141666666666666,0.660541586073501
wiki,normalized_span_cdf,0.0007534854195735642,0.660541586073501
wiki,span_cdf,0.7172222222222222,0.6608639587362991
wiki,normalized_span_cdf,0.0007567092000540423,0.6608639587362991
wiki,span_cdf,0.7177777777777777,0.6611863313990973
wiki,normalized_span_cdf,0.0007572953419595838,0.6611863313990973
wiki,span_cdf,0.7194444444444444,0.6615087040618955
wiki,normalized_span_cdf,0.0007590537676762082,0.6615087040618955
wiki,span_cdf,0.7216666666666667,0.6618310767246938
wiki,normalized_span_cdf,0.0007613983352983741,0.6618310767246938
wiki,span_cdf,0.7288888888888889,0.662153449387492
wiki,normalized_span_cdf,0.0007690181800704132,0.662153449387492
wiki,span_cdf,0.7355555555555555,0.6624758220502901
wiki,normalized_span_cdf,0.0007760518829369109,0.6624758220502901
wiki,span_cdf,0.7427777777777778,0.6627981947130883
wiki,normalized_span_cdf,0.0007836717277089501,0.6627981947130883
wiki,span_cdf,0.7436111111111111,0.6631205673758865
wiki,normalized_span_cdf,0.0007845509405672623,0.6631205673758865
wiki,span_cdf,0.7466666666666667,0.6634429400386848
wiki,normalized_span_cdf,0.0007877747210477404,0.6634429400386848
wiki,span_cdf,0.7502777777777778,0.6637653127014829
wiki,normalized_span_cdf,0.00079158464343376,0.6637653127014829
wiki,span_cdf,0.7616666666666667,0.6640876853642811
wiki,normalized_span_cdf,0.0008036005524973603,0.6640876853642811
wiki,span_cdf,0.7622222222222222,0.6644100580270793
wiki,normalized_span_cdf,0.0008041866944029016,0.6644100580270793
wiki,span_cdf,0.7625,0.6647324306898775
wiki,normalized_span_cdf,0.0008044797653556724,0.6647324306898775
wiki,span_cdf,0.7658333333333334,0.6650548033526756
wiki,normalized_span_cdf,0.0008079966167889212,0.6650548033526756
wiki,span_cdf,0.7669444444444444,0.6653771760154739
wiki,normalized_span_cdf,0.0008091689006000042,0.6653771760154739
wiki,span_cdf,0.7675,0.6656995486782721
wiki,normalized_span_cdf,0.0008097550425055456,0.6656995486782721
wiki,span_cdf,0.7794444444444445,0.6660219213410703
wiki,normalized_span_cdf,0.0008223570934746874,0.6660219213410703
wiki,span_cdf,0.7869444444444444,0.6663442940038685
wiki,normalized_span_cdf,0.0008302700091994972,0.6663442940038685
wiki,span_cdf,0.7927777777777778,0.6666666666666666
wiki,normalized_span_cdf,0.0008364244992076827,0.6666666666666666
wiki,span_cdf,0.7958333333333333,0.6669890393294649
wiki,normalized_span_cdf,0.0008396482796881608,0.6669890393294649
wiki,span_cdf,0.7975,0.6673114119922631
wiki,normalized_span_cdf,0.0008414067054047852,0.6673114119922631
wiki,span_cdf,0.7997222222222222,0.6676337846550613
wiki,normalized_span_cdf,0.0008437512730269511,0.6676337846550613
wiki,span_cdf,0.8027777777777778,0.6679561573178594
wiki,normalized_span_cdf,0.0008469750535074292,0.6679561573178594
wiki,span_cdf,0.8061111111111111,0.6682785299806576
wiki,normalized_span_cdf,0.000850491904940678,0.6682785299806576
wiki,span_cdf,0.8122222222222222,0.6686009026434558
wiki,normalized_span_cdf,0.0008569394659016343,0.6686009026434558
wiki,span_cdf,0.8152777777777778,0.6689232753062541
wiki,normalized_span_cdf,0.0008601632463821124,0.6689232753062541
wiki,span_cdf,0.8155555555555556,0.6692456479690522
wiki,normalized_span_cdf,0.0008604563173348831,0.6692456479690522
wiki,span_cdf,0.82,0.6695680206318504
wiki,normalized_span_cdf,0.0008651454525792149,0.6695680206318504
wiki,span_cdf,0.8236111111111111,0.6698903932946486
wiki,normalized_span_cdf,0.0008689553749652345,0.6698903932946486
wiki,span_cdf,0.8330555555555555,0.6702127659574468
wiki,normalized_span_cdf,0.0008789197873594395,0.6702127659574468
wiki,span_cdf,0.8372222222222222,0.670535138620245
wiki,normalized_span_cdf,0.0008833158516510006,0.670535138620245
wiki,span_cdf,0.8411111111111111,0.6708575112830432
wiki,normalized_span_cdf,0.0008874188449897909,0.6708575112830432
wiki,span_cdf,0.8433333333333334,0.6711798839458414
wiki,normalized_span_cdf,0.0008897634126119568,0.6711798839458414
wiki,span_cdf,0.8436111111111111,0.6715022566086396
wiki,normalized_span_cdf,0.0008900564835647275,0.6715022566086396
wiki,span_cdf,0.8502777777777778,0.6718246292714378
wiki,normalized_span_cdf,0.0008970901864312252,0.6718246292714378
wiki,span_cdf,0.8511111111111112,0.6721470019342359
wiki,normalized_span_cdf,0.0008979693992895374,0.6721470019342359
wiki,span_cdf,0.8516666666666667,0.6724693745970342
wiki,normalized_span_cdf,0.0008985555411950789,0.6724693745970342
wiki,span_cdf,0.8558333333333333,0.6727917472598324
wiki,normalized_span_cdf,0.0009029516054866399,0.6727917472598324
wiki,span_cdf,0.8575,0.6731141199226306
wiki,normalized_span_cdf,0.0009047100312032643,0.6731141199226306
wiki,span_cdf,0.8622222222222222,0.6734364925854287
wiki,normalized_span_cdf,0.0009096922374003669,0.6734364925854287
wiki,span_cdf,0.8652777777777778,0.6737588652482269
wiki,normalized_span_cdf,0.000912916017880845,0.6737588652482269
wiki,span_cdf,0.8677777777777778,0.6744036105738234
wiki,normalized_span_cdf,0.0009155536564557816,0.6744036105738234
wiki,span_cdf,0.8688888888888889,0.6747259832366216
wiki,normalized_span_cdf,0.0009167259402668645,0.6747259832366216
wiki,span_cdf,0.87,0.6750483558994197
wiki,normalized_span_cdf,0.0009178982240779475,0.6750483558994197
wiki,span_cdf,0.8763888888888889,0.6753707285622179
wiki,normalized_span_cdf,0.0009246388559916744,0.6753707285622179
wiki,span_cdf,0.8777777777777778,0.6756931012250161
wiki,normalized_span_cdf,0.0009261042107555281,0.6756931012250161
wiki,span_cdf,0.8780555555555556,0.6760154738878144
wiki,normalized_span_cdf,0.0009263972817082989,0.6760154738878144
wiki,span_cdf,0.8783333333333333,0.6766602192134107
wiki,normalized_span_cdf,0.0009266903526610696,0.6766602192134107
wiki,span_cdf,0.8841666666666667,0.6769825918762089
wiki,normalized_span_cdf,0.0009328448426692551,0.6769825918762089
wiki,span_cdf,0.8858333333333334,0.6773049645390071
wiki,normalized_span_cdf,0.0009346032683858795,0.6773049645390071
wiki,span_cdf,0.8905555555555555,0.6776273372018052
wiki,normalized_span_cdf,0.000939585474582982,0.6776273372018052
wiki,span_cdf,0.8955555555555555,0.6779497098646035
wiki,normalized_span_cdf,0.0009448607517328553,0.6779497098646035
wiki,span_cdf,0.8958333333333334,0.6782720825274017
wiki,normalized_span_cdf,0.000945153822685626,0.6782720825274017
wiki,span_cdf,0.8969444444444444,0.6785944551901999
wiki,normalized_span_cdf,0.000946326106496709,0.6785944551901999
wiki,span_cdf,0.8980555555555556,0.6789168278529981
wiki,normalized_span_cdf,0.000947498390307792,0.6789168278529981
wiki,span_cdf,0.8988888888888888,0.6792392005157962
wiki,normalized_span_cdf,0.0009483776031661041,0.6792392005157962
wiki,span_cdf,0.9022222222222223,0.6795615731785944
wiki,normalized_span_cdf,0.000951894454599353,0.6795615731785944
wiki,span_cdf,0.9027777777777778,0.6798839458413927
wiki,normalized_span_cdf,0.0009524805965048944,0.6798839458413927
wiki,span_cdf,0.9088888888888889,0.6802063185041909
wiki,normalized_span_cdf,0.0009589281574658506,0.6802063185041909
wiki,span_cdf,0.9147222222222222,0.680528691166989
wiki,normalized_span_cdf,0.0009650826474740361,0.680528691166989
wiki,span_cdf,0.9177777777777778,0.6808510638297872
wiki,normalized_span_cdf,0.0009683064279545142,0.6808510638297872
wiki,span_cdf,0.9225,0.6811734364925854
wiki,normalized_span_cdf,0.0009732886341516167,0.6811734364925854
wiki,span_cdf,0.9241666666666667,0.6814958091553837
wiki,normalized_span_cdf,0.0009750470598682412,0.6814958091553837
wiki,span_cdf,0.9255555555555556,0.6818181818181818
wiki,normalized_span_cdf,0.0009765124146320948,0.6818181818181818
wiki,span_cdf,0.9280555555555555,0.68214055448098
wiki,normalized_span_cdf,0.0009791500532070315,0.68214055448098
wiki,span_cdf,0.9325,0.6824629271437782
wiki,normalized_span_cdf,0.0009838391884513633,0.6824629271437782
wiki,span_cdf,0.9336111111111111,0.6827852998065764
wiki,normalized_span_cdf,0.0009850114722624462,0.6827852998065764
wiki,span_cdf,0.9419444444444445,0.6831076724693746
wiki,normalized_span_cdf,0.0009938036008455683,0.6831076724693746
wiki,span_cdf,0.9430555555555555,0.6834300451321728
wiki,normalized_span_cdf,0.0009949758846566513,0.6834300451321728
wiki,span_cdf,0.9438888888888889,0.683752417794971
wiki,normalized_span_cdf,0.0009958550975149635,0.683752417794971
wiki,span_cdf,0.9444444444444444,0.6840747904577692
wiki,normalized_span_cdf,0.000996441239420505,0.6840747904577692
wiki,span_cdf,0.9461111111111111,0.6843971631205674
wiki,normalized_span_cdf,0.0009981996651371294,0.6843971631205674
wiki,span_cdf,0.9475,0.6847195357833655
wiki,normalized_span_cdf,0.000999665019900983,0.6847195357833655
wiki,span_cdf,0.9491666666666667,0.6850419084461637
wiki,normalized_span_cdf,0.0010014234456176075,0.6850419084461637
wiki,span_cdf,0.9513888888888888,0.685364281108962
wiki,normalized_span_cdf,0.0010037680132397734,0.685364281108962
wiki,span_cdf,0.9533333333333334,0.6856866537717602
wiki,normalized_span_cdf,0.0010058195099091685,0.6856866537717602
wiki,span_cdf,0.9588888888888889,0.6860090264345583
wiki,normalized_span_cdf,0.0010116809289645833,0.6860090264345583
wiki,span_cdf,0.9602777777777778,0.6863313990973565
wiki,normalized_span_cdf,0.001013146283728437,0.6863313990973565
wiki,span_cdf,0.9697222222222223,0.6866537717601547
wiki,normalized_span_cdf,0.001023110696122642,0.6866537717601547
wiki,span_cdf,0.9791666666666666,0.686976144422953
wiki,normalized_span_cdf,0.001033075108516847,0.686976144422953
wiki,span_cdf,0.9880555555555556,0.6872985170857512
wiki,normalized_span_cdf,0.0010424533790055106,0.6872985170857512
wiki,span_cdf,0.99,0.6876208897485493
wiki,normalized_span_cdf,0.0010445048756749058,0.6876208897485493
wiki,span_cdf,0.9930555555555556,0.6879432624113475
wiki,normalized_span_cdf,0.0010477286561553839,0.6879432624113475
wiki,span_cdf,0.9961111111111111,0.6882656350741457
wiki,normalized_span_cdf,0.001050952436635862,0.6882656350741457
wiki,span_cdf,0.9980555555555556,0.688588007736944
wiki,normalized_span_cdf,0.0010530039333052571,0.688588007736944
wiki,span_cdf,1.0069444444444444,0.6889103803997421
wiki,normalized_span_cdf,0.0010623822037939207,0.6889103803997421
wiki,span_cdf,1.0080555555555555,0.6892327530625403
wiki,normalized_span_cdf,0.0010635544876050037,0.6892327530625403
wiki,span_cdf,1.0125,0.6895551257253385
wiki,normalized_span_cdf,0.0010682436228493354,0.6895551257253385
wiki,span_cdf,1.0180555555555555,0.6898774983881367
wiki,normalized_span_cdf,0.0010741050419047502,0.6898774983881367
wiki,span_cdf,1.0197222222222222,0.6901998710509348
wiki,normalized_span_cdf,0.0010758634676213746,0.6901998710509348
wiki,span_cdf,1.02,0.690522243713733
wiki,normalized_span_cdf,0.0010761565385741453,0.690522243713733
wiki,span_cdf,1.0244444444444445,0.6908446163765313
wiki,normalized_span_cdf,0.0010808456738184771,0.6908446163765313
wiki,span_cdf,1.0322222222222222,0.6911669890393295
wiki,normalized_span_cdf,0.0010890516604960578,0.6911669890393295
wiki,span_cdf,1.0341666666666667,0.6914893617021277
wiki,normalized_span_cdf,0.001091103157165453,0.6914893617021277
wiki,span_cdf,1.035,0.6918117343649258
wiki,normalized_span_cdf,0.0010919823700237651,0.6918117343649258
wiki,span_cdf,1.0355555555555556,0.692134107027724
wiki,normalized_span_cdf,0.0010925685119293066,0.692134107027724
wiki,span_cdf,1.0372222222222223,0.6924564796905223
wiki,normalized_span_cdf,0.001094326937645931,0.6924564796905223
wiki,span_cdf,1.0408333333333333,0.6927788523533205
wiki,normalized_span_cdf,0.0010981368600319506,0.6927788523533205
wiki,span_cdf,1.0425,0.6934235976789168
wiki,normalized_span_cdf,0.001099895285748575,0.6934235976789168
wiki,span_cdf,1.0447222222222223,0.693745970341715
wiki,normalized_span_cdf,0.0011022398533707411,0.693745970341715
wiki,span_cdf,1.045,0.6940683430045133
wiki,normalized_span_cdf,0.0011025329243235116,0.6940683430045133
wiki,span_cdf,1.0452777777777778,0.6943907156673114
wiki,normalized_span_cdf,0.0011028259952762824,0.6943907156673114
wiki,span_cdf,1.0477777777777777,0.6947130883301096
wiki,normalized_span_cdf,0.001105463633851219,0.6947130883301096
wiki,span_cdf,1.0486111111111112,0.6950354609929078
wiki,normalized_span_cdf,0.0011063428467095312,0.6950354609929078
wiki,span_cdf,1.0533333333333332,0.695357833655706
wiki,normalized_span_cdf,0.0011113250529066337,0.695357833655706
wiki,span_cdf,1.0555555555555556,0.6956802063185042
wiki,normalized_span_cdf,0.0011136696205287996,0.6956802063185042
wiki,span_cdf,1.06,0.6960025789813024
wiki,normalized_span_cdf,0.0011183587557731314,0.6960025789813024
wiki,span_cdf,1.0611111111111111,0.6963249516441006
wiki,normalized_span_cdf,0.0011195310395842144,0.6963249516441006
wiki,span_cdf,1.0705555555555555,0.6966473243068988
wiki,normalized_span_cdf,0.0011294954519784194,0.6966473243068988
wiki,span_cdf,1.0786111111111112,0.696969696969697
wiki,normalized_span_cdf,0.0011379945096087708,0.696969696969697
wiki,span_cdf,1.083611111111111,0.6972920696324951
wiki,normalized_span_cdf,0.001143269786758644,0.6972920696324951
wiki,span_cdf,1.0883333333333334,0.6976144422952933
wiki,normalized_span_cdf,0.0011482519929557466,0.6976144422952933
wiki,span_cdf,1.091388888888889,0.6979368149580916
wiki,normalized_span_cdf,0.0011514757734362247,0.6979368149580916
wiki,span_cdf,1.0972222222222223,0.6985815602836879
wiki,normalized_span_cdf,0.0011576302634444104,0.6985815602836879
wiki,span_cdf,1.0997222222222223,0.6989039329464861
wiki,normalized_span_cdf,0.0011602679020193468,0.6989039329464861
wiki,span_cdf,1.1047222222222222,0.6992263056092843
wiki,normalized_span_cdf,0.00116554317916922,0.6992263056092843
wiki,span_cdf,1.1152777777777778,0.6995486782720826
wiki,normalized_span_cdf,0.001176679875374508,0.6995486782720826
wiki,span_cdf,1.1177777777777778,0.6998710509348807
wiki,normalized_span_cdf,0.0011793175139494447,0.6998710509348807
wiki,span_cdf,1.1188888888888888,0.7005157962604771
wiki,normalized_span_cdf,0.0011804897977605276,0.7005157962604771
wiki,span_cdf,1.1211111111111112,0.7008381689232753
wiki,normalized_span_cdf,0.0011828343653826935,0.7008381689232753
wiki,span_cdf,1.1222222222222222,0.7011605415860735
wiki,normalized_span_cdf,0.0011840066491937765,0.7011605415860735
wiki,span_cdf,1.1272222222222221,0.7014829142488717
wiki,normalized_span_cdf,0.0011892819263436497,0.7014829142488717
wiki,span_cdf,1.1319444444444444,0.7018052869116699
wiki,normalized_span_cdf,0.0011942641325407522,0.7018052869116699
wiki,span_cdf,1.1322222222222222,0.7021276595744681
wiki,normalized_span_cdf,0.001194557203493523,0.7021276595744681
wiki,span_cdf,1.1413888888888888,0.7024500322372663
wiki,normalized_span_cdf,0.0012042285449349573,0.7024500322372663
wiki,span_cdf,1.1455555555555557,0.7027724049000644
wiki,normalized_span_cdf,0.0012086246092265186,0.7027724049000644
wiki,span_cdf,1.146111111111111,0.7030947775628626
wiki,normalized_span_cdf,0.0012092107511320598,0.7030947775628626
wiki,span_cdf,1.1575,0.7034171502256609
wiki,normalized_span_cdf,0.00122122666019566,0.7034171502256609
wiki,span_cdf,1.1608333333333334,0.7037395228884591
wiki,normalized_span_cdf,0.0012247435116289089,0.7037395228884591
wiki,span_cdf,1.1636111111111112,0.7040618955512572
wiki,normalized_span_cdf,0.0012276742211566162,0.7040618955512572
wiki,span_cdf,1.1736111111111112,0.7047066408768536
wiki,normalized_span_cdf,0.0012382247754563628,0.7047066408768536
wiki,span_cdf,1.173888888888889,0.7050290135396519
wiki,normalized_span_cdf,0.0012385178464091335,0.7050290135396519
wiki,span_cdf,1.1802777777777778,0.7053513862024501
wiki,normalized_span_cdf,0.0012452584783228604,0.7053513862024501
wiki,span_cdf,1.1852777777777779,0.7056737588652482
wiki,normalized_span_cdf,0.001250533755472734,0.7056737588652482
wiki,span_cdf,1.1869444444444444,0.7059961315280464
wiki,normalized_span_cdf,0.0012522921811893581,0.7059961315280464
wiki,span_cdf,1.1880555555555556,0.7063185041908446
wiki,normalized_span_cdf,0.001253464465000441,0.7063185041908446
wiki,span_cdf,1.1922222222222223,0.7066408768536429
wiki,normalized_span_cdf,0.0012578605292920021,0.7066408768536429
wiki,span_cdf,1.1930555555555555,0.706963249516441
wiki,normalized_span_cdf,0.0012587397421503143,0.706963249516441
wiki,span_cdf,1.2066666666666668,0.7072856221792392
wiki,normalized_span_cdf,0.0012731002188360806,0.7072856221792392
wiki,span_cdf,1.2091666666666667,0.7076079948420374
wiki,normalized_span_cdf,0.001275737857411017,0.7076079948420374
wiki,span_cdf,1.2113888888888888,0.7079303675048356
wiki,normalized_span_cdf,0.001278082425033183,0.7079303675048356
wiki,span_cdf,1.2152777777777777,0.7082527401676337
wiki,normalized_span_cdf,0.0012821854183719733,0.7082527401676337
wiki,span_cdf,1.2225,0.708575112830432
wiki,normalized_span_cdf,0.0012898052631440124,0.708575112830432
wiki,span_cdf,1.2358333333333333,0.7088974854932302
wiki,normalized_span_cdf,0.0013038726688770078,0.7088974854932302
wiki,span_cdf,1.2502777777777778,0.7092198581560284
wiki,normalized_span_cdf,0.001319112358421086,0.7092198581560284
wiki,span_cdf,1.2558333333333334,0.7095422308188266
wiki,normalized_span_cdf,0.0013249737774765008,0.7095422308188266
wiki,span_cdf,1.2597222222222222,0.7098646034816247
wiki,normalized_span_cdf,0.0013290767708152912,0.7098646034816247
wiki,span_cdf,1.261388888888889,0.7101869761444229
wiki,normalized_span_cdf,0.0013308351965319156,0.7101869761444229
wiki,span_cdf,1.27,0.7105093488072212
wiki,normalized_span_cdf,0.0013399203960678084,0.7105093488072212
wiki,span_cdf,1.2786111111111111,0.7108317214700194
wiki,normalized_span_cdf,0.0013490055956037013,0.7108317214700194
wiki,span_cdf,1.2816666666666667,0.7111540941328175
wiki,normalized_span_cdf,0.0013522293760841794,0.7111540941328175
wiki,span_cdf,1.2825,0.7114764667956157
wiki,normalized_span_cdf,0.0013531085889424916,0.7114764667956157
wiki,span_cdf,1.283611111111111,0.7117988394584139
wiki,normalized_span_cdf,0.0013542808727535745,0.7117988394584139
wiki,span_cdf,1.2930555555555556,0.7121212121212122
wiki,normalized_span_cdf,0.0013642452851477796,0.7121212121212122
wiki,span_cdf,1.3002777777777779,0.7124435847840103
wiki,normalized_span_cdf,0.0013718651299198187,0.7124435847840103
wiki,span_cdf,1.3052777777777778,0.7127659574468085
wiki,normalized_span_cdf,0.001377140407069692,0.7127659574468085
wiki,span_cdf,1.31,0.7130883301096067
wiki,normalized_span_cdf,0.0013821226132667945,0.7130883301096067
wiki,span_cdf,1.3111111111111111,0.7134107027724049
wiki,normalized_span_cdf,0.0013832948970778775,0.7134107027724049
wiki,span_cdf,1.3119444444444444,0.7137330754352031
wiki,normalized_span_cdf,0.0013841741099361897,0.7137330754352031
wiki,span_cdf,1.3130555555555556,0.7140554480980013
wiki,normalized_span_cdf,0.0013853463937472726,0.7140554480980013
wiki,span_cdf,1.32,0.7143778207607995
wiki,normalized_span_cdf,0.001392673167566541,0.7143778207607995
wiki,span_cdf,1.3211111111111111,0.7147001934235977
wiki,normalized_span_cdf,0.001393845451377624,0.7147001934235977
wiki,span_cdf,1.3225,0.7150225660863959
wiki,normalized_span_cdf,0.0013953108061414777,0.7150225660863959
wiki,span_cdf,1.3233333333333333,0.715344938749194
wiki,normalized_span_cdf,0.0013961900189997899,0.715344938749194
wiki,span_cdf,1.343888888888889,0.7156673114119922
wiki,normalized_span_cdf,0.0014178772695048244,0.7156673114119922
wiki,span_cdf,1.3447222222222222,0.7159896840747905
wiki,normalized_span_cdf,0.0014187564823631366,0.7159896840747905
wiki,span_cdf,1.3452777777777778,0.7163120567375887
wiki,normalized_span_cdf,0.001419342624268678,0.7163120567375887
wiki,span_cdf,1.3466666666666667,0.7166344294003868
wiki,normalized_span_cdf,0.0014208079790325318,0.7166344294003868
wiki,span_cdf,1.35,0.716956802063185
wiki,normalized_span_cdf,0.0014243248304657806,0.716956802063185
wiki,span_cdf,1.3525,0.7172791747259832
wiki,normalized_span_cdf,0.0014269624690407172,0.7172791747259832
wiki,span_cdf,1.355,0.7176015473887815
wiki,normalized_span_cdf,0.0014296001076156539,0.7176015473887815
wiki,span_cdf,1.3652777777777778,0.7179239200515797
wiki,normalized_span_cdf,0.0014404437328681711,0.7179239200515797
wiki,span_cdf,1.3680555555555556,0.7182462927143778
wiki,normalized_span_cdf,0.0014433744423958785,0.7182462927143778
wiki,span_cdf,1.37,0.718568665377176
wiki,normalized_span_cdf,0.0014454259390652739,0.718568665377176
wiki,span_cdf,1.3747222222222222,0.7188910380399742
wiki,normalized_span_cdf,0.0014504081452623762,0.7188910380399742
wiki,span_cdf,1.3791666666666667,0.7192134107027724
wiki,normalized_span_cdf,0.001455097280506708,0.7192134107027724
wiki,span_cdf,1.3833333333333333,0.7195357833655706
wiki,normalized_span_cdf,0.001459493344798269,0.7195357833655706
wiki,span_cdf,1.3841666666666668,0.7198581560283688
wiki,normalized_span_cdf,0.0014603725576565814,0.7198581560283688
wiki,span_cdf,1.3894444444444445,0.720180528691167
wiki,normalized_span_cdf,0.0014659409057592252,0.720180528691167
wiki,span_cdf,1.3908333333333334,0.7205029013539652
wiki,normalized_span_cdf,0.001467406260523079,0.7205029013539652
wiki,span_cdf,1.3944444444444444,0.7208252740167633
wiki,normalized_span_cdf,0.0014712161829090985,0.7208252740167633
wiki,span_cdf,1.4,0.7211476466795615
wiki,normalized_span_cdf,0.0014770776019645132,0.7211476466795615
wiki,span_cdf,1.4008333333333334,0.7214700193423598
wiki,normalized_span_cdf,0.0014779568148228254,0.7214700193423598
wiki,span_cdf,1.406111111111111,0.721792392005158
wiki,normalized_span_cdf,0.0014835251629254694,0.721792392005158
wiki,span_cdf,1.4166666666666667,0.7221147646679562
wiki,normalized_span_cdf,0.0014946618591307574,0.7221147646679562
wiki,span_cdf,1.4211111111111112,0.7224371373307543
wiki,normalized_span_cdf,0.0014993509943750894,0.7224371373307543
wiki,span_cdf,1.4297222222222221,0.7227595099935525
wiki,normalized_span_cdf,0.001508436193910982,0.7227595099935525
wiki,span_cdf,1.4316666666666666,0.7230818826563508
wiki,normalized_span_cdf,0.0015104876905803772,0.7230818826563508
wiki,span_cdf,1.436388888888889,0.723404255319149
wiki,normalized_span_cdf,0.0015154698967774797,0.723404255319149
wiki,span_cdf,1.4391666666666667,0.7237266279819471
wiki,normalized_span_cdf,0.001518400606305187,0.7237266279819471
wiki,span_cdf,1.4502777777777778,0.7240490006447453
wiki,normalized_span_cdf,0.0015301234444160166,0.7240490006447453
wiki,span_cdf,1.4536111111111112,0.7243713733075435
wiki,normalized_span_cdf,0.0015336402958492654,0.7243713733075435
wiki,span_cdf,1.4552777777777777,0.7246937459703418
wiki,normalized_span_cdf,0.0015353987215658898,0.7246937459703418
wiki,span_cdf,1.456388888888889,0.7250161186331399
wiki,normalized_span_cdf,0.0015365710053769728,0.7250161186331399
wiki,span_cdf,1.4691666666666667,0.7253384912959381
wiki,normalized_span_cdf,0.0015500522692044267,0.7253384912959381
wiki,span_cdf,1.475,0.7256608639587363
wiki,normalized_span_cdf,0.0015562067592126121,0.7256608639587363
wiki,span_cdf,1.4758333333333333,0.7259832366215345
wiki,normalized_span_cdf,0.0015570859720709243,0.7259832366215345
wiki,span_cdf,1.4780555555555555,0.7263056092843327
wiki,normalized_span_cdf,0.0015594305396930902,0.7263056092843327
wiki,span_cdf,1.481111111111111,0.7266279819471309
wiki,normalized_span_cdf,0.0015626543201735683,0.7266279819471309
wiki,span_cdf,1.4913888888888889,0.7269503546099291
wiki,normalized_span_cdf,0.0015734979454260856,0.7269503546099291
wiki,span_cdf,1.4941666666666666,0.7272727272727273
wiki,normalized_span_cdf,0.001576428654953793,0.7272727272727273
wiki,span_cdf,1.4969444444444444,0.7275950999355255
wiki,normalized_span_cdf,0.0015793593644815003,0.7275950999355255
wiki,span_cdf,1.506388888888889,0.7279174725983236
wiki,normalized_span_cdf,0.0015893237768757056,0.7279174725983236
wiki,span_cdf,1.515,0.7282398452611218
wiki,normalized_span_cdf,0.0015984089764115982,0.7282398452611218
wiki,span_cdf,1.5183333333333333,0.7285622179239201
wiki,normalized_span_cdf,0.001601925827844847,0.7285622179239201
wiki,span_cdf,1.5308333333333333,0.7288845905867183
wiki,normalized_span_cdf,0.0016151140207195302,0.7288845905867183
wiki,span_cdf,1.5338888888888889,0.7292069632495164
wiki,normalized_span_cdf,0.0016183378012000083,0.7292069632495164
wiki,span_cdf,1.5544444444444445,0.7295293359123146
wiki,normalized_span_cdf,0.0016400250517050428,0.7295293359123146
wiki,span_cdf,1.5602777777777779,0.7298517085751128
wiki,normalized_span_cdf,0.0016461795417132285,0.7298517085751128
wiki,span_cdf,1.5719444444444444,0.730174081237911
wiki,normalized_span_cdf,0.0016584885217295993,0.730174081237911
wiki,span_cdf,1.5722222222222222,0.7304964539007093
wiki,normalized_span_cdf,0.00165878159268237,0.7304964539007093
wiki,span_cdf,1.5725,0.7308188265635074
wiki,normalized_span_cdf,0.0016590746636351407,0.7308188265635074
wiki,span_cdf,1.5752777777777778,0.7314635718891038
wiki,normalized_span_cdf,0.001662005373162848,0.7314635718891038
wiki,span_cdf,1.5808333333333333,0.731785944551902
wiki,normalized_span_cdf,0.0016678667922182628,0.731785944551902
wiki,span_cdf,1.583611111111111,0.7321083172147002
wiki,normalized_span_cdf,0.0016707975017459702,0.7321083172147002
wiki,span_cdf,1.596111111111111,0.7324306898774984
wiki,normalized_span_cdf,0.0016839856946206534,0.7324306898774984
wiki,span_cdf,1.5969444444444445,0.7327530625402966
wiki,normalized_span_cdf,0.0016848649074789656,0.7327530625402966
wiki,span_cdf,1.5986111111111112,0.7330754352030948
wiki,normalized_span_cdf,0.0016866233331955902,0.7330754352030948
wiki,span_cdf,1.5997222222222223,0.7337201805286911
wiki,normalized_span_cdf,0.001687795617006673,0.7337201805286911
wiki,span_cdf,1.6011111111111112,0.7340425531914894
wiki,normalized_span_cdf,0.0016892609717705266,0.7340425531914894
wiki,span_cdf,1.6194444444444445,0.7343649258542876
wiki,normalized_span_cdf,0.0017086036546533952,0.7343649258542876
wiki,span_cdf,1.6255555555555556,0.7346872985170857
wiki,normalized_span_cdf,0.0017150512156143514,0.7346872985170857
wiki,span_cdf,1.6380555555555556,0.7350096711798839
wiki,normalized_span_cdf,0.0017282394084890346,0.7350096711798839
wiki,span_cdf,1.6397222222222223,0.7353320438426821
wiki,normalized_span_cdf,0.001729997834205659,0.7353320438426821
wiki,span_cdf,1.6433333333333333,0.7356544165054804
wiki,normalized_span_cdf,0.0017338077565916786,0.7356544165054804
wiki,span_cdf,1.6494444444444445,0.7359767891682786
wiki,normalized_span_cdf,0.0017402553175526348,0.7359767891682786
wiki,span_cdf,1.6591666666666667,0.7362991618310767
wiki,normalized_span_cdf,0.0017505128008996106,0.7362991618310767
wiki,span_cdf,1.6611111111111112,0.7366215344938749
wiki,normalized_span_cdf,0.001752564297569006,0.7366215344938749
wiki,span_cdf,1.6627777777777777,0.7369439071566731
wiki,normalized_span_cdf,0.0017543227232856302,0.7369439071566731
wiki,span_cdf,1.6641666666666666,0.7372662798194713
wiki,normalized_span_cdf,0.0017557880780494839,0.7372662798194713
wiki,span_cdf,1.665,0.7375886524822695
wiki,normalized_span_cdf,0.001756667290907796,0.7375886524822695
wiki,span_cdf,1.6711111111111112,0.7379110251450677
wiki,normalized_span_cdf,0.0017631148518687525,0.7379110251450677
wiki,span_cdf,1.6752777777777779,0.7382333978078659
wiki,normalized_span_cdf,0.0017675109161603133,0.7382333978078659
wiki,span_cdf,1.6769444444444443,0.7385557704706641
wiki,normalized_span_cdf,0.0017692693418769377,0.7385557704706641
wiki,span_cdf,1.678611111111111,0.7388781431334622
wiki,normalized_span_cdf,0.0017710277675935622,0.7388781431334622
wiki,span_cdf,1.6797222222222221,0.7392005157962604
wiki,normalized_span_cdf,0.0017722000514046451,0.7392005157962604
wiki,span_cdf,1.693888888888889,0.7395228884590587
wiki,normalized_span_cdf,0.001787146669995953,0.7395228884590587
wiki,span_cdf,1.6952777777777779,0.7398452611218569
wiki,normalized_span_cdf,0.0017886120247598066,0.7398452611218569
wiki,span_cdf,1.7113888888888888,0.7401676337846551
wiki,normalized_span_cdf,0.001805610140020509,0.7401676337846551
wiki,span_cdf,1.7119444444444445,0.7404900064474532
wiki,normalized_span_cdf,0.0018061962819260506,0.7404900064474532
wiki,span_cdf,1.7122222222222223,0.7408123791102514
wiki,normalized_span_cdf,0.0018064893528788213,0.7408123791102514
wiki,span_cdf,1.7152777777777777,0.7411347517730497
wiki,normalized_span_cdf,0.0018097131333592994,0.7411347517730497
wiki,span_cdf,1.7166666666666666,0.7414571244358479
wiki,normalized_span_cdf,0.001811178488123153,0.7414571244358479
wiki,span_cdf,1.7177777777777778,0.741779497098646
wiki,normalized_span_cdf,0.001812350771934236,0.741779497098646
wiki,span_cdf,1.721111111111111,0.7421018697614442
wiki,normalized_span_cdf,0.0018158676233674849,0.7421018697614442
wiki,span_cdf,1.7297222222222222,0.7424242424242424
wiki,normalized_span_cdf,0.0018249528229033777,0.7424242424242424
wiki,span_cdf,1.7641666666666667,0.7427466150870407
wiki,normalized_span_cdf,0.001861293621046949,0.7427466150870407
wiki,span_cdf,1.7658333333333334,0.7430689877498388
wiki,normalized_span_cdf,0.0018630520467635735,0.7430689877498388
wiki,span_cdf,1.7686111111111111,0.743391360412637
wiki,normalized_span_cdf,0.0018659827562912809,0.743391360412637
wiki,span_cdf,1.7758333333333334,0.7437137330754352
wiki,normalized_span_cdf,0.00187360260106332,0.7437137330754352
wiki,span_cdf,1.7983333333333333,0.7440361057382334
wiki,normalized_span_cdf,0.0018973413482377497,0.7440361057382334
wiki,span_cdf,1.8027777777777778,0.7443584784010316
wiki,normalized_span_cdf,0.0019020304834820815,0.7443584784010316
wiki,span_cdf,1.8122222222222222,0.7446808510638298
wiki,normalized_span_cdf,0.0019119948958762865,0.7446808510638298
wiki,span_cdf,1.8155555555555556,0.745003223726628
wiki,normalized_span_cdf,0.0019155117473095354,0.745003223726628
wiki,span_cdf,1.823888888888889,0.7453255963894262
wiki,normalized_span_cdf,0.0019243038758926575,0.7453255963894262
wiki,span_cdf,1.8347222222222221,0.7456479690522244
wiki,normalized_span_cdf,0.0019357336430507162,0.7456479690522244
wiki,span_cdf,1.8377777777777777,0.7459703417150225
wiki,normalized_span_cdf,0.0019389574235311943,0.7459703417150225
wiki,span_cdf,1.8469444444444445,0.7462927143778207
wiki,normalized_span_cdf,0.0019486287649726286,0.7462927143778207
wiki,span_cdf,1.8552777777777778,0.746615087040619
wiki,normalized_span_cdf,0.0019574208935557507,0.746615087040619
wiki,span_cdf,1.8558333333333332,0.7469374597034172
wiki,normalized_span_cdf,0.001958007035461292,0.7469374597034172
wiki,span_cdf,1.8602777777777777,0.7472598323662153
wiki,normalized_span_cdf,0.001962696170705624,0.7472598323662153
wiki,span_cdf,1.8736111111111111,0.7475822050290135
wiki,normalized_span_cdf,0.0019767635764386194,0.7475822050290135
wiki,span_cdf,1.8755555555555556,0.7479045776918117
wiki,normalized_span_cdf,0.0019788150731080145,0.7479045776918117
wiki,span_cdf,1.8827777777777779,0.74822695035461
wiki,normalized_span_cdf,0.0019864349178800537,0.74822695035461
wiki,span_cdf,1.893888888888889,0.7485493230174082
wiki,normalized_span_cdf,0.001998157755990883,0.7485493230174082
wiki,span_cdf,1.8944444444444444,0.7491940683430045
wiki,normalized_span_cdf,0.0019987438978964246,0.7491940683430045
wiki,span_cdf,1.895,0.7495164410058027
wiki,normalized_span_cdf,0.001999330039801966,0.7495164410058027
wiki,span_cdf,1.9047222222222222,0.749838813668601
wiki,normalized_span_cdf,0.002009587523148942,0.749838813668601
wiki,span_cdf,1.9077777777777778,0.750161186331399
wiki,normalized_span_cdf,0.00201281130362942,0.750161186331399
wiki,span_cdf,1.9122222222222223,0.7504835589941973
wiki,normalized_span_cdf,0.0020175004388737518,0.7504835589941973
wiki,span_cdf,1.9266666666666667,0.7508059316569955
wiki,normalized_span_cdf,0.00203274012841783,0.7508059316569955
wiki,span_cdf,1.933888888888889,0.7511283043197937
wiki,normalized_span_cdf,0.0020403599731898692,0.7511283043197937
wiki,span_cdf,1.9655555555555555,0.7514506769825918
wiki,normalized_span_cdf,0.0020737700618057332,0.7514506769825918
wiki,span_cdf,1.9719444444444445,0.75177304964539
wiki,normalized_span_cdf,0.00208051069371946,0.75177304964539
wiki,span_cdf,1.9744444444444444,0.7520954223081883
wiki,normalized_span_cdf,0.002083148332294397,0.7520954223081883
wiki,span_cdf,1.981111111111111,0.7524177949709865
wiki,normalized_span_cdf,0.0020901820351608945,0.7524177949709865
wiki,span_cdf,1.985,0.7527401676337847
wiki,normalized_span_cdf,0.002094285028499685,0.7527401676337847
wiki,span_cdf,1.9866666666666666,0.7530625402965828
wiki,normalized_span_cdf,0.0020960434542163092,0.7530625402965828
wiki,span_cdf,1.9933333333333334,0.753384912959381
wiki,normalized_span_cdf,0.002103077157082807,0.753384912959381
wiki,span_cdf,1.9994444444444444,0.7537072856221793
wiki,normalized_span_cdf,0.002109524718043763,0.7537072856221793
wiki,span_cdf,2.004166666666667,0.7540296582849775
wiki,normalized_span_cdf,0.002114506924240866,0.7540296582849775
wiki,span_cdf,2.006666666666667,0.7543520309477756
wiki,normalized_span_cdf,0.0021171445628158023,0.7543520309477756
wiki,span_cdf,2.008611111111111,0.7546744036105738
wiki,normalized_span_cdf,0.0021191960594851974,0.7546744036105738
wiki,span_cdf,2.0169444444444444,0.754996776273372
wiki,normalized_span_cdf,0.0021279881880683195,0.754996776273372
wiki,span_cdf,2.0180555555555557,0.7553191489361702
wiki,normalized_span_cdf,0.0021291604718794025,0.7553191489361702
wiki,span_cdf,2.033333333333333,0.7556415215989684
wiki,normalized_span_cdf,0.002145279374281793,0.7556415215989684
wiki,span_cdf,2.0411111111111113,0.7559638942617666
wiki,normalized_span_cdf,0.002153485360959374,0.7559638942617666
wiki,span_cdf,2.048888888888889,0.7562862669245648
wiki,normalized_span_cdf,0.0021616913476369543,0.7562862669245648
wiki,span_cdf,2.0530555555555554,0.756608639587363
wiki,normalized_span_cdf,0.0021660874119285153,0.756608639587363
wiki,span_cdf,2.0733333333333333,0.7569310122501612
wiki,normalized_span_cdf,0.002187481591480779,0.7569310122501612
wiki,span_cdf,2.0841666666666665,0.7572533849129593
wiki,normalized_span_cdf,0.002198911358638838,0.7572533849129593
wiki,span_cdf,2.089166666666667,0.7575757575757576
wiki,normalized_span_cdf,0.002204186635788711,0.7575757575757576
wiki,span_cdf,2.0927777777777776,0.7578981302385558
wiki,normalized_span_cdf,0.0022079965581747307,0.7578981302385558
wiki,span_cdf,2.0994444444444444,0.758220502901354
wiki,normalized_span_cdf,0.0022150302610412283,0.758220502901354
wiki,span_cdf,2.1169444444444445,0.7585428755641521
wiki,normalized_span_cdf,0.0022334937310657848,0.7585428755641521
wiki,span_cdf,2.1238888888888887,0.7588652482269503
wiki,normalized_span_cdf,0.002240820504885053,0.7588652482269503
wiki,span_cdf,2.1261111111111113,0.7591876208897486
wiki,normalized_span_cdf,0.002243165072507219,0.7591876208897486
wiki,span_cdf,2.1275,0.7595099935525468
wiki,normalized_span_cdf,0.0022446304272710728,0.7595099935525468
wiki,span_cdf,2.158888888888889,0.7601547388781431
wiki,normalized_span_cdf,0.002277747444934166,0.7601547388781431
wiki,span_cdf,2.1605555555555553,0.7604771115409413
wiki,normalized_span_cdf,0.0022795058706507904,0.7604771115409413
wiki,span_cdf,2.1633333333333336,0.7607994842037396
wiki,normalized_span_cdf,0.0022824365801784982,0.7607994842037396
wiki,span_cdf,2.1661111111111113,0.7611218568665378
wiki,normalized_span_cdf,0.0022853672897062056,0.7611218568665378
wiki,span_cdf,2.172222222222222,0.7614442295293359
wiki,normalized_span_cdf,0.0022918148506671614,0.7614442295293359
wiki,span_cdf,2.175,0.7617666021921341
wiki,normalized_span_cdf,0.0022947455601948687,0.7617666021921341
wiki,span_cdf,2.1863888888888887,0.7620889748549323
wiki,normalized_span_cdf,0.002306761469258469,0.7620889748549323
wiki,span_cdf,2.1891666666666665,0.7624113475177305
wiki,normalized_span_cdf,0.0023096921787861763,0.7624113475177305
wiki,span_cdf,2.1905555555555556,0.7627337201805287
wiki,normalized_span_cdf,0.00231115753355003,0.7627337201805287
wiki,span_cdf,2.193611111111111,0.7630560928433269
wiki,normalized_span_cdf,0.002314381314030508,0.7630560928433269
wiki,span_cdf,2.1983333333333333,0.7633784655061251
wiki,normalized_span_cdf,0.0023193635202276106,0.7633784655061251
wiki,span_cdf,2.1997222222222224,0.7637008381689233
wiki,normalized_span_cdf,0.0023208288749914643,0.7637008381689233
wiki,span_cdf,2.2041666666666666,0.7640232108317214
wiki,normalized_span_cdf,0.002325518010235796,0.7640232108317214
wiki,span_cdf,2.2086111111111113,0.7643455834945196
wiki,normalized_span_cdf,0.002330207145480128,0.7643455834945196
wiki,span_cdf,2.213611111111111,0.7646679561573179
wiki,normalized_span_cdf,0.002335482422630001,0.7646679561573179
wiki,span_cdf,2.2152777777777777,0.7649903288201161
wiki,normalized_span_cdf,0.0023372408483466256,0.7649903288201161
wiki,span_cdf,2.218611111111111,0.7653127014829143
wiki,normalized_span_cdf,0.0023407576997798744,0.7653127014829143
wiki,span_cdf,2.2269444444444444,0.7656350741457124
wiki,normalized_span_cdf,0.0023495498283629965,0.7656350741457124
wiki,span_cdf,2.2275,0.7662798194713089
wiki,normalized_span_cdf,0.002350135970268538,0.7662798194713089
wiki,span_cdf,2.2447222222222223,0.7666021921341071
wiki,normalized_span_cdf,0.0023683063693403237,0.7666021921341071
wiki,span_cdf,2.246111111111111,0.7669245647969052
wiki,normalized_span_cdf,0.0023697717241041773,0.7669245647969052
wiki,span_cdf,2.2555555555555555,0.7672469374597034
wiki,normalized_span_cdf,0.0023797361364983824,0.7672469374597034
wiki,span_cdf,2.2577777777777777,0.7675693101225016
wiki,normalized_span_cdf,0.0023820807041205483,0.7675693101225016
wiki,span_cdf,2.258611111111111,0.7678916827852998
wiki,normalized_span_cdf,0.0023829599169788605,0.7678916827852998
wiki,span_cdf,2.2597222222222224,0.768214055448098
wiki,normalized_span_cdf,0.0023841322007899434,0.768214055448098
wiki,span_cdf,2.2655555555555558,0.7685364281108962
wiki,normalized_span_cdf,0.0023902866907981293,0.7685364281108962
wiki,span_cdf,2.2713888888888887,0.7688588007736944
wiki,normalized_span_cdf,0.0023964411808063144,0.7688588007736944
wiki,span_cdf,2.2827777777777776,0.7691811734364926
wiki,normalized_span_cdf,0.0024084570898699146,0.7691811734364926
wiki,span_cdf,2.2855555555555553,0.7695035460992907
wiki,normalized_span_cdf,0.002411387799397622,0.7695035460992907
wiki,span_cdf,2.287777777777778,0.769825918762089
wiki,normalized_span_cdf,0.002413732367019788,0.769825918762089
wiki,span_cdf,2.3136111111111113,0.7701482914248872
wiki,normalized_span_cdf,0.0024409879656274664,0.7701482914248872
wiki,span_cdf,2.316666666666667,0.7704706640876854
wiki,normalized_span_cdf,0.002444211746107945,0.7704706640876854
wiki,span_cdf,2.318611111111111,0.7707930367504836
wiki,normalized_span_cdf,0.0024462632427773396,0.7707930367504836
wiki,span_cdf,2.3291666666666666,0.7711154094132817
wiki,normalized_span_cdf,0.0024573999389826276,0.7711154094132817
wiki,span_cdf,2.3536111111111113,0.7714377820760799
wiki,normalized_span_cdf,0.002483190182826453,0.7714377820760799
wiki,span_cdf,2.3652777777777776,0.7717601547388782
wiki,normalized_span_cdf,0.0024954991628428234,0.7717601547388782
wiki,span_cdf,2.366388888888889,0.7720825274016764
wiki,normalized_span_cdf,0.0024966714466539064,0.7720825274016764
wiki,span_cdf,2.3872222222222224,0.7724049000644745
wiki,normalized_span_cdf,0.0025186517681117116,0.7724049000644745
wiki,span_cdf,2.388333333333333,0.7730496453900709
wiki,normalized_span_cdf,0.0025198240519227946,0.7730496453900709
wiki,span_cdf,2.4130555555555557,0.7733720180528691
wiki,normalized_span_cdf,0.00254590736671939,0.7733720180528691
wiki,span_cdf,2.4225,0.7736943907156673
wiki,normalized_span_cdf,0.002555871779113595,0.7736943907156673
wiki,span_cdf,2.4408333333333334,0.7740167633784655
wiki,normalized_span_cdf,0.002575214461996464,0.7740167633784655
wiki,span_cdf,2.4702777777777776,0.7743391360412637
wiki,normalized_span_cdf,0.002606279982990162,0.7743391360412637
wiki,span_cdf,2.471388888888889,0.7746615087040619
wiki,normalized_span_cdf,0.002607452266801245,0.7746615087040619
wiki,span_cdf,2.482222222222222,0.7749838813668601
wiki,normalized_span_cdf,0.0026188820339593036,0.7749838813668601
wiki,span_cdf,2.4830555555555556,0.7753062540296582
wiki,normalized_span_cdf,0.002619761246817616,0.7753062540296582
wiki,span_cdf,2.500277777777778,0.7756286266924565
wiki,normalized_span_cdf,0.0026379316458894015,0.7756286266924565
wiki,span_cdf,2.515277777777778,0.7759509993552547
wiki,normalized_span_cdf,0.0026537574773390213,0.7759509993552547
wiki,span_cdf,2.5216666666666665,0.7762733720180529
wiki,normalized_span_cdf,0.002660498109252748,0.7762733720180529
wiki,span_cdf,2.5302777777777776,0.776595744680851
wiki,normalized_span_cdf,0.002669583308788641,0.776595744680851
wiki,span_cdf,2.5416666666666665,0.7769181173436492
wiki,normalized_span_cdf,0.0026815992178522412,0.7769181173436492
wiki,span_cdf,2.546111111111111,0.7772404900064475
wiki,normalized_span_cdf,0.002686288353096573,0.7772404900064475
wiki,span_cdf,2.5544444444444445,0.7775628626692457
wiki,normalized_span_cdf,0.002695080481679695,0.7775628626692457
wiki,span_cdf,2.5605555555555557,0.7778852353320438
wiki,normalized_span_cdf,0.0027015280426406513,0.7778852353320438
wiki,span_cdf,2.5644444444444443,0.778207607994842
wiki,normalized_span_cdf,0.0027056310359794417,0.778207607994842
wiki,span_cdf,2.5719444444444446,0.7785299806576402
wiki,normalized_span_cdf,0.0027135439517042515,0.7785299806576402
wiki,span_cdf,2.587222222222222,0.7788523533204385
wiki,normalized_span_cdf,0.002729662854106642,0.7788523533204385
wiki,span_cdf,2.5875,0.7791747259832367
wiki,normalized_span_cdf,0.002729955925059413,0.7791747259832367
wiki,span_cdf,2.5877777777777777,0.7794970986460348
wiki,normalized_span_cdf,0.0027302489960121835,0.7794970986460348
wiki,span_cdf,2.588611111111111,0.779819471308833
wiki,normalized_span_cdf,0.0027311282088704958,0.779819471308833
wiki,span_cdf,2.591388888888889,0.7801418439716312
wiki,normalized_span_cdf,0.002734058918398203,0.7801418439716312
wiki,span_cdf,2.593888888888889,0.7804642166344294
wiki,normalized_span_cdf,0.0027366965569731398,0.7804642166344294
wiki,span_cdf,2.595833333333333,0.7807865892972276
wiki,normalized_span_cdf,0.002738748053642535,0.7807865892972276
wiki,span_cdf,2.6286111111111112,0.7811089619600258
wiki,normalized_span_cdf,0.002773330426069482,0.7811089619600258
wiki,span_cdf,2.631666666666667,0.781431334622824
wiki,normalized_span_cdf,0.00277655420654996,0.781431334622824
wiki,span_cdf,2.6341666666666668,0.7817537072856222
wiki,normalized_span_cdf,0.0027791918451248966,0.7817537072856222
wiki,span_cdf,2.641111111111111,0.7820760799484203
wiki,normalized_span_cdf,0.002786518618944165,0.7820760799484203
wiki,span_cdf,2.6580555555555554,0.7823984526112185
wiki,normalized_span_cdf,0.00280439594706318,0.7823984526112185
wiki,span_cdf,2.6655555555555557,0.7827208252740168
wiki,normalized_span_cdf,0.00281230886278799,0.7827208252740168
wiki,span_cdf,2.6975,0.783043197936815
wiki,normalized_span_cdf,0.0028460120223566246,0.783043197936815
wiki,span_cdf,2.701111111111111,0.7833655705996132
wiki,normalized_span_cdf,0.002849821944742644,0.7833655705996132
wiki,span_cdf,2.7225,0.7836879432624113
wiki,normalized_span_cdf,0.002872388408105991,0.7836879432624113
wiki,span_cdf,2.756666666666667,0.7840103159252095
wiki,normalized_span_cdf,0.0029084361352967915,0.7840103159252095
wiki,span_cdf,2.765,0.7843326885880078
wiki,normalized_span_cdf,0.0029172282638799136,0.7843326885880078
wiki,span_cdf,2.7736111111111112,0.784655061250806
wiki,normalized_span_cdf,0.0029263134634158064,0.784655061250806
wiki,span_cdf,2.7741666666666664,0.7849774339136041
wiki,normalized_span_cdf,0.002926899605321348,0.7849774339136041
wiki,span_cdf,2.805277777777778,0.7852998065764023
wiki,normalized_span_cdf,0.002959723552031671,0.7852998065764023
wiki,span_cdf,2.837222222222222,0.7856221792392005
wiki,normalized_span_cdf,0.002993426711600305,0.7856221792392005
wiki,span_cdf,2.839166666666667,0.7859445519019987
wiki,normalized_span_cdf,0.0029954782082697003,0.7859445519019987
wiki,span_cdf,2.8761111111111113,0.7862669245647969
wiki,normalized_span_cdf,0.0030344566449882083,0.7862669245647969
wiki,span_cdf,2.8986111111111112,0.7865892972275951
wiki,normalized_span_cdf,0.003058195392162638,0.7865892972275951
wiki,span_cdf,2.906388888888889,0.7869116698903933
wiki,normalized_span_cdf,0.0030664013788402186,0.7869116698903933
wiki,span_cdf,2.928611111111111,0.7872340425531915
wiki,normalized_span_cdf,0.0030898470550618775,0.7872340425531915
wiki,span_cdf,2.9402777777777778,0.7875564152159897
wiki,normalized_span_cdf,0.0031021560350782485,0.7875564152159897
wiki,span_cdf,2.943888888888889,0.7878787878787878
wiki,normalized_span_cdf,0.003105965957464268,0.7878787878787878
wiki,span_cdf,2.9491666666666667,0.7882011605415861
wiki,normalized_span_cdf,0.003111534305566912,0.7882011605415861
wiki,span_cdf,2.9494444444444445,0.7885235332043843
wiki,normalized_span_cdf,0.003111827376519683,0.7885235332043843
wiki,span_cdf,2.9780555555555557,0.7888459058671825
wiki,normalized_span_cdf,0.0031420136846550687,0.7888459058671825
wiki,span_cdf,2.9922222222222223,0.7891682785299806
wiki,normalized_span_cdf,0.0031569603032463762,0.7891682785299806
wiki,span_cdf,3.0044444444444443,0.7894906511927788
wiki,normalized_span_cdf,0.0031698554251682887,0.7894906511927788
wiki,span_cdf,3.0394444444444444,0.7898130238555771
wiki,normalized_span_cdf,0.0032067823652174015,0.7898130238555771
wiki,span_cdf,3.060277777777778,0.7901353965183753
wiki,normalized_span_cdf,0.0032287626866752068,0.7901353965183753
wiki,span_cdf,3.0616666666666665,0.7904577691811734
wiki,normalized_span_cdf,0.0032302280414390604,0.7904577691811734
wiki,span_cdf,3.082222222222222,0.7907801418439716
wiki,normalized_span_cdf,0.003251915291944095,0.7907801418439716
wiki,span_cdf,3.0825,0.7911025145067698
wiki,normalized_span_cdf,0.0032522083628968657,0.7911025145067698
wiki,span_cdf,3.091388888888889,0.791424887169568
wiki,normalized_span_cdf,0.0032615866333855293,0.791424887169568
wiki,span_cdf,3.0919444444444446,0.7917472598323663
wiki,normalized_span_cdf,0.0032621727752910707,0.7917472598323663
wiki,span_cdf,3.1255555555555556,0.7920696324951644
wiki,normalized_span_cdf,0.00329763436057633,0.7920696324951644
wiki,span_cdf,3.135,0.7923920051579626
wiki,normalized_span_cdf,0.003307598772970535,0.7923920051579626
wiki,span_cdf,3.1483333333333334,0.7927143778207608
wiki,normalized_span_cdf,0.0033216661787035303,0.7927143778207608
wiki,span_cdf,3.152222222222222,0.793036750483559
wiki,normalized_span_cdf,0.0033257691720423206,0.793036750483559
wiki,span_cdf,3.158888888888889,0.7933591231463571
wiki,normalized_span_cdf,0.0033328028749088183,0.7933591231463571
wiki,span_cdf,3.163611111111111,0.7936814958091554
wiki,normalized_span_cdf,0.003337785081105921,0.7936814958091554
wiki,span_cdf,3.165,0.7940038684719536
wiki,normalized_span_cdf,0.0033392504358697745,0.7940038684719536
wiki,span_cdf,3.1708333333333334,0.7943262411347518
wiki,normalized_span_cdf,0.00334540492587796,0.7943262411347518
wiki,span_cdf,3.1847222222222222,0.7946486137975499
wiki,normalized_span_cdf,0.003360058473516497,0.7946486137975499
wiki,span_cdf,3.1880555555555556,0.7949709864603481
wiki,normalized_span_cdf,0.0033635753249497457,0.7949709864603481
wiki,span_cdf,3.2258333333333336,0.7952933591231464
wiki,normalized_span_cdf,0.0034034329745265663,0.7952933591231464
wiki,span_cdf,3.2311111111111113,0.7956157317859446
wiki,normalized_span_cdf,0.00340900132262921,0.7956157317859446
wiki,span_cdf,3.250277777777778,0.7959381044487428
wiki,normalized_span_cdf,0.0034292232183703907,0.7959381044487428
wiki,span_cdf,3.2941666666666665,0.7962604771115409
wiki,normalized_span_cdf,0.003475528428908167,0.7962604771115409
wiki,span_cdf,3.3105555555555557,0.7965828497743391
wiki,normalized_span_cdf,0.0034928196151216406,0.7965828497743391
wiki,span_cdf,3.3222222222222224,0.7969052224371374
wiki,normalized_span_cdf,0.003505128595138012,0.7969052224371374
wiki,span_cdf,3.3272222222222223,0.7972275950999356
wiki,normalized_span_cdf,0.0035104038722878848,0.7972275950999356
wiki,span_cdf,3.33,0.7975499677627337
wiki,normalized_span_cdf,0.003513334581815592,0.7975499677627337
wiki,span_cdf,3.3494444444444444,0.7978723404255319
wiki,normalized_span_cdf,0.0035338495485095437,0.7978723404255319
wiki,span_cdf,3.374722222222222,0.7981947130883301
wiki,normalized_span_cdf,0.0035605190052116808,0.7981947130883301
wiki,span_cdf,3.3891666666666667,0.7985170857511283
wiki,normalized_span_cdf,0.003575758694755759,0.7985170857511283
wiki,span_cdf,3.4227777777777777,0.7988394584139265
wiki,normalized_span_cdf,0.003611220280041018,0.7988394584139265
wiki,span_cdf,3.4344444444444444,0.7991618310767247
wiki,normalized_span_cdf,0.003623529260057389,0.7991618310767247
wiki,span_cdf,3.46,0.7994842037395229
wiki,normalized_span_cdf,0.003650491787712297,0.7994842037395229
wiki,span_cdf,3.4675,0.7998065764023211
wiki,normalized_span_cdf,0.003658404703437107,0.7998065764023211
wiki,span_cdf,3.486666666666667,0.8001289490651193
wiki,normalized_span_cdf,0.0036786265991782877,0.8001289490651193
wiki,span_cdf,3.556388888888889,0.8004513217279174
wiki,normalized_span_cdf,0.0037521874083237426,0.8004513217279174
wiki,span_cdf,3.564722222222222,0.8007736943907157
wiki,normalized_span_cdf,0.0037609795369068647,0.8007736943907157
wiki,span_cdf,3.5861111111111112,0.8010960670535139
wiki,normalized_span_cdf,0.0037835460002702114,0.8010960670535139
wiki,span_cdf,3.605277777777778,0.8014184397163121
wiki,normalized_span_cdf,0.0038037678960113923,0.8014184397163121
wiki,span_cdf,3.6069444444444443,0.8017408123791102
wiki,normalized_span_cdf,0.0038055263217280167,0.8017408123791102
wiki,span_cdf,3.6191666666666666,0.8020631850419084
wiki,normalized_span_cdf,0.003818421443649929,0.8020631850419084
wiki,span_cdf,3.631111111111111,0.8023855577047067
wiki,normalized_span_cdf,0.0038310234946190708,0.8023855577047067
wiki,span_cdf,3.637777777777778,0.8027079303675049
wiki,normalized_span_cdf,0.003838057197485569,0.8027079303675049
wiki,span_cdf,3.660833333333333,0.803030303030303
wiki,normalized_span_cdf,0.0038623820865655396,0.803030303030303
wiki,span_cdf,3.6755555555555555,0.8033526756931012
wiki,normalized_span_cdf,0.0038779148470623886,0.8033526756931012
wiki,span_cdf,3.7158333333333333,0.8036750483558994
wiki,normalized_span_cdf,0.0039204101352141455,0.8036750483558994
wiki,span_cdf,3.725277777777778,0.8039974210186976
wiki,normalized_span_cdf,0.0039303745476083505,0.8039974210186976
wiki,span_cdf,3.7266666666666666,0.8043197936814958
wiki,normalized_span_cdf,0.003931839902372204,0.8043197936814958
wiki,span_cdf,3.732222222222222,0.804642166344294
wiki,normalized_span_cdf,0.003937701321427619,0.804642166344294
wiki,span_cdf,3.7675,0.8049645390070922
wiki,normalized_span_cdf,0.0039749213324295025,0.8049645390070922
wiki,span_cdf,3.799722222222222,0.8052869116698904
wiki,normalized_span_cdf,0.004008917562950908,0.8052869116698904
wiki,span_cdf,3.828888888888889,0.8056092843326886
wiki,normalized_span_cdf,0.004039690012991835,0.8056092843326886
wiki,span_cdf,3.8419444444444446,0.8059316569954867
wiki,normalized_span_cdf,0.00405346434777206,0.8059316569954867
wiki,span_cdf,3.850277777777778,0.806254029658285
wiki,normalized_span_cdf,0.004062256476355182,0.806254029658285
wiki,span_cdf,3.855277777777778,0.8065764023210832
wiki,normalized_span_cdf,0.004067531753505055,0.8065764023210832
wiki,span_cdf,3.8575,0.8068987749838814
wiki,normalized_span_cdf,0.004069876321127221,0.8068987749838814
wiki,span_cdf,3.8605555555555555,0.8072211476466795
wiki,normalized_span_cdf,0.004073100101607699,0.8072211476466795
wiki,span_cdf,3.8894444444444445,0.8075435203094777
wiki,normalized_span_cdf,0.004103579480695856,0.8075435203094777
wiki,span_cdf,3.8944444444444444,0.807865892972276
wiki,normalized_span_cdf,0.004108854757845729,0.807865892972276
wiki,span_cdf,3.9163888888888887,0.8081882656350742
wiki,normalized_span_cdf,0.004132007363114617,0.8081882656350742
wiki,span_cdf,3.9427777777777777,0.8085106382978723
wiki,normalized_span_cdf,0.004159849103627837,0.8085106382978723
wiki,span_cdf,4.006944444444445,0.8088330109606705
wiki,normalized_span_cdf,0.004227548493717878,0.8088330109606705
wiki,span_cdf,4.0475,0.8091553836234687
wiki,normalized_span_cdf,0.004270336852822405,0.8091553836234687
wiki,span_cdf,4.048333333333333,0.809477756286267
wiki,normalized_span_cdf,0.0042712160656807165,0.809477756286267
wiki,span_cdf,4.052222222222222,0.8098001289490652
wiki,normalized_span_cdf,0.004275319059019508,0.8098001289490652
wiki,span_cdf,4.064444444444445,0.8101225016118633
wiki,normalized_span_cdf,0.00428821418094142,0.8101225016118633
wiki,span_cdf,4.135277777777778,0.8104448742746615
wiki,normalized_span_cdf,0.004362947273897958,0.8104448742746615
wiki,span_cdf,4.146111111111111,0.8110896196002579
wiki,normalized_span_cdf,0.004374377041056017,0.8110896196002579
wiki,span_cdf,4.160555555555556,0.811411992263056
wiki,normalized_span_cdf,0.004389616730600095,0.811411992263056
wiki,span_cdf,4.187777777777778,0.8117343649258543
wiki,normalized_span_cdf,0.004418337683971627,0.8117343649258543
wiki,span_cdf,4.220555555555555,0.8120567375886525
wiki,normalized_span_cdf,0.004452920056398574,0.8120567375886525
wiki,span_cdf,4.229166666666667,0.8123791102514507
wiki,normalized_span_cdf,0.004462005255934467,0.8123791102514507
wiki,span_cdf,4.249722222222222,0.8127014829142488
wiki,normalized_span_cdf,0.0044836925064395015,0.8127014829142488
wiki,span_cdf,4.260555555555555,0.813023855577047
wiki,normalized_span_cdf,0.00449512227359756,0.813023855577047
wiki,span_cdf,4.287222222222222,0.8133462282398453
wiki,normalized_span_cdf,0.004523257085063551,0.8133462282398453
wiki,span_cdf,4.338888888888889,0.8136686009026435
wiki,normalized_span_cdf,0.004577768282278908,0.8136686009026435
wiki,span_cdf,4.364722222222222,0.8139909735654417
wiki,normalized_span_cdf,0.0046050238808865865,0.8139909735654417
wiki,span_cdf,4.405833333333334,0.8143133462282398
wiki,normalized_span_cdf,0.0046483983818966556,0.8143133462282398
wiki,span_cdf,4.414166666666667,0.814635718891038
wiki,normalized_span_cdf,0.004657190510479778,0.814635718891038
wiki,span_cdf,4.447222222222222,0.8149580915538363
wiki,normalized_span_cdf,0.004692065953859495,0.8149580915538363
wiki,span_cdf,4.463611111111111,0.8152804642166345
wiki,normalized_span_cdf,0.004709357140072969,0.8152804642166345
wiki,span_cdf,4.4863888888888885,0.8156028368794326
wiki,normalized_span_cdf,0.004733388958200169,0.8156028368794326
wiki,span_cdf,4.496666666666667,0.8159252095422308
wiki,normalized_span_cdf,0.0047442325834526865,0.8159252095422308
wiki,span_cdf,4.523333333333333,0.816247582205029
wiki,normalized_span_cdf,0.004772367394918677,0.816247582205029
wiki,span_cdf,4.535277777777778,0.8165699548678272
wiki,normalized_span_cdf,0.004784969445887819,0.8165699548678272
wiki,span_cdf,4.555,0.8168923275306254
wiki,normalized_span_cdf,0.004805777483534541,0.8168923275306254
wiki,span_cdf,4.567777777777778,0.8172147001934236
wiki,normalized_span_cdf,0.004819258747361995,0.8172147001934236
wiki,span_cdf,4.585833333333333,0.8175370728562218
wiki,normalized_span_cdf,0.004838308359292093,0.8175370728562218
wiki,span_cdf,4.601666666666667,0.81785944551902
wiki,normalized_span_cdf,0.004855013403600025,0.81785944551902
wiki,span_cdf,4.62,0.8181818181818182
wiki,normalized_span_cdf,0.004874356086482894,0.8181818181818182
wiki,span_cdf,4.670277777777778,0.8185041908446163
wiki,normalized_span_cdf,0.004927401928934397,0.8185041908446163
wiki,span_cdf,4.671944444444445,0.8188265635074146
wiki,normalized_span_cdf,0.004929160354651021,0.8188265635074146
wiki,span_cdf,4.6947222222222225,0.8191489361702128
wiki,normalized_span_cdf,0.004953192172778222,0.8191489361702128
wiki,span_cdf,4.711944444444445,0.819471308833011
wiki,normalized_span_cdf,0.0049713625718500075,0.819471308833011
wiki,span_cdf,4.768055555555556,0.8201160541586073
wiki,normalized_span_cdf,0.005030562904309696,0.8201160541586073
wiki,span_cdf,4.775555555555556,0.8204384268214056
wiki,normalized_span_cdf,0.005038475820034507,0.8204384268214056
wiki,span_cdf,4.786944444444444,0.8207607994842038
wiki,normalized_span_cdf,0.0050504917290981055,0.8207607994842038
wiki,span_cdf,4.808611111111111,0.8210831721470019
wiki,normalized_span_cdf,0.005073351263414224,0.8210831721470019
wiki,span_cdf,4.824166666666667,0.8214055448098001
wiki,normalized_span_cdf,0.005089763236769385,0.8214055448098001
wiki,span_cdf,4.830555555555556,0.8217279174725983
wiki,normalized_span_cdf,0.005096503868683112,0.8217279174725983
wiki,span_cdf,4.833611111111111,0.8220502901353965
wiki,normalized_span_cdf,0.00509972764916359,0.8220502901353965
wiki,span_cdf,4.872777777777777,0.8223726627981948
wiki,normalized_span_cdf,0.005141050653504264,0.8223726627981948
wiki,span_cdf,4.8775,0.8226950354609929
wiki,normalized_span_cdf,0.005146032859701367,0.8226950354609929
wiki,span_cdf,4.885555555555555,0.8230174081237911
wiki,normalized_span_cdf,0.005154531917331718,0.8230174081237911
wiki,span_cdf,4.898333333333333,0.8233397807865893
wiki,normalized_span_cdf,0.005168013181159172,0.8233397807865893
wiki,span_cdf,4.920555555555556,0.8236621534493875
wiki,normalized_span_cdf,0.005191458857380831,0.8236621534493875
wiki,span_cdf,4.920833333333333,0.8239845261121856
wiki,normalized_span_cdf,0.0051917519283336015,0.8239845261121856
wiki,span_cdf,4.941388888888889,0.8243068987749839
wiki,normalized_span_cdf,0.005213439178838636,0.8243068987749839
wiki,span_cdf,4.96,0.8246292714377821
wiki,normalized_span_cdf,0.005233074932674275,0.8246292714377821
wiki,span_cdf,4.9863888888888885,0.8249516441005803
wiki,normalized_span_cdf,0.005260916673187495,0.8249516441005803
wiki,span_cdf,4.997222222222222,0.8252740167633784
wiki,normalized_span_cdf,0.005272346440345554,0.8252740167633784
wiki,span_cdf,5.0175,0.8255963894261766
wiki,normalized_span_cdf,0.005293740619897818,0.8255963894261766
wiki,span_cdf,5.02,0.8259187620889749
wiki,normalized_span_cdf,0.0052963782584727545,0.8259187620889749
wiki,span_cdf,5.051111111111111,0.8262411347517731
wiki,normalized_span_cdf,0.005329202205183077,0.8262411347517731
wiki,span_cdf,5.0569444444444445,0.8265635074145713
wiki,normalized_span_cdf,0.0053353566951912625,0.8265635074145713
wiki,span_cdf,5.066944444444444,0.8268858800773694
wiki,normalized_span_cdf,0.005345907249491009,0.8268858800773694
wiki,span_cdf,5.073333333333333,0.8272082527401676
wiki,normalized_span_cdf,0.005352647881404736,0.8272082527401676
wiki,span_cdf,5.127222222222223,0.8275306254029658
wiki,normalized_span_cdf,0.005409503646242259,0.8275306254029658
wiki,span_cdf,5.169444444444444,0.8278529980657641
wiki,normalized_span_cdf,0.005454050431063411,0.8278529980657641
wiki,span_cdf,5.230555555555555,0.8281753707285622
wiki,normalized_span_cdf,0.005518526040672973,0.8281753707285622
wiki,span_cdf,5.267777777777778,0.8284977433913604
wiki,normalized_span_cdf,0.005557797548344252,0.8284977433913604
wiki,span_cdf,5.272777777777778,0.8288201160541586
wiki,normalized_span_cdf,0.005563072825494125,0.8288201160541586
wiki,span_cdf,5.28,0.8291424887169568
wiki,normalized_span_cdf,0.005570692670266164,0.8291424887169568
wiki,span_cdf,5.326944444444444,0.829464861379755
wiki,normalized_span_cdf,0.005620221661284419,0.829464861379755
wiki,span_cdf,5.3375,0.8297872340425532
wiki,normalized_span_cdf,0.005631358357489707,0.8297872340425532
wiki,span_cdf,5.3597222222222225,0.8301096067053514
wiki,normalized_span_cdf,0.0056548040337113656,0.8301096067053514
wiki,span_cdf,5.368611111111111,0.8304319793681496
wiki,normalized_span_cdf,0.005664182304200029,0.8304319793681496
wiki,span_cdf,5.396111111111111,0.8307543520309478
wiki,normalized_span_cdf,0.005693196328524332,0.8307543520309478
wiki,span_cdf,5.402222222222222,0.8310767246937459
wiki,normalized_span_cdf,0.005699643889485288,0.8310767246937459
wiki,span_cdf,5.440555555555555,0.8313990973565442
wiki,normalized_span_cdf,0.00574008768096765,0.8313990973565442
wiki,span_cdf,5.4675,0.8317214700193424
wiki,normalized_span_cdf,0.005768515563386411,0.8317214700193424
wiki,span_cdf,5.467777777777778,0.8320438426821406
wiki,normalized_span_cdf,0.005768808634339182,0.8320438426821406
wiki,span_cdf,5.469444444444444,0.8323662153449387
wiki,normalized_span_cdf,0.0057705670600558066,0.8323662153449387
wiki,span_cdf,5.498055555555555,0.8326885880077369
wiki,normalized_span_cdf,0.0058007533681911925,0.8326885880077369
wiki,span_cdf,5.503611111111111,0.8330109606705351
wiki,normalized_span_cdf,0.005806614787246607,0.8330109606705351
wiki,span_cdf,5.5175,0.8333333333333334
wiki,normalized_span_cdf,0.005821268334885144,0.8333333333333334
wiki,span_cdf,5.524166666666667,0.8336557059961315
wiki,normalized_span_cdf,0.005828302037751642,0.8336557059961315
wiki,span_cdf,5.526388888888889,0.8339780786589297
wiki,normalized_span_cdf,0.005830646605373808,0.8339780786589297
wiki,span_cdf,5.554166666666666,0.8343004513217279
wiki,normalized_span_cdf,0.005859953700650881,0.8343004513217279
wiki,span_cdf,5.616666666666666,0.8346228239845261
wiki,normalized_span_cdf,0.005925894665024297,0.8346228239845261
wiki,span_cdf,5.6177777777777775,0.8349451966473244
wiki,normalized_span_cdf,0.00592706694883538,0.8349451966473244
wiki,span_cdf,5.623055555555555,0.8352675693101225
wiki,normalized_span_cdf,0.005932635296938024,0.8352675693101225
wiki,span_cdf,5.664722222222222,0.8355899419729207
wiki,normalized_span_cdf,0.0059765959398536345,0.8355899419729207
wiki,span_cdf,5.673611111111111,0.8359123146357189
wiki,normalized_span_cdf,0.005985974210342298,0.8359123146357189
wiki,span_cdf,5.675,0.8362346872985171
wiki,normalized_span_cdf,0.005987439565106152,0.8362346872985171
wiki,span_cdf,5.6875,0.8365570599613152
wiki,normalized_span_cdf,0.006000627757980835,0.8365570599613152
wiki,span_cdf,5.7491666666666665,0.8368794326241135
wiki,normalized_span_cdf,0.0060656895094959385,0.8368794326241135
wiki,span_cdf,5.751666666666667,0.8372018052869117
wiki,normalized_span_cdf,0.006068327148070875,0.8372018052869117
wiki,span_cdf,5.7652777777777775,0.8375241779497099
wiki,normalized_span_cdf,0.006082687624756641,0.8375241779497099
wiki,span_cdf,5.803888888888889,0.837846550612508
wiki,normalized_span_cdf,0.0061234244871917745,0.837846550612508
wiki,span_cdf,5.841388888888889,0.8381689232753062
wiki,normalized_span_cdf,0.006162989065815823,0.8381689232753062
wiki,span_cdf,5.875277777777778,0.8384912959381045
wiki,normalized_span_cdf,0.006198743722053853,0.8384912959381045
wiki,span_cdf,5.888333333333334,0.8388136686009027
wiki,normalized_span_cdf,0.006212518056834078,0.8388136686009027
wiki,span_cdf,5.891111111111111,0.8391360412637009
wiki,normalized_span_cdf,0.006215448766361785,0.8391360412637009
wiki,span_cdf,5.900833333333333,0.839458413926499
wiki,normalized_span_cdf,0.006225706249708761,0.839458413926499
wiki,span_cdf,5.911388888888889,0.8397807865892972
wiki,normalized_span_cdf,0.006236842945914049,0.8397807865892972
wiki,span_cdf,5.9255555555555555,0.8401031592520954
wiki,normalized_span_cdf,0.006251789564505356,0.8401031592520954
wiki,span_cdf,5.973055555555556,0.8404255319148937
wiki,normalized_span_cdf,0.006301904697429152,0.8404255319148937
wiki,span_cdf,5.9783333333333335,0.8407479045776918
wiki,normalized_span_cdf,0.006307473045531796,0.8407479045776918
wiki,span_cdf,5.983611111111111,0.84107027724049
wiki,normalized_span_cdf,0.00631304139363444,0.84107027724049
wiki,span_cdf,6.044444444444444,0.8413926499032882
wiki,normalized_span_cdf,0.006377223932291232,0.8413926499032882
wiki,span_cdf,6.046666666666667,0.8417150225660864
wiki,normalized_span_cdf,0.0063795684999133975,0.8417150225660864
wiki,span_cdf,6.0525,0.8420373952288845
wiki,normalized_span_cdf,0.006385722989921583,0.8420373952288845
wiki,span_cdf,6.0925,0.8423597678916828
wiki,normalized_span_cdf,0.006427925207120569,0.8423597678916828
wiki,span_cdf,6.101944444444444,0.842682140554481
wiki,normalized_span_cdf,0.006437889619514774,0.842682140554481
wiki,span_cdf,6.105277777777777,0.8430045132172792
wiki,normalized_span_cdf,0.006441406470948023,0.8430045132172792
wiki,span_cdf,6.126111111111111,0.8433268858800773
wiki,normalized_span_cdf,0.006463386792405828,0.8433268858800773
wiki,span_cdf,6.131388888888889,0.8436492585428755
wiki,normalized_span_cdf,0.006468955140508472,0.8436492585428755
wiki,span_cdf,6.140555555555555,0.8439716312056738
wiki,normalized_span_cdf,0.0064786264819499065,0.8439716312056738
wiki,span_cdf,6.166388888888889,0.844294003868472
wiki,normalized_span_cdf,0.006505882080557585,0.844294003868472
wiki,span_cdf,6.182222222222222,0.8446163765312702
wiki,normalized_span_cdf,0.006522587124865517,0.8446163765312702
wiki,span_cdf,6.2825,0.8449387491940683
wiki,normalized_span_cdf,0.006628385738815753,0.8449387491940683
wiki,span_cdf,6.340833333333333,0.8452611218568665
wiki,normalized_span_cdf,0.006689930638897608,0.8452611218568665
wiki,span_cdf,6.3469444444444445,0.8455834945196647
wiki,normalized_span_cdf,0.006696378199858564,0.8455834945196647
wiki,span_cdf,6.348333333333334,0.845905867182463
wiki,normalized_span_cdf,0.006697843554622418,0.845905867182463
wiki,span_cdf,6.385833333333333,0.8462282398452611
wiki,normalized_span_cdf,0.006737408133246467,0.8462282398452611
wiki,span_cdf,6.416666666666667,0.8465506125080593
wiki,normalized_span_cdf,0.006769939009004019,0.8465506125080593
wiki,span_cdf,6.429444444444444,0.8468729851708575
wiki,normalized_span_cdf,0.006783420272831473,0.8468729851708575
wiki,span_cdf,6.458333333333333,0.8471953578336557
wiki,normalized_span_cdf,0.006813899651919629,0.8471953578336557
wiki,span_cdf,6.556388888888889,0.8475177304964538
wiki,normalized_span_cdf,0.0069173536982476995,0.8475177304964538
wiki,span_cdf,6.570833333333334,0.8478401031592521
wiki,normalized_span_cdf,0.006932593387791779,0.8478401031592521
wiki,span_cdf,6.628333333333333,0.8481624758220503
wiki,normalized_span_cdf,0.00699325907501532,0.8481624758220503
wiki,span_cdf,6.684444444444445,0.8484848484848485
wiki,normalized_span_cdf,0.00705245940747501,0.8484848484848485
wiki,span_cdf,6.753333333333333,0.8488072211476467
wiki,normalized_span_cdf,0.007125141003762152,0.8488072211476467
wiki,span_cdf,6.800833333333333,0.8491295938104448
wiki,normalized_span_cdf,0.007175256136685948,0.8491295938104448
wiki,span_cdf,6.808888888888889,0.8494519664732431
wiki,normalized_span_cdf,0.007183755194316299,0.8494519664732431
wiki,span_cdf,6.813611111111111,0.8497743391360413
wiki,normalized_span_cdf,0.007188737400513402,0.8497743391360413
wiki,span_cdf,6.849166666666667,0.8500967117988395
wiki,normalized_span_cdf,0.007226250482468057,0.8500967117988395
wiki,span_cdf,6.901388888888889,0.8504190844616376
wiki,normalized_span_cdf,0.0072813478215889545,0.8504190844616376
wiki,span_cdf,6.935555555555555,0.8507414571244358
wiki,normalized_span_cdf,0.007317395548779755,0.8507414571244358
wiki,span_cdf,6.955277777777778,0.851063829787234
wiki,normalized_span_cdf,0.007338203586426477,0.851063829787234
wiki,span_cdf,6.975555555555555,0.8513862024500323
wiki,normalized_span_cdf,0.007359597765978741,0.8513862024500323
wiki,span_cdf,6.985,0.8517085751128304
wiki,normalized_span_cdf,0.007369562178372946,0.8517085751128304
wiki,span_cdf,7.013888888888889,0.8520309477756286
wiki,normalized_span_cdf,0.007400041557461104,0.8520309477756286
wiki,span_cdf,7.054444444444444,0.8523533204384268
wiki,normalized_span_cdf,0.0074428299165656304,0.8523533204384268
wiki,span_cdf,7.057222222222222,0.852675693101225
wiki,normalized_span_cdf,0.007445760626093338,0.852675693101225
wiki,span_cdf,7.060833333333333,0.8529980657640233
wiki,normalized_span_cdf,0.007449570548479357,0.8529980657640233
wiki,span_cdf,7.145,0.8533204384268214
wiki,normalized_span_cdf,0.007538371047168891,0.8533204384268214
wiki,span_cdf,7.159722222222222,0.8536428110896196
wiki,normalized_span_cdf,0.00755390380766574,0.8536428110896196
wiki,span_cdf,7.192222222222222,0.8539651837524178
wiki,normalized_span_cdf,0.007588193109139916,0.8539651837524178
wiki,span_cdf,7.220555555555555,0.854287556415216
wiki,normalized_span_cdf,0.007618086346322531,0.854287556415216
wiki,span_cdf,7.243888888888889,0.8546099290780141
wiki,normalized_span_cdf,0.007642704306355273,0.8546099290780141
wiki,span_cdf,7.275555555555556,0.8549323017408124
wiki,normalized_span_cdf,0.007676114394971138,0.8549323017408124
wiki,span_cdf,7.294444444444444,0.8552546744036106
wiki,normalized_span_cdf,0.007696043219759547,0.8552546744036106
wiki,span_cdf,7.331111111111111,0.8555770470664088
wiki,normalized_span_cdf,0.007734728585525284,0.8555770470664088
wiki,span_cdf,7.3375,0.8558994197292069
wiki,normalized_span_cdf,0.007741469217439011,0.8558994197292069
wiki,span_cdf,7.338333333333333,0.8562217923920051
wiki,normalized_span_cdf,0.007742348430297323,0.8562217923920051
wiki,span_cdf,7.392777777777778,0.8565441650548034
wiki,normalized_span_cdf,0.007799790337040388,0.8565441650548034
wiki,span_cdf,7.421111111111111,0.8568665377176016
wiki,normalized_span_cdf,0.007829683574223003,0.8568665377176016
wiki,span_cdf,7.435833333333333,0.8571889103803998
wiki,normalized_span_cdf,0.007845216334719851,0.8571889103803998
wiki,span_cdf,7.474722222222222,0.8575112830431979
wiki,normalized_span_cdf,0.007886246268107754,0.8575112830431979
wiki,span_cdf,7.509166666666666,0.8578336557059961
wiki,normalized_span_cdf,0.007922587066251326,0.8578336557059961
wiki,span_cdf,7.623611111111111,0.8581560283687943
wiki,normalized_span_cdf,0.00804333229879287,0.8581560283687943
wiki,span_cdf,7.638888888888889,0.8584784010315926
wiki,normalized_span_cdf,0.00805945120119526,0.8584784010315926
wiki,span_cdf,7.643611111111111,0.8588007736943907
wiki,normalized_span_cdf,0.008064433407392364,0.8588007736943907
wiki,span_cdf,7.653888888888889,0.8591231463571889
wiki,normalized_span_cdf,0.00807527703264488,0.8591231463571889
wiki,span_cdf,7.770833333333333,0.8594455190199871
wiki,normalized_span_cdf,0.00819865990376136,0.8594455190199871
wiki,span_cdf,7.775277777777778,0.8597678916827853
wiki,normalized_span_cdf,0.008203349039005693,0.8597678916827853
wiki,span_cdf,7.816111111111111,0.8600902643455834
wiki,normalized_span_cdf,0.00824643046906299,0.8600902643455834
wiki,span_cdf,8.011666666666667,0.8604126370083817
wiki,normalized_span_cdf,0.00845275241981359,0.8604126370083817
wiki,span_cdf,8.038333333333334,0.8607350096711799
wiki,normalized_span_cdf,0.00848088723127958,0.8607350096711799
wiki,span_cdf,8.14638888888889,0.8610573823339781
wiki,normalized_span_cdf,0.008594891831907397,0.8610573823339781
wiki,span_cdf,8.169166666666667,0.8613797549967763
wiki,normalized_span_cdf,0.008618923650034598,0.8613797549967763
wiki,span_cdf,8.186944444444444,0.8617021276595744
wiki,normalized_span_cdf,0.008637680191011923,0.8617021276595744
wiki,span_cdf,8.213333333333333,0.8620245003223727
wiki,normalized_span_cdf,0.008665521931525144,0.8620245003223727
wiki,span_cdf,8.214722222222223,0.8623468729851709
wiki,normalized_span_cdf,0.008666987286288999,0.8623468729851709
wiki,span_cdf,8.258888888888889,0.8626692456479691
wiki,normalized_span_cdf,0.008713585567779545,0.8626692456479691
wiki,span_cdf,8.298055555555555,0.8629916183107672
wiki,normalized_span_cdf,0.008754908572120218,0.8629916183107672
wiki,span_cdf,8.336666666666666,0.8633139909735654
wiki,normalized_span_cdf,0.008795645434555351,0.8633139909735654
wiki,span_cdf,8.3375,0.8636363636363636
wiki,normalized_span_cdf,0.008796524647413664,0.8636363636363636
wiki,span_cdf,8.37138888888889,0.8639587362991619
wiki,normalized_span_cdf,0.008832279303651694,0.8639587362991619
wiki,span_cdf,8.423333333333334,0.86428110896196
wiki,normalized_span_cdf,0.008887083571819821,0.86428110896196
wiki,span_cdf,8.436666666666667,0.8646034816247582
wiki,normalized_span_cdf,0.008901150977552817,0.8646034816247582
wiki,span_cdf,8.483611111111111,0.8649258542875564
wiki,normalized_span_cdf,0.008950679968571072,0.8649258542875564
wiki,span_cdf,8.491111111111111,0.8652482269503546
wiki,normalized_span_cdf,0.008958592884295881,0.8652482269503546
wiki,span_cdf,8.49638888888889,0.8655705996131529
wiki,normalized_span_cdf,0.008964161232398526,0.8655705996131529
wiki,span_cdf,8.538611111111111,0.865892972275951
wiki,normalized_span_cdf,0.009008708017219676,0.865892972275951
wiki,span_cdf,8.678055555555556,0.8662153449387492
wiki,normalized_span_cdf,0.009155829635510588,0.8662153449387492
wiki,span_cdf,8.691944444444445,0.8665377176015474
wiki,normalized_span_cdf,0.009170483183149124,0.8665377176015474
wiki,span_cdf,8.742222222222223,0.8668600902643456
wiki,normalized_span_cdf,0.009223529025600627,0.8668600902643456
wiki,span_cdf,8.758333333333333,0.8671824629271437
wiki,normalized_span_cdf,0.00924052714086133,0.8671824629271437
wiki,span_cdf,8.84,0.867504835589942
wiki,normalized_span_cdf,0.009326690000975926,0.867504835589942
wiki,span_cdf,9.099166666666667,0.8678272082527402
wiki,normalized_span_cdf,0.009600125199911025,0.8678272082527402
wiki,span_cdf,9.136388888888888,0.8681495809155384
wiki,normalized_span_cdf,0.009639396707582302,0.8681495809155384
wiki,span_cdf,9.223333333333333,0.8684719535783365
wiki,normalized_span_cdf,0.009731127915799543,0.8684719535783365
wiki,span_cdf,9.238888888888889,0.8687943262411347
wiki,normalized_span_cdf,0.009747539889154704,0.8687943262411347
wiki,span_cdf,9.345833333333333,0.869116698903933
wiki,normalized_span_cdf,0.009860372205971437,0.869116698903933
wiki,span_cdf,9.361944444444445,0.8694390715667312
wiki,normalized_span_cdf,0.009877370321232141,0.8694390715667312
wiki,span_cdf,9.581666666666667,0.8697614442295294
wiki,normalized_span_cdf,0.010109189444873793,0.8697614442295294
wiki,span_cdf,9.720833333333333,0.8700838168923275
wiki,normalized_span_cdf,0.010256017992211932,0.8700838168923275
wiki,span_cdf,9.856111111111112,0.8704061895551257
wiki,normalized_span_cdf,0.010398743546211281,0.8704061895551257
wiki,span_cdf,9.891388888888889,0.8707285622179239
wiki,normalized_span_cdf,0.010435963557213164,0.8707285622179239
wiki,span_cdf,9.92388888888889,0.8710509348807222
wiki,normalized_span_cdf,0.010470252858687341,0.8710509348807222
wiki,span_cdf,9.991666666666667,0.8713733075435203
wiki,normalized_span_cdf,0.0105417621711634,0.8713733075435203
wiki,span_cdf,9.995,0.8716956802063185
wiki,normalized_span_cdf,0.01054527902259665,0.8716956802063185
wiki,span_cdf,10.054722222222223,0.8720180528691167
wiki,normalized_span_cdf,0.010608289277442359,0.8720180528691167
wiki,span_cdf,10.075555555555555,0.8723404255319149
wiki,normalized_span_cdf,0.010630269598900163,0.8723404255319149
wiki,span_cdf,10.1,0.872662798194713
wiki,normalized_span_cdf,0.010656059842743988,0.872662798194713
wiki,span_cdf,10.270555555555555,0.8729851708575113
wiki,normalized_span_cdf,0.01083600540774522,0.8729851708575113
wiki,span_cdf,10.401111111111112,0.8733075435203095
wiki,normalized_span_cdf,0.010973748755547467,0.8733075435203095
wiki,span_cdf,10.41,0.8736299161831077
wiki,normalized_span_cdf,0.01098312702603613,0.8736299161831077
wiki,span_cdf,10.442777777777778,0.8739522888459059
wiki,normalized_span_cdf,0.011017709398463077,0.8739522888459059
wiki,span_cdf,10.4875,0.874274661508704
wiki,normalized_span_cdf,0.011064893821859167,0.874274661508704
wiki,span_cdf,10.505277777777778,0.8745970341715023
wiki,normalized_span_cdf,0.011083650362836492,0.8745970341715023
wiki,span_cdf,10.511388888888888,0.8749194068343005
wiki,normalized_span_cdf,0.011090097923797448,0.8749194068343005
wiki,span_cdf,10.648888888888889,0.8752417794970987
wiki,normalized_span_cdf,0.011235168045418964,0.8752417794970987
wiki,span_cdf,10.668611111111112,0.8755641521598968
wiki,normalized_span_cdf,0.011255976083065687,0.8755641521598968
wiki,span_cdf,10.679722222222223,0.875886524822695
wiki,normalized_span_cdf,0.011267698921176517,0.875886524822695
wiki,span_cdf,10.800277777777778,0.8762088974854932
wiki,normalized_span_cdf,0.011394891714679015,0.8762088974854932
wiki,span_cdf,10.861944444444445,0.8765312701482915
wiki,normalized_span_cdf,0.01145995346619412,0.8765312701482915
wiki,span_cdf,10.91388888888889,0.8768536428110896
wiki,normalized_span_cdf,0.011514757734362247,0.8768536428110896
wiki,span_cdf,10.921111111111111,0.8771760154738878
wiki,normalized_span_cdf,0.011522377579134286,0.8771760154738878
wiki,span_cdf,10.961388888888889,0.877498388136686
wiki,normalized_span_cdf,0.011564872867286044,0.877498388136686
wiki,span_cdf,10.96888888888889,0.8778207607994842
wiki,normalized_span_cdf,0.011572785783010853,0.8778207607994842
wiki,span_cdf,11.041944444444445,0.8781431334622823
wiki,normalized_span_cdf,0.011649863443589557,0.8781431334622823
wiki,span_cdf,11.148333333333333,0.8784655061250806
wiki,normalized_span_cdf,0.011762109618500749,0.8784655061250806
wiki,span_cdf,11.165,0.8787878787878788
wiki,normalized_span_cdf,0.011779693875666993,0.8787878787878788
wiki,span_cdf,11.177222222222222,0.879110251450677
wiki,normalized_span_cdf,0.011792588997588905,0.879110251450677
wiki,span_cdf,11.241111111111111,0.8794326241134752
wiki,normalized_span_cdf,0.011859995316726175,0.8794326241134752
wiki,span_cdf,11.28138888888889,0.8797549967762733
wiki,normalized_span_cdf,0.011902490604877932,0.8797549967762733
wiki,span_cdf,11.497222222222222,0.8800773694390716
wiki,normalized_span_cdf,0.012130206735180794,0.8800773694390716
wiki,span_cdf,11.61138888888889,0.8803997421018698
wiki,normalized_span_cdf,0.012250658896769568,0.8803997421018698
wiki,span_cdf,11.643611111111111,0.880722114764668
wiki,normalized_span_cdf,0.012284655127290973,0.880722114764668
wiki,span_cdf,11.766666666666667,0.8810444874274661
wiki,normalized_span_cdf,0.01241448555936841,0.8810444874274661
wiki,span_cdf,11.858055555555556,0.8813668600902643
wiki,normalized_span_cdf,0.012510905902829982,0.8813668600902643
wiki,span_cdf,11.988611111111112,0.8816892327530625
wiki,normalized_span_cdf,0.012648649250632228,0.8816892327530625
wiki,span_cdf,12.004722222222222,0.8820116054158608
wiki,normalized_span_cdf,0.01266564736589293,0.8820116054158608
wiki,span_cdf,12.042777777777777,0.8823339780786589
wiki,normalized_span_cdf,0.012705798086422521,0.8823339780786589
wiki,span_cdf,12.045833333333333,0.8826563507414571
wiki,normalized_span_cdf,0.012709021866902998,0.8826563507414571
wiki,span_cdf,12.078888888888889,0.8829787234042553
wiki,normalized_span_cdf,0.012743897310282717,0.8829787234042553
wiki,span_cdf,12.113055555555556,0.8833010960670535
wiki,normalized_span_cdf,0.012779945037473518,0.8833010960670535
wiki,span_cdf,12.2525,0.8836234687298518
wiki,normalized_span_cdf,0.012927066655764426,0.8836234687298518
wiki,span_cdf,12.364166666666666,0.8839458413926499
wiki,normalized_span_cdf,0.013044881178778263,0.8839458413926499
wiki,span_cdf,12.473888888888888,0.8842682140554481
wiki,normalized_span_cdf,0.013160644205122704,0.8842682140554481
wiki,span_cdf,12.514722222222222,0.8845905867182463
wiki,normalized_span_cdf,0.013203725635180002,0.8845905867182463
wiki,span_cdf,12.962222222222222,0.8849129593810445
wiki,normalized_span_cdf,0.01367586294009366,0.8849129593810445
wiki,span_cdf,13.181944444444444,0.8852353320438426
wiki,normalized_span_cdf,0.013907682063735312,0.8852353320438426
wiki,span_cdf,13.524444444444445,0.8855577047066409
wiki,normalized_span_cdf,0.01426903854850163,0.8855577047066409
wiki,span_cdf,13.82638888888889,0.8858800773694391
wiki,normalized_span_cdf,0.014587606674163422,0.8858800773694391
wiki,span_cdf,14.035833333333333,0.8862024500322373
wiki,normalized_span_cdf,0.014808582172552556,0.8862024500322373
wiki,span_cdf,14.06638888888889,0.8865248226950354
wiki,normalized_span_cdf,0.014840819977357339,0.8865248226950354
wiki,span_cdf,14.1625,0.8868471953578336
wiki,normalized_span_cdf,0.014942222527016012,0.8868471953578336
wiki,span_cdf,14.19111111111111,0.8871695680206318
wiki,normalized_span_cdf,0.014972408835151399,0.8871695680206318
wiki,span_cdf,14.743333333333334,0.8874919406834301
wiki,normalized_span_cdf,0.015555033889259624,0.8874919406834301
wiki,span_cdf,14.771666666666667,0.8878143133462283
wiki,normalized_span_cdf,0.015584927126442239,0.8878143133462283
wiki,span_cdf,14.803888888888888,0.8881366860090264
wiki,normalized_span_cdf,0.015618923356963644,0.8881366860090264
wiki,span_cdf,14.943888888888889,0.8884590586718246
wiki,normalized_span_cdf,0.015766631117160097,0.8884590586718246
wiki,span_cdf,15.109444444444444,0.8887814313346228
wiki,normalized_span_cdf,0.015941301405011453,0.8887814313346228
wiki,span_cdf,15.650833333333333,0.8891038039974211
wiki,normalized_span_cdf,0.01651249669196162,0.8891038039974211
wiki,span_cdf,15.733333333333333,0.8894261766602192
wiki,normalized_span_cdf,0.01659953876493453,0.8894261766602192
wiki,span_cdf,16.009444444444444,0.8897485493230174
wiki,normalized_span_cdf,0.01689085129198864,0.8897485493230174
wiki,span_cdf,16.29083333333333,0.8900709219858156
wiki,normalized_span_cdf,0.017187732167145395,0.8900709219858156
wiki,span_cdf,16.395555555555557,0.8903932946486138
wiki,normalized_span_cdf,0.017298219916339966,0.8903932946486138
wiki,span_cdf,16.641666666666666,0.8907156673114119
wiki,normalized_span_cdf,0.017557880780494837,0.8907156673114119
wiki,span_cdf,16.836111111111112,0.8910380399742102
wiki,normalized_span_cdf,0.017763030447434356,0.8910380399742102
wiki,span_cdf,16.846944444444443,0.8913604126370084
wiki,normalized_span_cdf,0.017774460214592412,0.8913604126370084
wiki,span_cdf,17.063055555555554,0.8916827852998066
wiki,normalized_span_cdf,0.018002469415848044,0.8916827852998066
wiki,span_cdf,17.23111111111111,0.8920051579626048
wiki,normalized_span_cdf,0.018179777342274342,0.8920051579626048
wiki,span_cdf,17.278333333333332,0.8923275306254029
wiki,normalized_span_cdf,0.018229599404245365,0.8923275306254029
wiki,span_cdf,17.289722222222224,0.8926499032882012
wiki,normalized_span_cdf,0.01824161531330897,0.8926499032882012
wiki,span_cdf,17.353055555555557,0.8929722759509994
wiki,normalized_span_cdf,0.018308435490540696,0.8929722759509994
wiki,span_cdf,17.508055555555554,0.8932946486137976
wiki,normalized_span_cdf,0.018471969082186766,0.8932946486137976
wiki,span_cdf,17.65388888888889,0.8936170212765957
wiki,normalized_span_cdf,0.018625831332391405,0.8936170212765957
wiki,span_cdf,17.797777777777778,0.8939393939393939
wiki,normalized_span_cdf,0.018777642085926645,0.8939393939393939
wiki,span_cdf,18.1675,0.8942617666021921
wiki,normalized_span_cdf,0.019167719524064496,0.8942617666021921
wiki,span_cdf,18.204444444444444,0.8945841392649904
wiki,normalized_span_cdf,0.019206697960783004,0.8945841392649904
wiki,span_cdf,18.296666666666667,0.8949065119277885
wiki,normalized_span_cdf,0.019303997517102888,0.8949065119277885
wiki,span_cdf,19.011111111111113,0.8952288845905867
wiki,normalized_span_cdf,0.020057776007629226,0.8952288845905867
wiki,span_cdf,19.540277777777778,0.8955512572533849
wiki,normalized_span_cdf,0.020616076172657476,0.8955512572533849
wiki,span_cdf,19.86111111111111,0.8958736299161831
wiki,normalized_span_cdf,0.020954573123107677,0.8958736299161831
wiki,span_cdf,19.86916666666667,0.8961960025789814
wiki,normalized_span_cdf,0.02096307218073803,0.8961960025789814
wiki,span_cdf,20.001944444444444,0.8965183752417795
wiki,normalized_span_cdf,0.021103160096162442,0.8965183752417795
wiki,span_cdf,20.101388888888888,0.8968407479045777
wiki,normalized_span_cdf,0.021208079497254364,0.8968407479045777
wiki,span_cdf,20.650277777777777,0.8971631205673759
wiki,normalized_span_cdf,0.02178718769992934,0.8971631205673759
wiki,span_cdf,20.779166666666665,0.8974854932301741
wiki,normalized_span_cdf,0.02192317262201496,0.8974854932301741
wiki,span_cdf,20.843888888888888,0.8978078658929722
wiki,normalized_span_cdf,0.021991458154010542,0.8978078658929722
wiki,span_cdf,21.070555555555554,0.8981302385557705
wiki,normalized_span_cdf,0.022230604051471464,0.8981302385557705
wiki,span_cdf,21.09138888888889,0.8984526112185687
wiki,normalized_span_cdf,0.022252584372929273,0.8984526112185687
wiki,span_cdf,21.33138888888889,0.8987749838813669
wiki,normalized_span_cdf,0.022505797676123186,0.8987749838813669
wiki,span_cdf,21.720833333333335,0.899097356544165
wiki,normalized_span_cdf,0.02291668315190776,0.899097356544165
wiki,span_cdf,21.836944444444445,0.8994197292069632
wiki,normalized_span_cdf,0.023039186810165927,0.8994197292069632
wiki,span_cdf,22.108333333333334,0.8997421018697614
wiki,normalized_span_cdf,0.02332551713102294,0.8997421018697614
wiki,span_cdf,22.322222222222223,0.9000644745325597
wiki,normalized_span_cdf,0.023551181764656405,0.9000644745325597
wiki,span_cdf,22.662222222222223,0.9003868471953579
wiki,normalized_span_cdf,0.023909900610847787,0.9003868471953579
wiki,span_cdf,22.921944444444446,0.900709219858156
wiki,normalized_span_cdf,0.024183921951688427,0.900709219858156
wiki,span_cdf,23.087777777777777,0.9010315925209542
wiki,normalized_span_cdf,0.024358885310492556,0.9010315925209542
wiki,span_cdf,23.601111111111113,0.9013539651837524
wiki,normalized_span_cdf,0.02490048043121288,0.9013539651837524
wiki,span_cdf,23.711388888888887,0.9016763378465507
wiki,normalized_span_cdf,0.02501682959946286,0.9016763378465507
wiki,span_cdf,24.087777777777777,0.9019987105093488
wiki,normalized_span_cdf,0.025413940740467208,0.9019987105093488
wiki,span_cdf,24.125,0.902321083172147
wiki,normalized_span_cdf,0.02545321224813849,0.902321083172147
wiki,span_cdf,24.950277777777778,0.9026434558349452
wiki,normalized_span_cdf,0.026323926048820345,0.9026434558349452
wiki,span_cdf,25.67361111111111,0.9029658284977434
wiki,normalized_span_cdf,0.027087082809835343,0.9029658284977434
wiki,span_cdf,25.81138888888889,0.9032882011605415
wiki,normalized_span_cdf,0.02723244600240963,0.9032882011605415
wiki,span_cdf,26.205277777777777,0.9036105738233398
wiki,normalized_span_cdf,0.027648020613438535,0.9036105738233398
wiki,span_cdf,27.059444444444445,0.903932946486138
wiki,normalized_span_cdf,0.02854921379320855,0.903932946486138
wiki,span_cdf,28.41888888888889,0.9042553191489362
wiki,normalized_span_cdf,0.02998350303606854,0.9042553191489362
wiki,span_cdf,28.798055555555557,0.9045776918117344
wiki,normalized_span_cdf,0.030383544886600593,0.9045776918117344
wiki,span_cdf,29.136666666666667,0.9049000644745325
wiki,normalized_span_cdf,0.03074079837802812,0.9049000644745325
wiki,span_cdf,30.059166666666666,0.9052224371373307
wiki,normalized_span_cdf,0.03171408701217974,0.9052224371373307
wiki,span_cdf,30.130555555555556,0.905544809800129
wiki,normalized_span_cdf,0.03178940624704182,0.905544809800129
wiki,span_cdf,30.711944444444445,0.9058671824629272
wiki,normalized_span_cdf,0.032402803751190964,0.9058671824629272
wiki,span_cdf,31.08277777777778,0.9061895551257253
wiki,normalized_span_cdf,0.0327940534731399,0.9061895551257253
wiki,span_cdf,31.761944444444445,0.9065119277885235
wiki,normalized_span_cdf,0.03351061195266435,0.9065119277885235
wiki,span_cdf,31.795,0.9068343004513217
wiki,normalized_span_cdf,0.03354548739604407,0.9068343004513217
wiki,span_cdf,31.93777777777778,0.90715667311412
wiki,normalized_span_cdf,0.03369612586576823,0.90715667311412
wiki,span_cdf,32.565555555555555,0.9074790457769181
wiki,normalized_span_cdf,0.03435846621903009,0.9074790457769181
wiki,span_cdf,32.931666666666665,0.9078014184397163
wiki,normalized_span_cdf,0.03474473373478192,0.9078014184397163
wiki,span_cdf,32.981944444444444,0.9081237911025145
wiki,normalized_span_cdf,0.03479777957723343,0.9081237911025145
wiki,span_cdf,33.016666666666666,0.9084461637653127
wiki,normalized_span_cdf,0.034834413446329766,0.9084461637653127
wiki,span_cdf,33.03194444444444,0.908768536428111
wiki,normalized_span_cdf,0.03485053234873216,0.908768536428111
wiki,span_cdf,33.22638888888889,0.9090909090909091
wiki,normalized_span_cdf,0.03505568201567168,0.9090909090909091
wiki,span_cdf,33.53777777777778,0.9094132817537073
wiki,normalized_span_cdf,0.03538421455372767,0.9094132817537073
wiki,span_cdf,33.85527777777778,0.9097356544165055
wiki,normalized_span_cdf,0.035719194652744625,0.9097356544165055
wiki,span_cdf,34.159166666666664,0.9100580270793037
wiki,normalized_span_cdf,0.036039814275075806,0.9100580270793037
wiki,span_cdf,34.21861111111111,0.9103803997421018
wiki,normalized_span_cdf,0.036102531458968745,0.9103803997421018
wiki,span_cdf,34.83083333333333,0.9107027724049
wiki,normalized_span_cdf,0.03674845983887545,0.9107027724049
wiki,span_cdf,34.96805555555556,0.9110251450676983
wiki,normalized_span_cdf,0.0368932368895442,0.9110251450676983
wiki,span_cdf,35.11666666666667,0.9113475177304965
wiki,normalized_span_cdf,0.03705002984927654,0.9113475177304965
wiki,span_cdf,35.393055555555556,0.9116698903932946
wiki,normalized_span_cdf,0.037341635447283424,0.9116698903932946
wiki,span_cdf,35.891666666666666,0.9119922630560928
wiki,normalized_span_cdf,0.03786769780750689,0.9119922630560928
wiki,span_cdf,36.388888888888886,0.912314635718891
wiki,normalized_span_cdf,0.038392294812966514,0.912314635718891
wiki,span_cdf,36.42472222222222,0.9126370083816893
wiki,normalized_span_cdf,0.03843010096587394,0.9126370083816893
wiki,span_cdf,36.843333333333334,0.9129593810444874
wiki,normalized_span_cdf,0.03887175889169944,0.9129593810444874
wiki,span_cdf,37.114444444444445,0.9132817537072856
wiki,normalized_span_cdf,0.03915779614160368,0.9132817537072856
wiki,span_cdf,38.34527777777778,0.9136041263700838
wiki,normalized_span_cdf,0.04045639353333082,0.9136041263700838
wiki,span_cdf,40.36833333333333,0.913926499032882
wiki,normalized_span_cdf,0.04259082928236009,0.913926499032882
wiki,span_cdf,40.39361111111111,0.9142488716956803
wiki,normalized_span_cdf,0.042617498739062225,0.9142488716956803
wiki,span_cdf,41.21527777777778,0.9145712443584784
wiki,normalized_span_cdf,0.043484402617358066,0.9145712443584784
wiki,span_cdf,42.522222222222226,0.9148936170212766
wiki,normalized_span_cdf,0.04486330145014439,0.9148936170212766
wiki,span_cdf,42.57083333333333,0.9152159896840748
wiki,normalized_span_cdf,0.04491458886687926,0.9152159896840748
wiki,span_cdf,43.00888888888889,0.915538362346873
wiki,normalized_span_cdf,0.04537676175939871,0.915538362346873
wiki,span_cdf,43.5475,0.9158607350096711
wiki,normalized_span_cdf,0.04594502633682117,0.9158607350096711
wiki,span_cdf,43.7475,0.9161831076724694
wiki,normalized_span_cdf,0.046156037422816105,0.9161831076724694
wiki,span_cdf,44.654444444444444,0.9165054803352676
wiki,normalized_span_cdf,0.04711291408361255,0.9165054803352676
wiki,span_cdf,45.531666666666666,0.9168278529980658
wiki,normalized_span_cdf,0.04803843215246254,0.9168278529980658
wiki,span_cdf,47.45472222222222,0.9171502256608639
wiki,normalized_span_cdf,0.050067362358494356,0.9171502256608639
wiki,span_cdf,47.46861111111111,0.9174725983236621
wiki,normalized_span_cdf,0.05008201590613289,0.9174725983236621
wiki,span_cdf,49.234722222222224,0.9177949709864603
wiki,normalized_span_cdf,0.05194536102384924,0.9177949709864603
wiki,span_cdf,49.257777777777775,0.9181173436492586
wiki,normalized_span_cdf,0.051969685912929206,0.9181173436492586
wiki,span_cdf,49.500277777777775,0.9184397163120568
wiki,normalized_span_cdf,0.05222553685469806,0.9184397163120568
wiki,span_cdf,50.196666666666665,0.9187620889748549
wiki,normalized_span_cdf,0.05296026573329429,0.9187620889748549
wiki,span_cdf,50.310833333333335,0.9190844616376531
wiki,normalized_span_cdf,0.05308071789488307,0.9190844616376531
wiki,span_cdf,50.3425,0.9194068343004513
wiki,normalized_span_cdf,0.05311412798349893,0.9194068343004513
wiki,span_cdf,50.63638888888889,0.9197292069632496
wiki,normalized_span_cdf,0.05342419705153037,0.9197292069632496
wiki,span_cdf,51.12111111111111,0.9200515796260477
wiki,normalized_span_cdf,0.05393560586411531,0.9200515796260477
wiki,span_cdf,52.090833333333336,0.9203739522888459
wiki,normalized_span_cdf,0.05495871656023795,0.9203739522888459
wiki,span_cdf,54.44555555555556,0.9206963249516441
wiki,normalized_span_cdf,0.05744307902687549,0.9206963249516441
wiki,span_cdf,55.46527777777778,0.9210186976144423
wiki,normalized_span_cdf,0.058518942494496864,0.9210186976144423
wiki,span_cdf,55.8225,0.9213410702772404
wiki,normalized_span_cdf,0.05889583173976003,0.9213410702772404
wiki,span_cdf,56.47972222222222,0.9216634429400387
wiki,normalized_span_cdf,0.05958923761401559,0.9216634429400387
wiki,span_cdf,57.786944444444444,0.9219858156028369
wiki,normalized_span_cdf,0.06096842951775468,0.9219858156028369
wiki,span_cdf,59.49527777777778,0.9223081882656351
wiki,normalized_span_cdf,0.06277081587729472,0.9223081882656351
wiki,span_cdf,59.574444444444445,0.9226305609284333
wiki,normalized_span_cdf,0.06285434109883437,0.9226305609284333
wiki,span_cdf,60.201388888888886,0.9229529335912314
wiki,normalized_span_cdf,0.06351580223923792,0.9229529335912314
wiki,span_cdf,61.88666666666666,0.9232753062540296
wiki,normalized_span_cdf,0.06529386370969797,0.9232753062540296
wiki,span_cdf,63.44972222222222,0.9235976789168279
wiki,normalized_span_cdf,0.06694297396093891,0.9235976789168279
wiki,span_cdf,63.452222222222225,0.9239200515796261
wiki,normalized_span_cdf,0.06694561159951386,0.9239200515796261
wiki,span_cdf,64.62027777777777,0.9242424242424242
wiki,normalized_span_cdf,0.0681779749559148,0.9242424242424242
wiki,span_cdf,65.03305555555555,0.9245647969052224
wiki,normalized_span_cdf,0.06861347839173211,0.9245647969052224
wiki,span_cdf,66.68805555555555,0.9248871695680206
wiki,normalized_span_cdf,0.07035959512834015,0.9248871695680206
wiki,span_cdf,67.19194444444445,0.9252095422308189
wiki,normalized_span_cdf,0.07089122583666628,0.9252095422308189
wiki,span_cdf,67.63444444444444,0.925531914893617
wiki,normalized_span_cdf,0.07135808786443006,0.925531914893617
wiki,span_cdf,70.85027777777778,0.9258542875564152
wiki,normalized_span_cdf,0.07475097028465688,0.9258542875564152
wiki,span_cdf,71.22277777777778,0.9261766602192134
wiki,normalized_span_cdf,0.07514397843232244,0.9261766602192134
wiki,span_cdf,73.87861111111111,0.9264990328820116
wiki,normalized_span_cdf,0.07794602981176346,0.9264990328820116
wiki,span_cdf,74.52888888888889,0.9268214055448099
wiki,normalized_span_cdf,0.07863210891219975,0.9268214055448099
wiki,span_cdf,74.53055555555555,0.927143778207608
wiki,normalized_span_cdf,0.07863386733791637,0.927143778207608
wiki,span_cdf,74.7075,0.9274661508704062
wiki,normalized_span_cdf,0.07882055353483133,0.9274661508704062
wiki,span_cdf,74.85888888888888,0.9277885235332044
wiki,normalized_span_cdf,0.07898027720409138,0.9277885235332044
wiki,span_cdf,74.90277777777777,0.9281108961960026
wiki,normalized_span_cdf,0.07902658241462916,0.9281108961960026
wiki,span_cdf,75.07722222222222,0.9284332688588007
wiki,normalized_span_cdf,0.07921063097296918,0.9284332688588007
wiki,span_cdf,75.29388888888889,0.928755641521599
wiki,normalized_span_cdf,0.07943922631613036,0.928755641521599
wiki,span_cdf,75.3775,0.9290780141843972
wiki,normalized_span_cdf,0.07952744067291435,0.9290780141843972
wiki,span_cdf,75.45944444444444,0.9294003868471954
wiki,normalized_span_cdf,0.07961389660398172,0.9294003868471954
wiki,span_cdf,75.54416666666667,0.9297227595099935
wiki,normalized_span_cdf,0.0797032832445768,0.9297227595099935
wiki,span_cdf,75.66444444444444,0.9300451321727917
wiki,normalized_span_cdf,0.07983018296712652,0.9300451321727917
wiki,span_cdf,76.11027777777778,0.9303675048355899
wiki,normalized_span_cdf,0.08030056184632356,0.9303675048355899
wiki,span_cdf,76.51277777777777,0.9306898774983882
wiki,normalized_span_cdf,0.08072522165688835,0.9306898774983882
wiki,span_cdf,76.73666666666666,0.9310122501611864
wiki,normalized_span_cdf,0.08096143684482157,0.9310122501611864
wiki,span_cdf,76.90527777777778,0.9313346228239845
wiki,normalized_span_cdf,0.08113933091315341,0.9313346228239845
wiki,span_cdf,77.23666666666666,0.9316569954867827
wiki,normalized_span_cdf,0.08148896455980889,0.9316569954867827
wiki,span_cdf,77.28972222222222,0.9319793681495809
wiki,normalized_span_cdf,0.0815449411117881,0.9319793681495809
wiki,span_cdf,77.50833333333334,0.9323017408123792
wiki,normalized_span_cdf,0.08177558795161868,0.9323017408123792
wiki,span_cdf,77.5813888888889,0.9326241134751773
wiki,normalized_span_cdf,0.08185266561219738,0.9326241134751773
wiki,span_cdf,77.59777777777778,0.9329464861379755
wiki,normalized_span_cdf,0.08186995679841086,0.9329464861379755
wiki,span_cdf,77.60694444444445,0.9332688588007737
wiki,normalized_span_cdf,0.08187962813985229,0.9332688588007737
wiki,span_cdf,77.62333333333333,0.9335912314635719
wiki,normalized_span_cdf,0.08189691932606576,0.9335912314635719
wiki,span_cdf,77.64083333333333,0.93391360412637
wiki,normalized_span_cdf,0.08191538279609031,0.93391360412637
wiki,span_cdf,77.66055555555556,0.9342359767891683
wiki,normalized_span_cdf,0.08193619083373704,0.9342359767891683
wiki,span_cdf,77.76916666666666,0.9345583494519665
wiki,normalized_span_cdf,0.0820507815762704,0.9345583494519665
wiki,span_cdf,77.79388888888889,0.9348807221147647
wiki,normalized_span_cdf,0.082076864891067,0.9348807221147647
wiki,span_cdf,77.82194444444444,0.9352030947775629
wiki,normalized_span_cdf,0.08210646505729684,0.9352030947775629
wiki,span_cdf,77.82833333333333,0.935525467440361
wiki,normalized_span_cdf,0.08211320568921056,0.935525467440361
wiki,span_cdf,77.83722222222222,0.9358478401031592
wiki,normalized_span_cdf,0.08212258395969922,0.9358478401031592
wiki,span_cdf,77.87444444444445,0.9361702127659575
wiki,normalized_span_cdf,0.08216185546737051,0.9361702127659575
wiki,span_cdf,77.87972222222223,0.9364925854287557
wiki,normalized_span_cdf,0.08216742381547315,0.9364925854287557
wiki,span_cdf,77.96472222222222,0.9368149580915538
wiki,normalized_span_cdf,0.082257103527021,0.9368149580915538
wiki,span_cdf,78.11527777777778,0.937137330754352
wiki,normalized_span_cdf,0.08241594798342274,0.937137330754352
wiki,span_cdf,78.11944444444444,0.9374597034171502
wiki,normalized_span_cdf,0.0824203440477143,0.9374597034171502
wiki,span_cdf,78.18638888888889,0.9377820760799485
wiki,normalized_span_cdf,0.08249097414733204,0.9377820760799485
wiki,span_cdf,78.2175,0.9381044487427466
wiki,normalized_span_cdf,0.08252379809404237,0.9381044487427466
wiki,span_cdf,78.36805555555556,0.9384268214055448
wiki,normalized_span_cdf,0.08268264255044411,0.9384268214055448
wiki,span_cdf,78.38027777777778,0.938749194068343
wiki,normalized_span_cdf,0.08269553767236602,0.938749194068343
wiki,span_cdf,78.3963888888889,0.9390715667311412
wiki,normalized_span_cdf,0.08271253578762673,0.9390715667311412
wiki,span_cdf,78.41083333333333,0.9393939393939394
wiki,normalized_span_cdf,0.08272777547717079,0.9393939393939394
wiki,span_cdf,78.43111111111111,0.9397163120567376
wiki,normalized_span_cdf,0.08274916965672306,0.9397163120567376
wiki,span_cdf,78.49472222222222,0.9400386847195358
wiki,normalized_span_cdf,0.08281628290490756,0.9400386847195358
wiki,span_cdf,78.50166666666667,0.940361057382334
wiki,normalized_span_cdf,0.08282360967872683,0.940361057382334
wiki,span_cdf,78.52055555555556,0.9406834300451322
wiki,normalized_span_cdf,0.08284353850351525,0.9406834300451322
wiki,span_cdf,78.6613888888889,0.9410058027079303
wiki,normalized_span_cdf,0.08299212547657,0.9410058027079303
wiki,span_cdf,78.70833333333333,0.9413281753707285
wiki,normalized_span_cdf,0.08304165446758825,0.9413281753707285
wiki,span_cdf,79.09722222222223,0.9416505480335268
wiki,normalized_span_cdf,0.08345195380146729,0.9416505480335268
wiki,span_cdf,79.20361111111112,0.941972920696325
wiki,normalized_span_cdf,0.08356419997637848,0.941972920696325
wiki,span_cdf,79.22111111111111,0.9422952933591231
wiki,normalized_span_cdf,0.08358266344640304,0.9422952933591231
wiki,span_cdf,79.30277777777778,0.9426176660219213
wiki,normalized_span_cdf,0.08366882630651763,0.9426176660219213
wiki,span_cdf,79.35111111111111,0.9429400386847195
wiki,normalized_span_cdf,0.08371982065229974,0.9429400386847195
wiki,span_cdf,79.49638888888889,0.9432624113475178
wiki,normalized_span_cdf,0.08387309676059884,0.9432624113475178
wiki,span_cdf,79.56194444444445,0.943584784010316
wiki,normalized_span_cdf,0.08394226150545274,0.943584784010316
wiki,span_cdf,79.67083333333333,0.9439071566731141
wiki,normalized_span_cdf,0.08405714531893886,0.9439071566731141
wiki,span_cdf,79.73083333333334,0.9442295293359123
wiki,normalized_span_cdf,0.08412044864473735,0.9442295293359123
wiki,span_cdf,79.82583333333334,0.9445519019987105
wiki,normalized_span_cdf,0.08422067891058493,0.9445519019987105
wiki,span_cdf,79.93027777777777,0.9448742746615088
wiki,normalized_span_cdf,0.08433087358882672,0.9448742746615088
wiki,span_cdf,80.00833333333334,0.9451966473243069
wiki,normalized_span_cdf,0.08441322652655531,0.9451966473243069
wiki,span_cdf,80.04138888888889,0.9455190199871051
wiki,normalized_span_cdf,0.08444810196993502,0.9455190199871051
wiki,span_cdf,80.05277777777778,0.9458413926499033
wiki,normalized_span_cdf,0.08446011787899863,0.9458413926499033
wiki,span_cdf,80.14111111111112,0.9461637653127015
wiki,normalized_span_cdf,0.08455331444197972,0.9461637653127015
wiki,span_cdf,80.1675,0.9464861379754996
wiki,normalized_span_cdf,0.08458115618249294,0.9464861379754996
wiki,span_cdf,80.24138888888889,0.9468085106382979
wiki,normalized_span_cdf,0.08465911305592996,0.9468085106382979
wiki,span_cdf,80.25361111111111,0.9471308833010961
wiki,normalized_span_cdf,0.08467200817785187,0.9471308833010961
wiki,span_cdf,80.38333333333334,0.9474532559638943
wiki,normalized_span_cdf,0.08480887231279581,0.9474532559638943
wiki,span_cdf,80.39472222222223,0.9477756286266924
wiki,normalized_span_cdf,0.0848208882218594,0.9477756286266924
wiki,span_cdf,80.42194444444445,0.9480980012894906
wiki,normalized_span_cdf,0.08484960917523093,0.9480980012894906
wiki,span_cdf,80.57583333333334,0.9484203739522888
wiki,normalized_span_cdf,0.08501197048306593,0.9484203739522888
wiki,span_cdf,80.61777777777777,0.9487427466150871
wiki,normalized_span_cdf,0.0850562241969343,0.9487427466150871
wiki,span_cdf,80.68083333333334,0.9490651192778853
wiki,normalized_span_cdf,0.08512275130321327,0.9490651192778853
wiki,span_cdf,80.83416666666666,0.9493874919406834
wiki,normalized_span_cdf,0.0852845264691427,0.9493874919406834
wiki,span_cdf,80.96333333333334,0.9497098646034816
wiki,normalized_span_cdf,0.0854208044621811,0.9497098646034816
wiki,span_cdf,81.0075,0.9500322372662798
wiki,normalized_span_cdf,0.08546740274367164,0.9500322372662798
wiki,span_cdf,81.16416666666667,0.950354609929078
wiki,normalized_span_cdf,0.08563269476103436,0.950354609929078
wiki,span_cdf,81.20777777777778,0.9506769825918762
wiki,normalized_span_cdf,0.08567870690061935,0.9506769825918762
wiki,span_cdf,81.83722222222222,0.9509993552546744
wiki,normalized_span_cdf,0.08634280567959784,0.9509993552546744
wiki,span_cdf,81.89888888888889,0.9513217279174726
wiki,normalized_span_cdf,0.08640786743111294,0.9513217279174726
wiki,span_cdf,81.92361111111111,0.9516441005802708
wiki,normalized_span_cdf,0.08643395074590954,0.9516441005802708
wiki,span_cdf,81.9486111111111,0.9519664732430689
wiki,normalized_span_cdf,0.0864603271316589,0.9519664732430689
wiki,span_cdf,82.0213888888889,0.9522888459058672
wiki,normalized_span_cdf,0.08653711172128484,0.9522888459058672
wiki,span_cdf,82.05083333333333,0.9526112185686654
wiki,normalized_span_cdf,0.08656817724227853,0.9526112185686654
wiki,span_cdf,83.03055555555555,0.9529335912314636
wiki,normalized_span_cdf,0.08760183849270092,0.9529335912314636
wiki,span_cdf,83.10777777777778,0.9532559638942618
wiki,normalized_span_cdf,0.0876833122175712,0.9532559638942618
wiki,span_cdf,83.15694444444445,0.9535783365570599
wiki,normalized_span_cdf,0.08773518577621162,0.9535783365570599
wiki,span_cdf,83.33944444444444,0.9539007092198581
wiki,normalized_span_cdf,0.08792773339218198,0.9539007092198581
wiki,span_cdf,83.42388888888888,0.9542230818826564
wiki,normalized_span_cdf,0.08801682696182428,0.9542230818826564
wiki,span_cdf,83.57111111111111,0.9545454545454546
wiki,normalized_span_cdf,0.08817215456679277,0.9545454545454546
wiki,span_cdf,83.66527777777777,0.9548678272082527
wiki,normalized_span_cdf,0.08827150561978205,0.9548678272082527
wiki,span_cdf,83.67222222222222,0.9551901998710509
wiki,normalized_span_cdf,0.08827883239360132,0.9551901998710509
wiki,span_cdf,83.86111111111111,0.9555125725338491
wiki,normalized_span_cdf,0.08847812064148543,0.9555125725338491
wiki,span_cdf,83.8711111111111,0.9558349451966474
wiki,normalized_span_cdf,0.08848867119578517,0.9558349451966474
wiki,span_cdf,83.94,0.9561573178594455
wiki,normalized_span_cdf,0.0885613527920723,0.9561573178594455
wiki,span_cdf,84.02111111111111,0.9564796905222437
wiki,normalized_span_cdf,0.08864692951028137,0.9564796905222437
wiki,span_cdf,84.23333333333333,0.9568020631850419
wiki,normalized_span_cdf,0.08887083571819822,0.9568020631850419
wiki,span_cdf,84.25694444444444,0.9571244358478401
wiki,normalized_span_cdf,0.08889574674918373,0.9571244358478401
wiki,span_cdf,84.49138888888889,0.9574468085106383
wiki,normalized_span_cdf,0.08914309863332223,0.9574468085106383
wiki,span_cdf,84.50027777777778,0.9577691811734365
wiki,normalized_span_cdf,0.0891524769038109,0.9577691811734365
wiki,span_cdf,84.68888888888888,0.9580915538362347
wiki,normalized_span_cdf,0.08935147208074222,0.9580915538362347
wiki,span_cdf,84.81555555555556,0.9584139264990329
wiki,normalized_span_cdf,0.08948511243520568,0.9584139264990329
wiki,span_cdf,85.01388888888889,0.9587362991618311
wiki,normalized_span_cdf,0.08969436509548398,0.9587362991618311
wiki,span_cdf,85.19277777777778,0.9590586718246292
wiki,normalized_span_cdf,0.08988310278906833,0.9590586718246292
wiki,span_cdf,85.23138888888889,0.9593810444874274
wiki,normalized_span_cdf,0.08992383965150347,0.9593810444874274
wiki,span_cdf,85.3313888888889,0.9597034171502257
wiki,normalized_span_cdf,0.09002934519450094,0.9597034171502257
wiki,span_cdf,85.42138888888888,0.9600257898130239
wiki,normalized_span_cdf,0.09012430018319866,0.9600257898130239
wiki,span_cdf,85.45611111111111,0.960348162475822
wiki,normalized_span_cdf,0.090160934052295,0.960348162475822
wiki,span_cdf,85.58916666666667,0.9606705351386202
wiki,normalized_span_cdf,0.09030131503867218,0.9606705351386202
wiki,span_cdf,85.63194444444444,0.9609929078014184
wiki,normalized_span_cdf,0.09034644796539887,0.9609929078014184
wiki,span_cdf,86.11916666666667,0.9613152804642167
wiki,normalized_span_cdf,0.09086049441655875,0.9613152804642167
wiki,span_cdf,86.43972222222222,0.9616376531270149
wiki,normalized_span_cdf,0.09119869829605616,0.9616376531270149
wiki,span_cdf,86.79805555555555,0.961960025789813
wiki,normalized_span_cdf,0.09157675982513042,0.961960025789813
wiki,span_cdf,86.86861111111111,0.9622823984526112
wiki,normalized_span_cdf,0.09165119984713418,0.9622823984526112
wiki,span_cdf,86.95777777777778,0.9626047711154094
wiki,normalized_span_cdf,0.0917452756229736,0.9626047711154094
wiki,span_cdf,87.33888888888889,0.9629271437782077
wiki,normalized_span_cdf,0.09214736897017504,0.9629271437782077
wiki,span_cdf,87.70944444444444,0.9632495164410058
wiki,normalized_span_cdf,0.09253832562117122,0.9632495164410058
wiki,span_cdf,87.74777777777778,0.963571889103804
wiki,normalized_span_cdf,0.09257876941265358,0.963571889103804
wiki,span_cdf,87.91,0.9638942617666022
wiki,normalized_span_cdf,0.09274992284907169,0.9638942617666022
wiki,span_cdf,88.1288888888889,0.9642166344294004
wiki,normalized_span_cdf,0.09298086275985502,0.9642166344294004
wiki,span_cdf,88.69666666666667,0.9645390070921985
wiki,normalized_span_cdf,0.09357989978731841,0.9645390070921985
wiki,span_cdf,89.255,0.9648613797549968
wiki,normalized_span_cdf,0.09416897240238759,0.9648613797549968
wiki,span_cdf,95.4636111111111,0.965183752417795
wiki,normalized_span_cdf,0.10071940126776632,0.965183752417795
wiki,span_cdf,98.3938888888889,0.9655061250805932
wiki,normalized_span_cdf,0.10381100674854483,0.9655061250805932
wiki,span_cdf,102.27833333333334,0.9658284977433914
wiki,normalized_span_cdf,0.10790931095209082,0.9658284977433914
wiki,span_cdf,103.30972222222222,0.9661508704061895
wiki,normalized_span_cdf,0.10899748339972856,0.9661508704061895
wiki,span_cdf,112.03888888888889,0.9664732430689877
wiki,normalized_span_cdf,0.11820723809054896,0.9664732430689877
wiki,span_cdf,112.2825,0.966795615731786
wiki,normalized_span_cdf,0.1184642613161289,0.966795615731786
wiki,span_cdf,120.70944444444444,0.9671179883945842
wiki,normalized_span_cdf,0.12735515481033474,0.9671179883945842
wiki,span_cdf,121.79444444444445,0.9674403610573823
wiki,normalized_span_cdf,0.12849988995185724,0.9674403610573823
wiki,span_cdf,122.49055555555556,0.9677627337201805
wiki,normalized_span_cdf,0.1292343257595007,0.9677627337201805
wiki,span_cdf,129.7111111111111,0.9680851063829787
wiki,normalized_span_cdf,0.13685241210582322,0.9680851063829787
wiki,span_cdf,130.69222222222223,0.968407479045777
wiki,normalized_span_cdf,0.13788753871100948,0.968407479045777
wiki,span_cdf,133.74583333333334,0.9687298517085751
wiki,normalized_span_cdf,0.14110926769481819,0.9687298517085751
wiki,span_cdf,134.04861111111111,0.9690522243713733
wiki,normalized_span_cdf,0.1414287150333383,0.9690522243713733
wiki,span_cdf,140.53055555555557,0.9693745970341715
wiki,normalized_span_cdf,0.14826752571624344,0.9693745970341715
wiki,span_cdf,144.85472222222222,0.9696969696969697
wiki,normalized_span_cdf,0.1528297612380255,0.9696969696969697
wiki,span_cdf,144.905,0.9700193423597679
wiki,normalized_span_cdf,0.152882807080477,0.9700193423597679
wiki,span_cdf,148.87472222222223,0.970341715022566
wiki,normalized_span_cdf,0.1570710840665236,0.970341715022566
wiki,span_cdf,166.85944444444445,0.9706640876853643
wiki,normalized_span_cdf,0.17604596290366495,0.9706640876853643
wiki,span_cdf,168.60833333333332,0.9709864603481625
wiki,normalized_span_cdf,0.1778911376223095,0.9709864603481625
wiki,span_cdf,169.0975,0.9713088330109607
wiki,normalized_span_cdf,0.17840723557013877,0.9713088330109607
wiki,span_cdf,170.80055555555555,0.9716312056737588
wiki,normalized_span_cdf,0.18020405358157615,0.9716312056737588
wiki,span_cdf,171.3563888888889,0.971953578336557
wiki,normalized_span_cdf,0.1807904885580704,0.971953578336557
wiki,span_cdf,171.64027777777778,0.9722759509993553
wiki,normalized_span_cdf,0.1810900070718021,0.9722759509993553
wiki,span_cdf,171.9963888888889,0.9725983236621535
wiki,normalized_span_cdf,0.1814657240332542,0.9725983236621535
wiki,span_cdf,172.69694444444445,0.9729206963249516
wiki,normalized_span_cdf,0.18220484897614198,0.9729206963249516
wiki,span_cdf,172.92888888888888,0.9732430689877498
wiki,normalized_span_cdf,0.18244956322170552,0.9732430689877498
wiki,span_cdf,173.8213888888889,0.973565441650548
wiki,normalized_span_cdf,0.1833912001929579,0.973565441650548
wiki,span_cdf,174.2463888888889,0.9738878143133463
wiki,normalized_span_cdf,0.18383959875069716,0.9738878143133463
wiki,span_cdf,174.48638888888888,0.9742101869761445
wiki,normalized_span_cdf,0.18409281205389105,0.9742101869761445
wiki,span_cdf,177.14083333333335,0.9745325596389426
wiki,normalized_span_cdf,0.18689339807856822,0.9745325596389426
wiki,span_cdf,178.2397222222222,0.9748549323017408
wiki,normalized_span_cdf,0.18805278676772924,0.9748549323017408
wiki,span_cdf,178.8072222222222,0.975177304964539
wiki,normalized_span_cdf,0.18865153072423985,0.975177304964539
wiki,span_cdf,178.91194444444446,0.9754996776273372
wiki,normalized_span_cdf,0.18876201847343446,0.9754996776273372
wiki,span_cdf,181.54583333333332,0.9758220502901354
wiki,normalized_span_cdf,0.19154091724760655,0.9758220502901354
wiki,span_cdf,181.66972222222222,0.9761444229529336
wiki,normalized_span_cdf,0.1916716268925423,0.9761444229529336
wiki,span_cdf,182.87444444444444,0.9764667956157318
wiki,normalized_span_cdf,0.19294267561470899,0.9764667956157318
wiki,span_cdf,186.9311111111111,0.97678916827853
wiki,normalized_span_cdf,0.19722268380897284,0.97678916827853
wiki,span_cdf,198.7175,0.9771115409413281
wiki,normalized_span_cdf,0.20965797740598796,0.9771115409413281
wiki,span_cdf,232.78305555555556,0.9774339136041263
wiki,normalized_span_cdf,0.24559902676998005,0.9774339136041263
wiki,span_cdf,250.98361111111112,0.9777562862669246
wiki,normalized_span_cdf,0.2648016217374243,0.9777562862669246
wiki,span_cdf,253.8202777777778,0.9780786589297228
wiki,normalized_span_cdf,0.267794462307119,0.9780786589297228
wiki,span_cdf,256.48055555555555,0.978401031592521
wiki,normalized_span_cdf,0.2706012028218044,0.978401031592521
wiki,span_cdf,260.00166666666667,0.9787234042553191
wiki,normalized_span_cdf,0.27431617021912624,0.9787234042553191
wiki,span_cdf,261.1952777777778,0.9790457769181173
wiki,normalized_span_cdf,0.2755754961031821,0.9790457769181173
wiki,span_cdf,269.4916666666667,0.9793681495809156
wiki,normalized_span_cdf,0.2843286462495857,0.9793681495809156
wiki,span_cdf,299.8961111111111,0.9796905222437138
wiki,normalized_span_cdf,0.31640702045605945,0.9796905222437138
wiki,span_cdf,300.8280555555556,0.9800128949065119
wiki,normalized_span_cdf,0.3173902735026053,0.9800128949065119
wiki,span_cdf,334.7891666666667,0.9803352675693101
wiki,normalized_span_cdf,0.35322112818835555,0.9803352675693101
wiki,span_cdf,335.005,0.9806576402321083
wiki,normalized_span_cdf,0.35344884431865836,0.9806576402321083
wiki,span_cdf,378.7536111111111,0.9809800128949066
wiki,normalized_span_cdf,0.3996060540252856,0.9809800128949066
wiki,span_cdf,403.62444444444446,0.9813023855577047
wiki,normalized_span_cdf,0.4258461617816135,0.9813023855577047
wiki,span_cdf,407.1327777777778,0.9816247582205029
wiki,normalized_span_cdf,0.4295476479151079,0.9816247582205029
wiki,span_cdf,410.29583333333335,0.9819471308833011
wiki,normalized_span_cdf,0.4328848468543083,0.9819471308833011
wiki,span_cdf,410.3025,0.9822695035460993
wiki,normalized_span_cdf,0.43289188055717476,0.9822695035460993
wiki,span_cdf,410.34055555555557,0.9825918762088974
wiki,normalized_span_cdf,0.43293203127770435,0.9825918762088974
wiki,span_cdf,410.46555555555557,0.9829142488716957
wiki,normalized_span_cdf,0.4330639132064512,0.9829142488716957
wiki,span_cdf,410.8261111111111,0.9832366215344939
wiki,normalized_span_cdf,0.43344431930314764,0.9832366215344939
wiki,span_cdf,411.8352777777778,0.9835589941972921
wiki,normalized_span_cdf,0.4345090460745637,0.9835589941972921
wiki,span_cdf,417.8980555555556,0.9838813668600903
wiki,normalized_span_cdf,0.4409056126897378,0.9838813668600903
wiki,span_cdf,424.40055555555557,0.9842037395228884
wiki,normalized_span_cdf,0.447766110623148,0.9842037395228884
wiki,span_cdf,450.5738888888889,0.9845261121856866
wiki,normalized_span_cdf,0.4753804280770179,0.9845261121856866
wiki,span_cdf,451.9975,0.9848484848484849
wiki,normalized_span_cdf,0.4768824167099679,0.9848484848484849
wiki,span_cdf,458.13694444444445,0.9851708575112831
wiki,normalized_span_cdf,0.4833598709081067,0.9851708575112831
wiki,span_cdf,475.22777777777776,0.9854932301740812
wiki,normalized_span_cdf,0.5013916474192318,0.9854932301740812
wiki,span_cdf,476.8825,0.9858156028368794
wiki,normalized_span_cdf,0.5031374710848872,0.9858156028368794
wiki,span_cdf,498.0158333333333,0.9861379754996776
wiki,normalized_span_cdf,0.5254343091716848,0.9861379754996776
wiki,span_cdf,498.8161111111111,0.9864603481624759
wiki,normalized_span_cdf,0.5262786465866173,0.9864603481624759
wiki,span_cdf,500.2577777777778,0.986782720825274
wiki,normalized_span_cdf,0.5277996848314974,0.986782720825274
wiki,span_cdf,500.90555555555557,0.9871050934880722
wiki,normalized_span_cdf,0.5284831262933588,0.9871050934880722
wiki,span_cdf,500.94694444444445,0.9874274661508704
wiki,normalized_span_cdf,0.5285267938653216,0.9874274661508704
wiki,span_cdf,503.70416666666665,0.9877498388136686
wiki,normalized_span_cdf,0.5314358161425239,0.9877498388136686
wiki,span_cdf,507.38972222222225,0.9880722114764668
wiki,normalized_span_cdf,0.5353242815438861,0.9880722114764668
wiki,span_cdf,508.1163888888889,0.988394584139265
wiki,normalized_span_cdf,0.5360909551563343,0.988394584139265
wiki,span_cdf,509.7775,0.9887169568020632
wiki,normalized_span_cdf,0.5378435194539033,0.9887169568020632
wiki,span_cdf,517.6333333333333,0.9890393294648614
wiki,normalized_span_cdf,0.5461318590692125,0.9890393294648614
wiki,span_cdf,535.1511111111112,0.9893617021276596
wiki,normalized_span_cdf,0.5646140856347464,0.9893617021276596
wiki,span_cdf,536.2911111111111,0.9896840747904577
wiki,normalized_span_cdf,0.5658168488249175,0.9896840747904577
wiki,span_cdf,536.8680555555555,0.9900064474532559
wiki,normalized_span_cdf,0.5664255571938221,0.9900064474532559
wiki,span_cdf,537.0058333333334,0.9903288201160542
wiki,normalized_span_cdf,0.5665709203863966,0.9903288201160542
wiki,span_cdf,553.6522222222222,0.9906511927788524
wiki,normalized_span_cdf,0.5841337833730884,0.9906511927788524
wiki,span_cdf,555.0905555555555,0.9909735654416505
wiki,normalized_span_cdf,0.5856513047665353,0.9909735654416505
wiki,span_cdf,555.3638888888889,0.9912959381044487
wiki,normalized_span_cdf,0.5859396865840617,0.9912959381044487
wiki,span_cdf,556.3786111111111,0.9916183107672469
wiki,normalized_span_cdf,0.5870102747745332,0.9916183107672469
wiki,span_cdf,556.4625,0.9919406834300452
wiki,normalized_span_cdf,0.58709878220227,0.9919406834300452
wiki,span_cdf,556.5711111111111,0.9922630560928434
wiki,normalized_span_cdf,0.5872133729448034,0.9922630560928434
wiki,span_cdf,556.6169444444445,0.9925854287556415
wiki,normalized_span_cdf,0.5872617296520105,0.9925854287556415
wiki,span_cdf,557.1808333333333,0.9929078014184397
wiki,normalized_span_cdf,0.5878566636861351,0.9929078014184397
wiki,span_cdf,557.6219444444445,0.9932301740812379
wiki,normalized_span_cdf,0.588322060359135,0.9932301740812379
wiki,span_cdf,557.6383333333333,0.9935525467440361
wiki,normalized_span_cdf,0.5883393515453484,0.9935525467440361
wiki,span_cdf,558.8405555555555,0.9938749194068343
wiki,normalized_span_cdf,0.5896077626289402,0.9938749194068343
wiki,span_cdf,559.6927777777778,0.9941972920696325
wiki,normalized_span_cdf,0.5905069043120409,0.9941972920696325
wiki,span_cdf,560.1486111111111,0.9945196647324307
wiki,normalized_span_cdf,0.5909878337455376,0.9945196647324307
wiki,span_cdf,560.7608333333334,0.9948420373952289
wiki,normalized_span_cdf,0.5916337621254444,0.9948420373952289
wiki,span_cdf,562.0705555555555,0.995164410058027
wiki,normalized_span_cdf,0.5930155916677583,0.995164410058027
wiki,span_cdf,588.7013888888889,0.9954867827208252
wiki,normalized_span_cdf,0.6211125969808416,0.9954867827208252
wiki,span_cdf,588.8741666666666,0.9958091553836235
wiki,normalized_span_cdf,0.621294887113465,0.9958091553836235
wiki,span_cdf,593.3466666666667,0.9961315280464217
wiki,normalized_span_cdf,0.6260136225240267,0.9961315280464217
wiki,span_cdf,595.2855555555556,0.9964539007092199
wiki,normalized_span_cdf,0.6280592577743664,0.9964539007092199
wiki,span_cdf,600.0625,0.996776273372018
wiki,normalized_span_cdf,0.6330991989491648,0.996776273372018
wiki,span_cdf,630.5902777777778,0.9970986460348162
wiki,normalized_span_cdf,0.6653076966586688,0.9970986460348162
wiki,span_cdf,634.0141666666667,0.9974210186976145
wiki,normalized_span_cdf,0.6689200892225209,0.9974210186976145
wiki,span_cdf,635.6655555555556,0.9977433913604127
wiki,normalized_span_cdf,0.6706623960367429,0.9977433913604127
wiki,span_cdf,640.1811111111111,0.9980657640232108
wiki,normalized_span_cdf,0.675426557444984,0.9980657640232108
wiki,span_cdf,640.6236111111111,0.998388136686009
wiki,normalized_span_cdf,0.6758934194727478,0.998388136686009
wiki,span_cdf,642.2888888888889,0.9987105093488072
wiki,normalized_span_cdf,0.6776503798346083,0.9987105093488072
wiki,span_cdf,643.4888888888889,0.9990328820116054
wiki,normalized_span_cdf,0.678916446350578,0.9990328820116054
wiki,span_cdf,645.3663888888889,0.9993552546744036
wiki,normalized_span_cdf,0.6808973129203553,0.9993552546744036
wiki,span_cdf,651.3297222222222,0.9996776273372018
wiki,normalized_span_cdf,0.6871889601344375,0.9996776273372018
wiki,span_cdf,682.4263888888889,1.0
wiki,normalized_span_cdf,0.719997667155216,1.0
swarm_lab,lorenz,0,0
swarm_lab,lorenz,0.006211180124223602,0.0005136106831022085
swarm_lab,lorenz,0.012422360248447204,0.001027221366204417
swarm_lab,lorenz,0.018633540372670808,0.0015408320493066256
swarm_lab,lorenz,0.024844720496894408,0.002054442732408834
swarm_lab,lorenz,0.031055900621118012,0.0025680534155110425
swarm_lab,lorenz,0.037267080745341616,0.0030816640986132513
swarm_lab,lorenz,0.043478260869565216,0.0035952747817154596
swarm_lab,lorenz,0.049689440993788817,0.004108885464817668
swarm_lab,lorenz,0.055900621118012424,0.004622496147919877
swarm_lab,lorenz,0.062111801242236024,0.005136106831022085
swarm_lab,lorenz,0.06832298136645963,0.005649717514124294
swarm_lab,lorenz,0.07453416149068323,0.0061633281972265025
swarm_lab,lorenz,0.08074534161490683,0.00667693888032871
swarm_lab,lorenz,0.08695652173913043,0.007190549563430919
swarm_lab,lorenz,0.09316770186335403,0.007704160246533128
swarm_lab,lorenz,0.09937888198757763,0.008217770929635337
swarm_lab,lorenz,0.10559006211180125,0.008731381612737545
swarm_lab,lorenz,0.11180124223602485,0.009244992295839754
swarm_lab,lorenz,0.11801242236024845,0.009758602978941962
swarm_lab,lorenz,0.12422360248447205,0.01027221366204417
swarm_lab,lorenz,0.13043478260869565,0.01078582434514638
swarm_lab,lorenz,0.13664596273291926,0.011813045711350795
swarm_lab,lorenz,0.14285714285714285,0.012840267077555213
swarm_lab,lorenz,0.14906832298136646,0.01386748844375963
swarm_lab,lorenz,0.15527950310559005,0.014894709809964048
swarm_lab,lorenz,0.16149068322981366,0.015921931176168466
swarm_lab,lorenz,0.16770186335403728,0.01694915254237288
swarm_lab,lorenz,0.17391304347826086,0.017976373908577297
swarm_lab,lorenz,0.18012422360248448,0.019003595274781716
swarm_lab,lorenz,0.18633540372670807,0.020030816640986132
swarm_lab,lorenz,0.19254658385093168,0.021058038007190548
swarm_lab,lorenz,0.19875776397515527,0.022085259373394967
swarm_lab,lorenz,0.20496894409937888,0.023112480739599383
swarm_lab,lorenz,0.2111801242236025,0.024139702105803802
swarm_lab,lorenz,0.21739130434782608,0.025166923472008218
swarm_lab,lorenz,0.2236024844720497,0.026194144838212634
swarm_lab,lorenz,0.22981366459627328,0.027221366204417053
swarm_lab,lorenz,0.2360248447204969,0.02824858757062147
swarm_lab,lorenz,0.2422360248447205,0.029275808936825885
swarm_lab,lorenz,0.2484472049689441,0.030303030303030304
swarm_lab,lorenz,0.2546583850931677,0.03133025166923472
swarm_lab,lorenz,0.2608695652173913,0.032357473035439135
swarm_lab,lorenz,0.2670807453416149,0.03338469440164355
swarm_lab,lorenz,0.2732919254658385,0.034411915767847974
swarm_lab,lorenz,0.2795031055900621,0.03543913713405239
swarm_lab,lorenz,0.2857142857142857,0.036466358500256806
swarm_lab,lorenz,0.2919254658385093,0.03749357986646122
swarm_lab,lorenz,0.2981366459627329,0.03852080123266564
swarm_lab,lorenz,0.30434782608695654,0.03954802259887006
swarm_lab,lorenz,0.3105590062111801,0.040575243965074476
swarm_lab,lorenz,0.3167701863354037,0.04160246533127889
swarm_lab,lorenz,0.32298136645962733,0.04262968669748331
swarm_lab,lorenz,0.32919254658385094,0.04365690806368772
swarm_lab,lorenz,0.33540372670807456,0.04468412942989214
swarm_lab,lorenz,0.3416149068322981,0.04571135079609656
swarm_lab,lorenz,0.34782608695652173,0.04673857216230098
swarm_lab,lorenz,0.35403726708074534,0.04776579352850539
swarm_lab,lorenz,0.36024844720496896,0.04930662557781202
swarm_lab,lorenz,0.36645962732919257,0.05084745762711865
swarm_lab,lorenz,0.37267080745341613,0.05238828967642527
swarm_lab,lorenz,0.37888198757763975,0.053929121725731895
swarm_lab,lorenz,0.38509316770186336,0.05546995377503852
swarm_lab,lorenz,0.391304347826087,0.05701078582434515
swarm_lab,lorenz,0.39751552795031053,0.05855161787365177
swarm_lab,lorenz,0.40372670807453415,0.060092449922958396
swarm_lab,lorenz,0.40993788819875776,0.062146892655367235
swarm_lab,lorenz,0.4161490683229814,0.06420133538777606
swarm_lab,lorenz,0.422360248447205,0.0662557781201849
swarm_lab,lorenz,0.42857142857142855,0.06831022085259374
swarm_lab,lorenz,0.43478260869565216,0.07036466358500257
swarm_lab,lorenz,0.4409937888198758,0.0724191063174114
swarm_lab,lorenz,0.4472049689440994,0.07447354904982023
swarm_lab,lorenz,0.453416149068323,0.07652799178222908
swarm_lab,lorenz,0.45962732919254656,0.07858243451463791
swarm_lab,lorenz,0.4658385093167702,0.08115048793014895
swarm_lab,lorenz,0.4720496894409938,0.08371854134566
swarm_lab,lorenz,0.4782608695652174,0.08628659476117104
swarm_lab,lorenz,0.484472049689441,0.08885464817668208
swarm_lab,lorenz,0.4906832298136646,0.09142270159219312
swarm_lab,lorenz,0.4968944099378882,0.09399075500770417
swarm_lab,lorenz,0.5031055900621118,0.09655880842321521
swarm_lab,lorenz,0.5093167701863354,0.09912686183872625
swarm_lab,lorenz,0.515527950310559,0.1016949152542373
swarm_lab,lorenz,0.5217391304347826,0.10426296866974834
swarm_lab,lorenz,0.5279503105590062,0.10683102208525937
swarm_lab,lorenz,0.5341614906832298,0.10991268618387262
swarm_lab,lorenz,0.5403726708074534,0.11299435028248588
swarm_lab,lorenz,0.546583850931677,0.11607601438109913
swarm_lab,lorenz,0.5527950310559007,0.11915767847971238
swarm_lab,lorenz,0.5590062111801242,0.12223934257832562
swarm_lab,lorenz,0.5652173913043478,0.12532100667693888
swarm_lab,lorenz,0.5714285714285714,0.12840267077555212
swarm_lab,lorenz,0.577639751552795,0.1314843348741654
swarm_lab,lorenz,0.5838509316770186,0.13507960965588084
swarm_lab,lorenz,0.5900621118012422,0.1386748844375963
swarm_lab,lorenz,0.5962732919254659,0.14227015921931177
swarm_lab,lorenz,0.6024844720496895,0.14586543400102722
swarm_lab,lorenz,0.6086956521739131,0.14946070878274267
swarm_lab,lorenz,0.6149068322981367,0.15305598356445815
swarm_lab,lorenz,0.6211180124223602,0.1566512583461736
swarm_lab,lorenz,0.6273291925465838,0.16024653312788906
swarm_lab,lorenz,0.6335403726708074,0.1638418079096045
swarm_lab,lorenz,0.639751552795031,0.16743708269132
swarm_lab,lorenz,0.6459627329192547,0.17103235747303544
swarm_lab,lorenz,0.6521739130434783,0.1751412429378531
swarm_lab,lorenz,0.6583850931677019,0.17925012840267077
swarm_lab,lorenz,0.6645962732919255,0.18335901386748846
swarm_lab,lorenz,0.6708074534161491,0.18746789933230612
swarm_lab,lorenz,0.6770186335403726,0.19157678479712378
swarm_lab,lorenz,0.6832298136645962,0.19568567026194145
swarm_lab,lorenz,0.6894409937888198,0.1997945557267591
swarm_lab,lorenz,0.6956521739130435,0.20390344119157677
swarm_lab,lorenz,0.7018633540372671,0.20801232665639446
swarm_lab,lorenz,0.7080745341614907,0.21212121212121213
swarm_lab,lorenz,0.7142857142857143,0.216743708269132
swarm_lab,lorenz,0.7204968944099379,0.2218798151001541
swarm_lab,lorenz,0.7267080745341615,0.22701592193117617
swarm_lab,lorenz,0.7329192546583851,0.23266563944530047
swarm_lab,lorenz,0.7391304347826086,0.23882896764252695
swarm_lab,lorenz,0.7453416149068323,0.24499229583975346
swarm_lab,lorenz,0.7515527950310559,0.25115562403698
swarm_lab,lorenz,0.7577639751552795,0.2573189522342065
swarm_lab,lorenz,0.7639751552795031,0.2639958911145352
swarm_lab,lorenz,0.7701863354037267,0.2706728299948639
swarm_lab,lorenz,0.7763975155279503,0.2773497688751926
swarm_lab,lorenz,0.782608695652174,0.28454031843862354
swarm_lab,lorenz,0.7888198757763976,0.29224447868515663
swarm_lab,lorenz,0.7950310559006211,0.29994863893168977
swarm_lab,lorenz,0.8012422360248447,0.3076527991782229
swarm_lab,lorenz,0.8074534161490683,0.31587057010785824
swarm_lab,lorenz,0.8136645962732919,0.32408834103749357
swarm_lab,lorenz,0.8198757763975155,0.3323061119671289
swarm_lab,lorenz,0.8260869565217391,0.34103749357986646
swarm_lab,lorenz,0.8322981366459627,0.349768875192604
swarm_lab,lorenz,0.8385093167701864,0.35850025680534153
swarm_lab,lorenz,0.84472049689441,0.3677452491011813
swarm_lab,lorenz,0.8509316770186336,0.37750385208012327
swarm_lab,lorenz,0.8571428571428571,0.3872624550590652
swarm_lab,lorenz,0.8633540372670807,0.40010272213662046
swarm_lab,lorenz,0.8695652173913043,0.41294298921417566
swarm_lab,lorenz,0.8757763975155279,0.4268104776579353
swarm_lab,lorenz,0.8819875776397516,0.44119157678479715
swarm_lab,lorenz,0.8881987577639752,0.4571135079609656
swarm_lab,lorenz,0.8944099378881988,0.47303543913713403
swarm_lab,lorenz,0.9006211180124224,0.48947098099640474
swarm_lab,lorenz,0.906832298136646,0.5069337442218799
swarm_lab,lorenz,0.9130434782608695,0.5243965074473549
swarm_lab,lorenz,0.9192546583850931,0.5454545454545454
swarm_lab,lorenz,0.9254658385093167,0.5695942475603493
swarm_lab,lorenz,0.9316770186335404,0.5952747817154597
swarm_lab,lorenz,0.937888198757764,0.6219825372367745
swarm_lab,lorenz,0.9440993788819876,0.6507447354904982
swarm_lab,lorenz,0.9503105590062112,0.6800205444273241
swarm_lab,lorenz,0.9565217391304348,0.7128916281458655
swarm_lab,lorenz,0.9627329192546584,0.746276322547509
swarm_lab,lorenz,0.968944099378882,0.7796610169491526
swarm_lab,lorenz,0.9751552795031055,0.8151001540832049
swarm_lab,lorenz,0.9813664596273292,0.8510529019003595
swarm_lab,lorenz,0.9875776397515528,0.8900873138161274
swarm_lab,lorenz,0.9937888198757764,0.9316897791474062
swarm_lab,lorenz,1.0,1.0
swarm_lab,span_cdf,0.0,0.13664596273291926
swarm_lab,normalized_span_cdf,0.0,0.13664596273291926
swarm_lab,span_cdf,0.0175,0.14285714285714285
swarm_lab,normalized_span_cdf,0.0007980744869521156,0.14285714285714285
swarm_lab,span_cdf,0.017777777777777778,0.14906832298136646
swarm_lab,normalized_span_cdf,0.0008107423359513555,0.14906832298136646
swarm_lab,span_cdf,0.02666666666666667,0.15527950310559005
swarm_lab,normalized_span_cdf,0.0012161135039270334,0.15527950310559005
swarm_lab,span_cdf,0.028888888888888888,0.16149068322981366
swarm_lab,normalized_span_cdf,0.0013174562959209525,0.16149068322981366
swarm_lab,span_cdf,0.04555555555555556,0.16770186335403728
swarm_lab,normalized_span_cdf,0.0020775272358753484,0.16770186335403728
swarm_lab,span_cdf,0.06583333333333333,0.17391304347826086
swarm_lab,normalized_span_cdf,0.003002280212819863,0.17391304347826086
swarm_lab,span_cdf,0.06722222222222222,0.18012422360248448
swarm_lab,normalized_span_cdf,0.003065619457816063,0.18012422360248448
swarm_lab,span_cdf,0.07083333333333333,0.18633540372670807
swarm_lab,normalized_span_cdf,0.003230301494806182,0.18633540372670807
swarm_lab,span_cdf,0.09472222222222222,0.19254658385093168
swarm_lab,normalized_span_cdf,0.004319736508740816,0.19254658385093168
swarm_lab,span_cdf,0.09888888888888889,0.19875776397515527
swarm_lab,normalized_span_cdf,0.004509754243729415,0.19875776397515527
swarm_lab,span_cdf,0.10333333333333333,0.20496894409937888
swarm_lab,normalized_span_cdf,0.004712439827717254,0.20496894409937888
swarm_lab,span_cdf,0.10805555555555556,0.2111801242236025
swarm_lab,normalized_span_cdf,0.004927793260704333,0.2111801242236025
swarm_lab,span_cdf,0.10972222222222222,0.21739130434782608
swarm_lab,normalized_span_cdf,0.005003800354699772,0.21739130434782608
swarm_lab,span_cdf,0.1125,0.22981366459627328
swarm_lab,normalized_span_cdf,0.005130478844692171,0.22981366459627328
swarm_lab,span_cdf,0.11305555555555556,0.2360248447204969
swarm_lab,normalized_span_cdf,0.005155814542690652,0.2360248447204969
swarm_lab,span_cdf,0.11361111111111111,0.2422360248447205
swarm_lab,normalized_span_cdf,0.005181150240689131,0.2422360248447205
swarm_lab,span_cdf,0.11888888888888889,0.2484472049689441
swarm_lab,normalized_span_cdf,0.00542183937167469,0.2484472049689441
swarm_lab,span_cdf,0.11972222222222222,0.2546583850931677
swarm_lab,normalized_span_cdf,0.005459842918672409,0.2546583850931677
swarm_lab,span_cdf,0.12277777777777778,0.2608695652173913
swarm_lab,normalized_span_cdf,0.005599189257664049,0.2608695652173913
swarm_lab,span_cdf,0.12611111111111112,0.2670807453416149
swarm_lab,normalized_span_cdf,0.005751203445654929,0.2670807453416149
swarm_lab,span_cdf,0.12916666666666668,0.2732919254658385
swarm_lab,normalized_span_cdf,0.0058905497846465675,0.2732919254658385
swarm_lab,span_cdf,0.13083333333333333,0.2795031055900621
swarm_lab,normalized_span_cdf,0.005966556878642007,0.2795031055900621
swarm_lab,span_cdf,0.16083333333333333,0.2857142857142857
swarm_lab,normalized_span_cdf,0.007334684570559919,0.2857142857142857
swarm_lab,span_cdf,0.1661111111111111,0.2919254658385093
swarm_lab,normalized_span_cdf,0.007575373701545477,0.2919254658385093
swarm_lab,span_cdf,0.17888888888888888,0.2981366459627329
swarm_lab,normalized_span_cdf,0.008158094755510515,0.2981366459627329
swarm_lab,span_cdf,0.17916666666666667,0.30434782608695654
swarm_lab,normalized_span_cdf,0.008170762604509755,0.30434782608695654
swarm_lab,span_cdf,0.19444444444444445,0.3105590062111801
swarm_lab,normalized_span_cdf,0.00886749429946795,0.3105590062111801
swarm_lab,span_cdf,0.21083333333333334,0.3167701863354037
swarm_lab,normalized_span_cdf,0.009614897390423108,0.3167701863354037
swarm_lab,span_cdf,0.22527777777777777,0.32298136645962733
swarm_lab,normalized_span_cdf,0.010273625538383582,0.32298136645962733
swarm_lab,span_cdf,0.2822222222222222,0.32919254658385094
swarm_lab,normalized_span_cdf,0.012870534583227768,0.32919254658385094
swarm_lab,span_cdf,0.2861111111111111,0.33540372670807456
swarm_lab,normalized_span_cdf,0.013047884469217126,0.33540372670807456
swarm_lab,span_cdf,0.2980555555555556,0.3416149068322981
swarm_lab,normalized_span_cdf,0.013592601976184445,0.3416149068322981
swarm_lab,span_cdf,0.2986111111111111,0.34782608695652173
swarm_lab,normalized_span_cdf,0.013617937674182923,0.34782608695652173
swarm_lab,span_cdf,0.3075,0.35403726708074534
swarm_lab,normalized_span_cdf,0.014023308842158601,0.35403726708074534
swarm_lab,span_cdf,0.30777777777777776,0.36024844720496896
swarm_lab,normalized_span_cdf,0.014035976691157841,0.36024844720496896
swarm_lab,span_cdf,0.31027777777777776,0.36645962732919257
swarm_lab,normalized_span_cdf,0.014149987332151,0.36645962732919257
swarm_lab,span_cdf,0.31194444444444447,0.37267080745341613
swarm_lab,normalized_span_cdf,0.014225994426146442,0.37267080745341613
swarm_lab,span_cdf,0.33694444444444444,0.37888198757763975
swarm_lab,normalized_span_cdf,0.015366100836078034,0.37888198757763975
swarm_lab,span_cdf,0.35555555555555557,0.38509316770186336
swarm_lab,normalized_span_cdf,0.01621484671902711,0.38509316770186336
swarm_lab,span_cdf,0.3616666666666667,0.391304347826087
swarm_lab,normalized_span_cdf,0.016493539397010388,0.391304347826087
swarm_lab,span_cdf,0.4036111111111111,0.39751552795031053
swarm_lab,normalized_span_cdf,0.018406384595895615,0.39751552795031053
swarm_lab,span_cdf,0.44222222222222224,0.40372670807453415
swarm_lab,normalized_span_cdf,0.020167215606789968,0.40372670807453415
swarm_lab,span_cdf,0.45444444444444443,0.40993788819875776
swarm_lab,normalized_span_cdf,0.020724600962756523,0.40993788819875776
swarm_lab,span_cdf,0.48583333333333334,0.4161490683229814
swarm_lab,normalized_span_cdf,0.022156067899670638,0.4161490683229814
swarm_lab,span_cdf,0.5141666666666667,0.422360248447205
swarm_lab,normalized_span_cdf,0.02344818849759311,0.422360248447205
swarm_lab,span_cdf,0.52,0.42857142857142855
swarm_lab,normalized_span_cdf,0.02371421332657715,0.42857142857142855
swarm_lab,span_cdf,0.5236111111111111,0.43478260869565216
swarm_lab,normalized_span_cdf,0.023878895363567267,0.43478260869565216
swarm_lab,span_cdf,0.5575,0.4409937888198758
swarm_lab,normalized_span_cdf,0.025424372941474538,0.4409937888198758
swarm_lab,span_cdf,0.5941666666666666,0.4472049689440994
swarm_lab,normalized_span_cdf,0.027096529009374207,0.4472049689440994
swarm_lab,span_cdf,0.6022222222222222,0.453416149068323
swarm_lab,normalized_span_cdf,0.027463896630352168,0.453416149068323
swarm_lab,span_cdf,0.615,0.45962732919254656
swarm_lab,normalized_span_cdf,0.028046617684317203,0.45962732919254656
swarm_lab,span_cdf,0.6219444444444444,0.4658385093167702
swarm_lab,normalized_span_cdf,0.0283633139092982,0.4658385093167702
swarm_lab,span_cdf,0.6413888888888889,0.4720496894409938
swarm_lab,normalized_span_cdf,0.029250063339244996,0.4720496894409938
swarm_lab,span_cdf,0.6844444444444444,0.4782608695652174
swarm_lab,normalized_span_cdf,0.031213579934127184,0.4782608695652174
swarm_lab,span_cdf,0.6933333333333334,0.484472049689441
swarm_lab,normalized_span_cdf,0.03161895110210287,0.484472049689441
swarm_lab,span_cdf,0.7038888888888889,0.4906832298136646
swarm_lab,normalized_span_cdf,0.03210032936407398,0.4906832298136646
swarm_lab,span_cdf,0.7244444444444444,0.4968944099378882
swarm_lab,normalized_span_cdf,0.033037750190017735,0.4968944099378882
swarm_lab,span_cdf,0.7455555555555555,0.5031055900621118
swarm_lab,normalized_span_cdf,0.03400050671395997,0.5031055900621118
swarm_lab,span_cdf,0.8052777777777778,0.5093167701863354
swarm_lab,normalized_span_cdf,0.03672409424879655,0.5093167701863354
swarm_lab,span_cdf,0.8411111111111111,0.515527950310559
swarm_lab,normalized_span_cdf,0.038358246769698505,0.515527950310559
swarm_lab,span_cdf,0.8436111111111111,0.5217391304347826
swarm_lab,normalized_span_cdf,0.038472257410691664,0.5217391304347826
swarm_lab,span_cdf,0.8488888888888889,0.5279503105590062
swarm_lab,normalized_span_cdf,0.03871294654167723,0.5279503105590062
swarm_lab,span_cdf,0.8705555555555555,0.5341614906832298
swarm_lab,normalized_span_cdf,0.03970103876361794,0.5341614906832298
swarm_lab,span_cdf,0.9052777777777777,0.5403726708074534
swarm_lab,normalized_span_cdf,0.04128451988852293,0.5403726708074534
swarm_lab,span_cdf,0.9202777777777778,0.546583850931677
swarm_lab,normalized_span_cdf,0.04196858373448188,0.546583850931677
swarm_lab,span_cdf,0.9786111111111111,0.5527950310559007
swarm_lab,normalized_span_cdf,0.044628832024322274,0.5527950310559007
swarm_lab,span_cdf,1.0141666666666667,0.5590062111801242
swarm_lab,normalized_span_cdf,0.04625031669622498,0.5590062111801242
swarm_lab,span_cdf,1.083888888888889,0.5652173913043478
swarm_lab,normalized_span_cdf,0.04942994679503421,0.5652173913043478
swarm_lab,span_cdf,1.0911111111111111,0.5714285714285714
swarm_lab,normalized_span_cdf,0.049759310869014445,0.5714285714285714
swarm_lab,span_cdf,1.2105555555555556,0.577639751552795
swarm_lab,normalized_span_cdf,0.05520648593868761,0.577639751552795
swarm_lab,span_cdf,1.2916666666666667,0.5838509316770186
swarm_lab,normalized_span_cdf,0.058905497846465676,0.5838509316770186
swarm_lab,span_cdf,1.2925,0.5962732919254659
swarm_lab,normalized_span_cdf,0.05894350139346339,0.5962732919254659
swarm_lab,span_cdf,1.2933333333333332,0.6024844720496895
swarm_lab,normalized_span_cdf,0.05898150494046111,0.6024844720496895
swarm_lab,span_cdf,1.293611111111111,0.6086956521739131
swarm_lab,normalized_span_cdf,0.05899417278946035,0.6086956521739131
swarm_lab,span_cdf,1.2941666666666667,0.6149068322981367
swarm_lab,normalized_span_cdf,0.059019508487458835,0.6149068322981367
swarm_lab,span_cdf,1.3047222222222221,0.6211180124223602
swarm_lab,normalized_span_cdf,0.059500886749429945,0.6211180124223602
swarm_lab,span_cdf,1.305,0.6273291925465838
swarm_lab,normalized_span_cdf,0.059513554598429184,0.6273291925465838
swarm_lab,span_cdf,1.3055555555555556,0.6335403726708074
swarm_lab,normalized_span_cdf,0.05953889029642767,0.6335403726708074
swarm_lab,span_cdf,1.3108333333333333,0.639751552795031
swarm_lab,normalized_span_cdf,0.05977957942741322,0.639751552795031
swarm_lab,span_cdf,1.3111111111111111,0.6459627329192547
swarm_lab,normalized_span_cdf,0.05979224727641247,0.6459627329192547
swarm_lab,span_cdf,1.311388888888889,0.6521739130434783
swarm_lab,normalized_span_cdf,0.05980491512541171,0.6521739130434783
swarm_lab,span_cdf,1.3130555555555556,0.6583850931677019
swarm_lab,normalized_span_cdf,0.05988092221940715,0.6583850931677019
swarm_lab,span_cdf,1.3180555555555555,0.6645962732919255
swarm_lab,normalized_span_cdf,0.060108943501393466,0.6645962732919255
swarm_lab,span_cdf,1.341388888888889,0.6708074534161491
swarm_lab,normalized_span_cdf,0.061173042817329625,0.6708074534161491
swarm_lab,span_cdf,1.343888888888889,0.6770186335403726
swarm_lab,normalized_span_cdf,0.06128705345832278,0.6770186335403726
swarm_lab,span_cdf,1.3788888888888888,0.6832298136645962
swarm_lab,normalized_span_cdf,0.062883202432227,0.6832298136645962
swarm_lab,span_cdf,1.395,0.6894409937888198
swarm_lab,normalized_span_cdf,0.06361793767418293,0.6894409937888198
swarm_lab,span_cdf,1.7816666666666667,0.6956521739130435
swarm_lab,normalized_span_cdf,0.0812515834811249,0.6956521739130435
swarm_lab,span_cdf,1.7922222222222222,0.7018633540372671
swarm_lab,normalized_span_cdf,0.08173296174309602,0.7018633540372671
swarm_lab,span_cdf,1.801388888888889,0.7080745341614907
swarm_lab,normalized_span_cdf,0.08215100076007094,0.7080745341614907
swarm_lab,span_cdf,1.8725,0.7142857142857143
swarm_lab,normalized_span_cdf,0.08539397010387637,0.7142857142857143
swarm_lab,span_cdf,1.8905555555555555,0.7204968944099379
swarm_lab,normalized_span_cdf,0.08621738028882696,0.7204968944099379
swarm_lab,span_cdf,2.0952777777777776,0.7267080745341615
swarm_lab,normalized_span_cdf,0.09555358500126677,0.7267080745341615
swarm_lab,span_cdf,2.1147222222222224,0.7329192546583851
swarm_lab,normalized_span_cdf,0.0964403344312136,0.7329192546583851
swarm_lab,span_cdf,2.1216666666666666,0.7391304347826086
swarm_lab,normalized_span_cdf,0.09675703065619458,0.7391304347826086
swarm_lab,span_cdf,2.131111111111111,0.7453416149068323
swarm_lab,normalized_span_cdf,0.09718773752216874,0.7453416149068323
swarm_lab,span_cdf,2.1530555555555555,0.7515527950310559
swarm_lab,normalized_span_cdf,0.09818849759310869,0.7515527950310559
swarm_lab,span_cdf,2.1633333333333336,0.7577639751552795
swarm_lab,normalized_span_cdf,0.09865720800608058,0.7577639751552795
swarm_lab,span_cdf,2.180277777777778,0.7639751552795031
swarm_lab,normalized_span_cdf,0.09942994679503421,0.7639751552795031
swarm_lab,span_cdf,2.368333333333333,0.7701863354037267
swarm_lab,normalized_span_cdf,0.10800608056751963,0.7701863354037267
swarm_lab,span_cdf,2.568611111111111,0.7763975155279503
swarm_lab,normalized_span_cdf,0.11713959969597162,0.7763975155279503
swarm_lab,span_cdf,2.664722222222222,0.782608695652174
swarm_lab,normalized_span_cdf,0.12152267544970864,0.782608695652174
swarm_lab,span_cdf,2.678611111111111,0.7888198757763976
swarm_lab,normalized_span_cdf,0.12215606789967064,0.7888198757763976
swarm_lab,span_cdf,2.7777777777777777,0.7950310559006211
swarm_lab,normalized_span_cdf,0.12667848999239928,0.7950310559006211
swarm_lab,span_cdf,2.841388888888889,0.8012422360248447
swarm_lab,normalized_span_cdf,0.12957942741322523,0.8012422360248447
swarm_lab,span_cdf,2.928611111111111,0.8074534161490683
swarm_lab,normalized_span_cdf,0.13355713199898658,0.8074534161490683
swarm_lab,span_cdf,3.0575,0.8136645962732919
swarm_lab,normalized_span_cdf,0.1394350139346339,0.8136645962732919
swarm_lab,span_cdf,3.0805555555555557,0.8198757763975155
swarm_lab,normalized_span_cdf,0.14048644540157082,0.8198757763975155
swarm_lab,span_cdf,3.213611111111111,0.8260869565217391
swarm_lab,normalized_span_cdf,0.14655434507220674,0.8260869565217391
swarm_lab,span_cdf,3.2519444444444443,0.8322981366459627
swarm_lab,normalized_span_cdf,0.14830250823410185,0.8322981366459627
swarm_lab,span_cdf,3.3830555555555555,0.8385093167701864
swarm_lab,normalized_span_cdf,0.1542817329617431,0.8385093167701864
swarm_lab,span_cdf,3.4283333333333332,0.84472049689441
swarm_lab,normalized_span_cdf,0.1563465923486192,0.84472049689441
swarm_lab,span_cdf,3.451111111111111,0.8509316770186336
swarm_lab,normalized_span_cdf,0.15738535596655687,0.8509316770186336
swarm_lab,span_cdf,3.578333333333333,0.8571428571428571
swarm_lab,normalized_span_cdf,0.16318723080820877,0.8571428571428571
swarm_lab,span_cdf,3.6125,0.8633540372670807
swarm_lab,normalized_span_cdf,0.1647453762351153,0.8633540372670807
swarm_lab,span_cdf,3.7083333333333335,0.8695652173913043
swarm_lab,normalized_span_cdf,0.16911578413985306,0.8695652173913043
swarm_lab,span_cdf,4.007777777777778,0.8757763975155279
swarm_lab,normalized_span_cdf,0.18277172536103373,0.8757763975155279
swarm_lab,span_cdf,4.418333333333333,0.8819875776397516
swarm_lab,normalized_span_cdf,0.2014948061819103,0.8819875776397516
swarm_lab,span_cdf,4.791111111111111,0.8881987577639752
swarm_lab,normalized_span_cdf,0.2184950595388903,0.8881987577639752
swarm_lab,span_cdf,5.2425,0.8944099378881988
swarm_lab,normalized_span_cdf,0.23908031416265518,0.8944099378881988
swarm_lab,span_cdf,5.252777777777778,0.9006211180124224
swarm_lab,normalized_span_cdf,0.23954902457562707,0.9006211180124224
swarm_lab,span_cdf,5.354444444444445,0.906832298136646
swarm_lab,normalized_span_cdf,0.2441854573093489,0.906832298136646
swarm_lab,span_cdf,5.517222222222222,0.9130434782608695
swarm_lab,normalized_span_cdf,0.2516088168229035,0.9130434782608695
swarm_lab,span_cdf,5.588611111111111,0.9192546583850931
swarm_lab,normalized_span_cdf,0.2548644540157081,0.9192546583850931
swarm_lab,span_cdf,5.651388888888889,0.9254658385093167
swarm_lab,normalized_span_cdf,0.25772738788953636,0.9254658385093167
swarm_lab,span_cdf,5.915277777777778,0.9316770186335404
swarm_lab,normalized_span_cdf,0.2697618444388143,0.9316770186335404
swarm_lab,span_cdf,6.7175,0.937888198757764
swarm_lab,normalized_span_cdf,0.3063465923486192,0.937888198757764
swarm_lab,span_cdf,6.918888888888889,0.9440993788819876
swarm_lab,normalized_span_cdf,0.3155307828730681,0.9440993788819876
swarm_lab,span_cdf,7.219722222222222,0.9503105590062112
swarm_lab,normalized_span_cdf,0.329250063339245,0.9503105590062112
swarm_lab,span_cdf,7.371111111111111,0.9565217391304348
swarm_lab,normalized_span_cdf,0.3361540410438308,0.9565217391304348
swarm_lab,span_cdf,7.760833333333333,0.9627329192546584
swarm_lab,normalized_span_cdf,0.3539270331897644,0.9627329192546584
swarm_lab,span_cdf,7.990555555555556,0.968944099378882
swarm_lab,normalized_span_cdf,0.36440334431213584,0.968944099378882
swarm_lab,span_cdf,8.755277777777778,0.9751552795031055
swarm_lab,normalized_span_cdf,0.3992779326070433,0.9751552795031055
swarm_lab,span_cdf,9.246666666666666,0.9813664596273292
swarm_lab,normalized_span_cdf,0.4216873574866987,0.9813664596273292
swarm_lab,span_cdf,10.044722222222223,0.9875776397515528
swarm_lab,normalized_span_cdf,0.45808208766151515,0.9875776397515528
swarm_lab,span_cdf,10.894166666666667,0.9937888198757764
swarm_lab,normalized_span_cdf,0.49682036990119083,0.9937888198757764
swarm_lab,span_cdf,11.501666666666667,1.0
swarm_lab,normalized_span_cdf,0.5245249556625285,1.0
