task,agents,deadline,world,timing,arm,choice,commit_tick,logical_actor_calls,target,correct,constraint_violation,abstention,false_none,loss
8200,5,3,clean,late,majority,A,2,5,A,True,False,False,False,0
8200,5,3,clean,late,fixed-two,A,3,10,A,True,False,False,False,0
8200,5,3,clean,late,fixed-three,,3,10,A,False,False,True,False,0.5
8200,5,3,clean,late,adaptive,A,3,10,A,True,False,False,False,0
8200,5,3,clean,late,deadline-vote,A,3,10,A,True,False,False,False,0
8200,5,3,clean,late,central-deadline,A,3,1,A,True,False,False,False,0
8200,5,3,clean,late,symbolic-deadline,A,3,0,A,True,False,False,False,0
8200,5,3,clean,stalled,majority,A,2,5,A,True,False,False,False,0
8200,5,3,clean,stalled,fixed-two,A,3,10,A,True,False,False,False,0
8200,5,3,clean,stalled,fixed-three,,3,10,A,False,False,True,False,0.5
8200,5,3,clean,stalled,adaptive,A,3,10,A,True,False,False,False,0
8200,5,3,clean,stalled,deadline-vote,A,3,10,A,True,False,False,False,0
8200,5,3,clean,stalled,central-deadline,A,3,1,A,True,False,False,False,0
8200,5,3,clean,stalled,symbolic-deadline,A,3,0,A,True,False,False,False,0
8200,5,3,copies,late,majority,A,2,5,A,True,False,False,False,0
8200,5,3,copies,late,fixed-two,A,3,10,A,True,False,False,False,0
8200,5,3,copies,late,fixed-three,,3,10,A,False,False,True,False,0.5
8200,5,3,copies,late,adaptive,A,3,10,A,True,False,False,False,0
8200,5,3,copies,late,deadline-vote,A,3,10,A,True,False,False,False,0
8200,5,3,copies,late,central-deadline,A,3,1,A,True,False,False,False,0
8200,5,3,copies,late,symbolic-deadline,A,3,0,A,True,False,False,False,0
8200,5,3,copies,stalled,majority,A,2,5,A,True,False,False,False,0
8200,5,3,copies,stalled,fixed-two,A,3,10,A,True,False,False,False,0
8200,5,3,copies,stalled,fixed-three,,3,10,A,False,False,True,False,0.5
8200,5,3,copies,stalled,adaptive,A,3,10,A,True,False,False,False,0
8200,5,3,copies,stalled,deadline-vote,A,3,10,A,True,False,False,False,0
8200,5,3,copies,stalled,central-deadline,A,3,1,A,True,False,False,False,0
8200,5,3,copies,stalled,symbolic-deadline,A,3,0,A,True,False,False,False,0
8200,5,3,early-wrong,late,majority,C,2,5,A,False,True,False,False,1
8200,5,3,early-wrong,late,fixed-two,C,3,10,A,False,True,False,False,1
8200,5,3,early-wrong,late,fixed-three,,3,10,A,False,False,True,False,0.5
8200,5,3,early-wrong,late,adaptive,C,3,10,A,False,True,False,False,1
8200,5,3,early-wrong,late,deadline-vote,C,3,10,A,False,True,False,False,1
8200,5,3,early-wrong,late,central-deadline,C,3,1,A,False,True,False,False,1
8200,5,3,early-wrong,late,symbolic-deadline,C,3,0,A,False,True,False,False,1
8200,5,3,early-wrong,stalled,majority,C,2,5,A,False,True,False,False,1
8200,5,3,early-wrong,stalled,fixed-two,C,3,10,A,False,True,False,False,1
8200,5,3,early-wrong,stalled,fixed-three,,3,10,A,False,False,True,False,0.5
8200,5,3,early-wrong,stalled,adaptive,C,3,10,A,False,True,False,False,1
8200,5,3,early-wrong,stalled,deadline-vote,C,3,10,A,False,True,False,False,1
8200,5,3,early-wrong,stalled,central-deadline,C,3,1,A,False,True,False,False,1
8200,5,3,early-wrong,stalled,symbolic-deadline,C,3,0,A,False,True,False,False,1
8200,5,3,late-wrong,late,majority,A,2,5,A,True,False,False,False,0
8200,5,3,late-wrong,late,fixed-two,A,3,10,A,True,False,False,False,0
8200,5,3,late-wrong,late,fixed-three,,3,10,A,False,False,True,False,0.5
8200,5,3,late-wrong,late,adaptive,A,3,10,A,True,False,False,False,0
8200,5,3,late-wrong,late,deadline-vote,A,3,10,A,True,False,False,False,0
8200,5,3,late-wrong,late,central-deadline,A,3,1,A,True,False,False,False,0
8200,5,3,late-wrong,late,symbolic-deadline,A,3,0,A,True,False,False,False,0
8200,5,3,late-wrong,stalled,majority,A,2,5,A,True,False,False,False,0
8200,5,3,late-wrong,stalled,fixed-two,A,3,10,A,True,False,False,False,0
8200,5,3,late-wrong,stalled,fixed-three,,3,10,A,False,False,True,False,0.5
8200,5,3,late-wrong,stalled,adaptive,A,3,10,A,True,False,False,False,0
8200,5,3,late-wrong,stalled,deadline-vote,A,3,10,A,True,False,False,False,0
8200,5,3,late-wrong,stalled,central-deadline,A,3,1,A,True,False,False,False,0
8200,5,3,late-wrong,stalled,symbolic-deadline,A,3,0,A,True,False,False,False,0
8200,5,6,clean,late,majority,A,2,5,A,True,False,False,False,0
8200,5,6,clean,late,fixed-two,A,3,10,A,True,False,False,False,0
8200,5,6,clean,late,fixed-three,A,5,20,A,True,False,False,False,0
8200,5,6,clean,late,adaptive,A,5,20,A,True,False,False,False,0
8200,5,6,clean,late,deadline-vote,A,6,25,A,True,False,False,False,0
8200,5,6,clean,late,central-deadline,A,6,1,A,True,False,False,False,0
8200,5,6,clean,late,symbolic-deadline,A,6,0,A,True,False,False,False,0
8200,5,6,clean,stalled,majority,A,2,5,A,True,False,False,False,0
8200,5,6,clean,stalled,fixed-two,A,3,10,A,True,False,False,False,0
8200,5,6,clean,stalled,fixed-three,,6,25,A,False,False,True,False,0.5
8200,5,6,clean,stalled,adaptive,A,6,25,A,True,False,False,False,0
8200,5,6,clean,stalled,deadline-vote,A,6,25,A,True,False,False,False,0
8200,5,6,clean,stalled,central-deadline,A,6,1,A,True,False,False,False,0
8200,5,6,clean,stalled,symbolic-deadline,A,6,0,A,True,False,False,False,0
8200,5,6,copies,late,majority,A,2,5,A,True,False,False,False,0
8200,5,6,copies,late,fixed-two,A,3,10,A,True,False,False,False,0
8200,5,6,copies,late,fixed-three,A,5,20,A,True,False,False,False,0
8200,5,6,copies,late,adaptive,A,5,20,A,True,False,False,False,0
8200,5,6,copies,late,deadline-vote,A,6,25,A,True,False,False,False,0
8200,5,6,copies,late,central-deadline,A,6,1,A,True,False,False,False,0
8200,5,6,copies,late,symbolic-deadline,A,6,0,A,True,False,False,False,0
8200,5,6,copies,stalled,majority,A,2,5,A,True,False,False,False,0
8200,5,6,copies,stalled,fixed-two,A,3,10,A,True,False,False,False,0
8200,5,6,copies,stalled,fixed-three,,6,25,A,False,False,True,False,0.5
8200,5,6,copies,stalled,adaptive,A,6,25,A,True,False,False,False,0
8200,5,6,copies,stalled,deadline-vote,A,6,25,A,True,False,False,False,0
8200,5,6,copies,stalled,central-deadline,A,6,1,A,True,False,False,False,0
8200,5,6,copies,stalled,symbolic-deadline,A,6,0,A,True,False,False,False,0
8200,5,6,early-wrong,late,majority,C,2,5,A,False,True,False,False,1
8200,5,6,early-wrong,late,fixed-two,C,3,10,A,False,True,False,False,1
8200,5,6,early-wrong,late,fixed-three,,6,25,A,False,False,True,False,0.5
8200,5,6,early-wrong,late,adaptive,A,6,25,A,True,False,False,False,0
8200,5,6,early-wrong,late,deadline-vote,A,6,25,A,True,False,False,False,0
8200,5,6,early-wrong,late,central-deadline,A,6,1,A,True,False,False,False,0
8200,5,6,early-wrong,late,symbolic-deadline,A,6,0,A,True,False,False,False,0
8200,5,6,early-wrong,stalled,majority,C,2,5,A,False,True,False,False,1
8200,5,6,early-wrong,stalled,fixed-two,C,3,10,A,False,True,False,False,1
8200,5,6,early-wrong,stalled,fixed-three,,6,25,A,False,False,True,False,0.5
8200,5,6,early-wrong,stalled,adaptive,C,6,25,A,False,True,False,False,1
8200,5,6,early-wrong,stalled,deadline-vote,C,6,25,A,False,True,False,False,1
8200,5,6,early-wrong,stalled,central-deadline,C,6,1,A,False,True,False,False,1
8200,5,6,early-wrong,stalled,symbolic-deadline,C,6,0,A,False,True,False,False,1
8200,5,6,late-wrong,late,majority,A,2,5,A,True,False,False,False,0
8200,5,6,late-wrong,late,fixed-two,A,3,10,A,True,False,False,False,0
8200,5,6,late-wrong,late,fixed-three,,6,25,A,False,False,True,False,0.5
8200,5,6,late-wrong,late,adaptive,C,6,25,A,False,True,False,False,1
8200,5,6,late-wrong,late,deadline-vote,C,6,25,A,False,True,False,False,1
8200,5,6,late-wrong,late,central-deadline,C,6,1,A,False,True,False,False,1
8200,5,6,late-wrong,late,symbolic-deadline,C,6,0,A,False,True,False,False,1
8200,5,6,late-wrong,stalled,majority,A,2,5,A,True,False,False,False,0
8200,5,6,late-wrong,stalled,fixed-two,A,3,10,A,True,False,False,False,0
8200,5,6,late-wrong,stalled,fixed-three,,6,25,A,False,False,True,False,0.5
8200,5,6,late-wrong,stalled,adaptive,A,6,25,A,True,False,False,False,0
8200,5,6,late-wrong,stalled,deadline-vote,A,6,25,A,True,False,False,False,0
8200,5,6,late-wrong,stalled,central-deadline,A,6,1,A,True,False,False,False,0
8200,5,6,late-wrong,stalled,symbolic-deadline,A,6,0,A,True,False,False,False,0
8200,9,3,clean,late,majority,A,2,9,A,True,False,False,False,0
8200,9,3,clean,late,fixed-two,A,3,18,A,True,False,False,False,0
8200,9,3,clean,late,fixed-three,,3,18,A,False,False,True,False,0.5
8200,9,3,clean,late,adaptive,A,3,18,A,True,False,False,False,0
8200,9,3,clean,late,deadline-vote,A,3,18,A,True,False,False,False,0
8200,9,3,clean,late,central-deadline,A,3,1,A,True,False,False,False,0
8200,9,3,clean,late,symbolic-deadline,A,3,0,A,True,False,False,False,0
8200,9,3,clean,stalled,majority,A,2,9,A,True,False,False,False,0
8200,9,3,clean,stalled,fixed-two,A,3,18,A,True,False,False,False,0
8200,9,3,clean,stalled,fixed-three,,3,18,A,False,False,True,False,0.5
8200,9,3,clean,stalled,adaptive,A,3,18,A,True,False,False,False,0
8200,9,3,clean,stalled,deadline-vote,A,3,18,A,True,False,False,False,0
8200,9,3,clean,stalled,central-deadline,A,3,1,A,True,False,False,False,0
8200,9,3,clean,stalled,symbolic-deadline,A,3,0,A,True,False,False,False,0
8200,9,3,copies,late,majority,A,2,9,A,True,False,False,False,0
8200,9,3,copies,late,fixed-two,A,3,18,A,True,False,False,False,0
8200,9,3,copies,late,fixed-three,,3,18,A,False,False,True,False,0.5
8200,9,3,copies,late,adaptive,A,3,18,A,True,False,False,False,0
8200,9,3,copies,late,deadline-vote,A,3,18,A,True,False,False,False,0
8200,9,3,copies,late,central-deadline,A,3,1,A,True,False,False,False,0
8200,9,3,copies,late,symbolic-deadline,A,3,0,A,True,False,False,False,0
8200,9,3,copies,stalled,majority,A,2,9,A,True,False,False,False,0
8200,9,3,copies,stalled,fixed-two,A,3,18,A,True,False,False,False,0
8200,9,3,copies,stalled,fixed-three,,3,18,A,False,False,True,False,0.5
8200,9,3,copies,stalled,adaptive,A,3,18,A,True,False,False,False,0
8200,9,3,copies,stalled,deadline-vote,A,3,18,A,True,False,False,False,0
8200,9,3,copies,stalled,central-deadline,A,3,1,A,True,False,False,False,0
8200,9,3,copies,stalled,symbolic-deadline,A,3,0,A,True,False,False,False,0
8200,9,3,early-wrong,late,majority,C,2,9,A,False,True,False,False,1
8200,9,3,early-wrong,late,fixed-two,C,3,18,A,False,True,False,False,1
8200,9,3,early-wrong,late,fixed-three,,3,18,A,False,False,True,False,0.5
8200,9,3,early-wrong,late,adaptive,C,3,18,A,False,True,False,False,1
8200,9,3,early-wrong,late,deadline-vote,C,3,18,A,False,True,False,False,1
8200,9,3,early-wrong,late,central-deadline,C,3,1,A,False,True,False,False,1
8200,9,3,early-wrong,late,symbolic-deadline,C,3,0,A,False,True,False,False,1
8200,9,3,early-wrong,stalled,majority,C,2,9,A,False,True,False,False,1
8200,9,3,early-wrong,stalled,fixed-two,C,3,18,A,False,True,False,False,1
8200,9,3,early-wrong,stalled,fixed-three,,3,18,A,False,False,True,False,0.5
8200,9,3,early-wrong,stalled,adaptive,C,3,18,A,False,True,False,False,1
8200,9,3,early-wrong,stalled,deadline-vote,C,3,18,A,False,True,False,False,1
8200,9,3,early-wrong,stalled,central-deadline,C,3,1,A,False,True,False,False,1
8200,9,3,early-wrong,stalled,symbolic-deadline,C,3,0,A,False,True,False,False,1
8200,9,3,late-wrong,late,majority,A,2,9,A,True,False,False,False,0
8200,9,3,late-wrong,late,fixed-two,A,3,18,A,True,False,False,False,0
8200,9,3,late-wrong,late,fixed-three,,3,18,A,False,False,True,False,0.5
8200,9,3,late-wrong,late,adaptive,A,3,18,A,True,False,False,False,0
8200,9,3,late-wrong,late,deadline-vote,A,3,18,A,True,False,False,False,0
8200,9,3,late-wrong,late,central-deadline,A,3,1,A,True,False,False,False,0
8200,9,3,late-wrong,late,symbolic-deadline,A,3,0,A,True,False,False,False,0
8200,9,3,late-wrong,stalled,majority,A,2,9,A,True,False,False,False,0
8200,9,3,late-wrong,stalled,fixed-two,A,3,18,A,True,False,False,False,0
8200,9,3,late-wrong,stalled,fixed-three,,3,18,A,False,False,True,False,0.5
8200,9,3,late-wrong,stalled,adaptive,A,3,18,A,True,False,False,False,0
8200,9,3,late-wrong,stalled,deadline-vote,A,3,18,A,True,False,False,False,0
8200,9,3,late-wrong,stalled,central-deadline,A,3,1,A,True,False,False,False,0
8200,9,3,late-wrong,stalled,symbolic-deadline,A,3,0,A,True,False,False,False,0
8200,9,6,clean,late,majority,A,2,9,A,True,False,False,False,0
8200,9,6,clean,late,fixed-two,A,3,18,A,True,False,False,False,0
8200,9,6,clean,late,fixed-three,A,5,36,A,True,False,False,False,0
8200,9,6,clean,late,adaptive,A,5,36,A,True,False,False,False,0
8200,9,6,clean,late,deadline-vote,A,6,45,A,True,False,False,False,0
8200,9,6,clean,late,central-deadline,A,6,1,A,True,False,False,False,0
8200,9,6,clean,late,symbolic-deadline,A,6,0,A,True,False,False,False,0
8200,9,6,clean,stalled,majority,A,2,9,A,True,False,False,False,0
8200,9,6,clean,stalled,fixed-two,A,3,18,A,True,False,False,False,0
8200,9,6,clean,stalled,fixed-three,,6,45,A,False,False,True,False,0.5
8200,9,6,clean,stalled,adaptive,A,6,45,A,True,False,False,False,0
8200,9,6,clean,stalled,deadline-vote,A,6,45,A,True,False,False,False,0
8200,9,6,clean,stalled,central-deadline,A,6,1,A,True,False,False,False,0
8200,9,6,clean,stalled,symbolic-deadline,A,6,0,A,True,False,False,False,0
8200,9,6,copies,late,majority,A,2,9,A,True,False,False,False,0
8200,9,6,copies,late,fixed-two,A,3,18,A,True,False,False,False,0
8200,9,6,copies,late,fixed-three,A,5,36,A,True,False,False,False,0
8200,9,6,copies,late,adaptive,A,5,36,A,True,False,False,False,0
8200,9,6,copies,late,deadline-vote,A,6,45,A,True,False,False,False,0
8200,9,6,copies,late,central-deadline,A,6,1,A,True,False,False,False,0
8200,9,6,copies,late,symbolic-deadline,A,6,0,A,True,False,False,False,0
8200,9,6,copies,stalled,majority,A,2,9,A,True,False,False,False,0
8200,9,6,copies,stalled,fixed-two,A,3,18,A,True,False,False,False,0
8200,9,6,copies,stalled,fixed-three,,6,45,A,False,False,True,False,0.5
8200,9,6,copies,stalled,adaptive,A,6,45,A,True,False,False,False,0
8200,9,6,copies,stalled,deadline-vote,A,6,45,A,True,False,False,False,0
8200,9,6,copies,stalled,central-deadline,A,6,1,A,True,False,False,False,0
8200,9,6,copies,stalled,symbolic-deadline,A,6,0,A,True,False,False,False,0
8200,9,6,early-wrong,late,majority,C,2,9,A,False,True,False,False,1
8200,9,6,early-wrong,late,fixed-two,C,3,18,A,False,True,False,False,1
8200,9,6,early-wrong,late,fixed-three,,6,45,A,False,False,True,False,0.5
8200,9,6,early-wrong,late,adaptive,A,6,45,A,True,False,False,False,0
8200,9,6,early-wrong,late,deadline-vote,A,6,45,A,True,False,False,False,0
8200,9,6,early-wrong,late,central-deadline,A,6,1,A,True,False,False,False,0
8200,9,6,early-wrong,late,symbolic-deadline,A,6,0,A,True,False,False,False,0
8200,9,6,early-wrong,stalled,majority,C,2,9,A,False,True,False,False,1
8200,9,6,early-wrong,stalled,fixed-two,C,3,18,A,False,True,False,False,1
8200,9,6,early-wrong,stalled,fixed-three,,6,45,A,False,False,True,False,0.5
8200,9,6,early-wrong,stalled,adaptive,C,6,45,A,False,True,False,False,1
8200,9,6,early-wrong,stalled,deadline-vote,C,6,45,A,False,True,False,False,1
8200,9,6,early-wrong,stalled,central-deadline,C,6,1,A,False,True,False,False,1
8200,9,6,early-wrong,stalled,symbolic-deadline,C,6,0,A,False,True,False,False,1
8200,9,6,late-wrong,late,majority,A,2,9,A,True,False,False,False,0
8200,9,6,late-wrong,late,fixed-two,A,3,18,A,True,False,False,False,0
8200,9,6,late-wrong,late,fixed-three,,6,45,A,False,False,True,False,0.5
8200,9,6,late-wrong,late,adaptive,C,6,45,A,False,True,False,False,1
8200,9,6,late-wrong,late,deadline-vote,C,6,45,A,False,True,False,False,1
8200,9,6,late-wrong,late,central-deadline,C,6,1,A,False,True,False,False,1
8200,9,6,late-wrong,late,symbolic-deadline,C,6,0,A,False,True,False,False,1
8200,9,6,late-wrong,stalled,majority,A,2,9,A,True,False,False,False,0
8200,9,6,late-wrong,stalled,fixed-two,A,3,18,A,True,False,False,False,0
8200,9,6,late-wrong,stalled,fixed-three,,6,45,A,False,False,True,False,0.5
8200,9,6,late-wrong,stalled,adaptive,A,6,45,A,True,False,False,False,0
8200,9,6,late-wrong,stalled,deadline-vote,A,6,45,A,True,False,False,False,0
8200,9,6,late-wrong,stalled,central-deadline,A,6,1,A,True,False,False,False,0
8200,9,6,late-wrong,stalled,symbolic-deadline,A,6,0,A,True,False,False,False,0
8201,5,3,clean,late,majority,B,2,5,B,True,False,False,False,0
8201,5,3,clean,late,fixed-two,B,3,10,B,True,False,False,False,0
8201,5,3,clean,late,fixed-three,,3,10,B,False,False,True,False,0.5
8201,5,3,clean,late,adaptive,B,3,10,B,True,False,False,False,0
8201,5,3,clean,late,deadline-vote,B,3,10,B,True,False,False,False,0
8201,5,3,clean,late,central-deadline,B,3,1,B,True,False,False,False,0
8201,5,3,clean,late,symbolic-deadline,B,3,0,B,True,False,False,False,0
8201,5,3,clean,stalled,majority,B,2,5,B,True,False,False,False,0
8201,5,3,clean,stalled,fixed-two,B,3,10,B,True,False,False,False,0
8201,5,3,clean,stalled,fixed-three,,3,10,B,False,False,True,False,0.5
8201,5,3,clean,stalled,adaptive,B,3,10,B,True,False,False,False,0
8201,5,3,clean,stalled,deadline-vote,B,3,10,B,True,False,False,False,0
8201,5,3,clean,stalled,central-deadline,B,3,1,B,True,False,False,False,0
8201,5,3,clean,stalled,symbolic-deadline,B,3,0,B,True,False,False,False,0
8201,5,3,copies,late,majority,B,2,5,B,True,False,False,False,0
8201,5,3,copies,late,fixed-two,B,3,10,B,True,False,False,False,0
8201,5,3,copies,late,fixed-three,,3,10,B,False,False,True,False,0.5
8201,5,3,copies,late,adaptive,B,3,10,B,True,False,False,False,0
8201,5,3,copies,late,deadline-vote,B,3,10,B,True,False,False,False,0
8201,5,3,copies,late,central-deadline,B,3,1,B,True,False,False,False,0
8201,5,3,copies,late,symbolic-deadline,B,3,0,B,True,False,False,False,0
8201,5,3,copies,stalled,majority,B,2,5,B,True,False,False,False,0
8201,5,3,copies,stalled,fixed-two,B,3,10,B,True,False,False,False,0
8201,5,3,copies,stalled,fixed-three,,3,10,B,False,False,True,False,0.5
8201,5,3,copies,stalled,adaptive,B,3,10,B,True,False,False,False,0
8201,5,3,copies,stalled,deadline-vote,B,3,10,B,True,False,False,False,0
8201,5,3,copies,stalled,central-deadline,B,3,1,B,True,False,False,False,0
8201,5,3,copies,stalled,symbolic-deadline,B,3,0,B,True,False,False,False,0
8201,5,3,early-wrong,late,majority,C,2,5,B,False,True,False,False,1
8201,5,3,early-wrong,late,fixed-two,C,3,10,B,False,True,False,False,1
8201,5,3,early-wrong,late,fixed-three,,3,10,B,False,False,True,False,0.5
8201,5,3,early-wrong,late,adaptive,C,3,10,B,False,True,False,False,1
8201,5,3,early-wrong,late,deadline-vote,C,3,10,B,False,True,False,False,1
8201,5,3,early-wrong,late,central-deadline,C,3,1,B,False,True,False,False,1
8201,5,3,early-wrong,late,symbolic-deadline,C,3,0,B,False,True,False,False,1
8201,5,3,early-wrong,stalled,majority,C,2,5,B,False,True,False,False,1
8201,5,3,early-wrong,stalled,fixed-two,C,3,10,B,False,True,False,False,1
8201,5,3,early-wrong,stalled,fixed-three,,3,10,B,False,False,True,False,0.5
8201,5,3,early-wrong,stalled,adaptive,C,3,10,B,False,True,False,False,1
8201,5,3,early-wrong,stalled,deadline-vote,C,3,10,B,False,True,False,False,1
8201,5,3,early-wrong,stalled,central-deadline,C,3,1,B,False,True,False,False,1
8201,5,3,early-wrong,stalled,symbolic-deadline,C,3,0,B,False,True,False,False,1
8201,5,3,late-wrong,late,majority,B,2,5,B,True,False,False,False,0
8201,5,3,late-wrong,late,fixed-two,B,3,10,B,True,False,False,False,0
8201,5,3,late-wrong,late,fixed-three,,3,10,B,False,False,True,False,0.5
8201,5,3,late-wrong,late,adaptive,B,3,10,B,True,False,False,False,0
8201,5,3,late-wrong,late,deadline-vote,B,3,10,B,True,False,False,False,0
8201,5,3,late-wrong,late,central-deadline,B,3,1,B,True,False,False,False,0
8201,5,3,late-wrong,late,symbolic-deadline,B,3,0,B,True,False,False,False,0
8201,5,3,late-wrong,stalled,majority,B,2,5,B,True,False,False,False,0
8201,5,3,late-wrong,stalled,fixed-two,B,3,10,B,True,False,False,False,0
8201,5,3,late-wrong,stalled,fixed-three,,3,10,B,False,False,True,False,0.5
8201,5,3,late-wrong,stalled,adaptive,B,3,10,B,True,False,False,False,0
8201,5,3,late-wrong,stalled,deadline-vote,B,3,10,B,True,False,False,False,0
8201,5,3,late-wrong,stalled,central-deadline,B,3,1,B,True,False,False,False,0
8201,5,3,late-wrong,stalled,symbolic-deadline,B,3,0,B,True,False,False,False,0
8201,5,6,clean,late,majority,B,2,5,B,True,False,False,False,0
8201,5,6,clean,late,fixed-two,B,3,10,B,True,False,False,False,0
8201,5,6,clean,late,fixed-three,B,5,20,B,True,False,False,False,0
8201,5,6,clean,late,adaptive,B,5,20,B,True,False,False,False,0
8201,5,6,clean,late,deadline-vote,B,6,25,B,True,False,False,False,0
8201,5,6,clean,late,central-deadline,B,6,1,B,True,False,False,False,0
8201,5,6,clean,late,symbolic-deadline,B,6,0,B,True,False,False,False,0
8201,5,6,clean,stalled,majority,B,2,5,B,True,False,False,False,0
8201,5,6,clean,stalled,fixed-two,B,3,10,B,True,False,False,False,0
8201,5,6,clean,stalled,fixed-three,,6,25,B,False,False,True,False,0.5
8201,5,6,clean,stalled,adaptive,B,6,25,B,True,False,False,False,0
8201,5,6,clean,stalled,deadline-vote,B,6,25,B,True,False,False,False,0
8201,5,6,clean,stalled,central-deadline,B,6,1,B,True,False,False,False,0
8201,5,6,clean,stalled,symbolic-deadline,B,6,0,B,True,False,False,False,0
8201,5,6,copies,late,majority,B,2,5,B,True,False,False,False,0
8201,5,6,copies,late,fixed-two,B,3,10,B,True,False,False,False,0
8201,5,6,copies,late,fixed-three,B,5,20,B,True,False,False,False,0
8201,5,6,copies,late,adaptive,B,5,20,B,True,False,False,False,0
8201,5,6,copies,late,deadline-vote,B,6,25,B,True,False,False,False,0
8201,5,6,copies,late,central-deadline,B,6,1,B,True,False,False,False,0
8201,5,6,copies,late,symbolic-deadline,B,6,0,B,True,False,False,False,0
8201,5,6,copies,stalled,majority,B,2,5,B,True,False,False,False,0
8201,5,6,copies,stalled,fixed-two,B,3,10,B,True,False,False,False,0
8201,5,6,copies,stalled,fixed-three,,6,25,B,False,False,True,False,0.5
8201,5,6,copies,stalled,adaptive,B,6,25,B,True,False,False,False,0
8201,5,6,copies,stalled,deadline-vote,B,6,25,B,True,False,False,False,0
8201,5,6,copies,stalled,central-deadline,B,6,1,B,True,False,False,False,0
8201,5,6,copies,stalled,symbolic-deadline,B,6,0,B,True,False,False,False,0
8201,5,6,early-wrong,late,majority,C,2,5,B,False,True,False,False,1
8201,5,6,early-wrong,late,fixed-two,C,3,10,B,False,True,False,False,1
8201,5,6,early-wrong,late,fixed-three,,6,25,B,False,False,True,False,0.5
8201,5,6,early-wrong,late,adaptive,B,6,25,B,True,False,False,False,0
8201,5,6,early-wrong,late,deadline-vote,B,6,25,B,True,False,False,False,0
8201,5,6,early-wrong,late,central-deadline,B,6,1,B,True,False,False,False,0
8201,5,6,early-wrong,late,symbolic-deadline,B,6,0,B,True,False,False,False,0
8201,5,6,early-wrong,stalled,majority,C,2,5,B,False,True,False,False,1
8201,5,6,early-wrong,stalled,fixed-two,C,3,10,B,False,True,False,False,1
8201,5,6,early-wrong,stalled,fixed-three,,6,25,B,False,False,True,False,0.5
8201,5,6,early-wrong,stalled,adaptive,C,6,25,B,False,True,False,False,1
8201,5,6,early-wrong,stalled,deadline-vote,C,6,25,B,False,True,False,False,1
8201,5,6,early-wrong,stalled,central-deadline,C,6,1,B,False,True,False,False,1
8201,5,6,early-wrong,stalled,symbolic-deadline,C,6,0,B,False,True,False,False,1
8201,5,6,late-wrong,late,majority,B,2,5,B,True,False,False,False,0
8201,5,6,late-wrong,late,fixed-two,B,3,10,B,True,False,False,False,0
8201,5,6,late-wrong,late,fixed-three,,6,25,B,False,False,True,False,0.5
8201,5,6,late-wrong,late,adaptive,C,6,25,B,False,True,False,False,1
8201,5,6,late-wrong,late,deadline-vote,C,6,25,B,False,True,False,False,1
8201,5,6,late-wrong,late,central-deadline,C,6,1,B,False,True,False,False,1
8201,5,6,late-wrong,late,symbolic-deadline,C,6,0,B,False,True,False,False,1
8201,5,6,late-wrong,stalled,majority,B,2,5,B,True,False,False,False,0
8201,5,6,late-wrong,stalled,fixed-two,B,3,10,B,True,False,False,False,0
8201,5,6,late-wrong,stalled,fixed-three,,6,25,B,False,False,True,False,0.5
8201,5,6,late-wrong,stalled,adaptive,B,6,25,B,True,False,False,False,0
8201,5,6,late-wrong,stalled,deadline-vote,B,6,25,B,True,False,False,False,0
8201,5,6,late-wrong,stalled,central-deadline,B,6,1,B,True,False,False,False,0
8201,5,6,late-wrong,stalled,symbolic-deadline,B,6,0,B,True,False,False,False,0
8201,9,3,clean,late,majority,B,2,9,B,True,False,False,False,0
8201,9,3,clean,late,fixed-two,B,3,18,B,True,False,False,False,0
8201,9,3,clean,late,fixed-three,,3,18,B,False,False,True,False,0.5
8201,9,3,clean,late,adaptive,B,3,18,B,True,False,False,False,0
8201,9,3,clean,late,deadline-vote,B,3,18,B,True,False,False,False,0
8201,9,3,clean,late,central-deadline,B,3,1,B,True,False,False,False,0
8201,9,3,clean,late,symbolic-deadline,B,3,0,B,True,False,False,False,0
8201,9,3,clean,stalled,majority,B,2,9,B,True,False,False,False,0
8201,9,3,clean,stalled,fixed-two,B,3,18,B,True,False,False,False,0
8201,9,3,clean,stalled,fixed-three,,3,18,B,False,False,True,False,0.5
8201,9,3,clean,stalled,adaptive,B,3,18,B,True,False,False,False,0
8201,9,3,clean,stalled,deadline-vote,B,3,18,B,True,False,False,False,0
8201,9,3,clean,stalled,central-deadline,B,3,1,B,True,False,False,False,0
8201,9,3,clean,stalled,symbolic-deadline,B,3,0,B,True,False,False,False,0
8201,9,3,copies,late,majority,B,2,9,B,True,False,False,False,0
8201,9,3,copies,late,fixed-two,B,3,18,B,True,False,False,False,0
8201,9,3,copies,late,fixed-three,,3,18,B,False,False,True,False,0.5
8201,9,3,copies,late,adaptive,B,3,18,B,True,False,False,False,0
8201,9,3,copies,late,deadline-vote,B,3,18,B,True,False,False,False,0
8201,9,3,copies,late,central-deadline,B,3,1,B,True,False,False,False,0
8201,9,3,copies,late,symbolic-deadline,B,3,0,B,True,False,False,False,0
8201,9,3,copies,stalled,majority,B,2,9,B,True,False,False,False,0
8201,9,3,copies,stalled,fixed-two,B,3,18,B,True,False,False,False,0
8201,9,3,copies,stalled,fixed-three,,3,18,B,False,False,True,False,0.5
8201,9,3,copies,stalled,adaptive,B,3,18,B,True,False,False,False,0
8201,9,3,copies,stalled,deadline-vote,B,3,18,B,True,False,False,False,0
8201,9,3,copies,stalled,central-deadline,B,3,1,B,True,False,False,False,0
8201,9,3,copies,stalled,symbolic-deadline,B,3,0,B,True,False,False,False,0
8201,9,3,early-wrong,late,majority,C,2,9,B,False,True,False,False,1
8201,9,3,early-wrong,late,fixed-two,C,3,18,B,False,True,False,False,1
8201,9,3,early-wrong,late,fixed-three,,3,18,B,False,False,True,False,0.5
8201,9,3,early-wrong,late,adaptive,C,3,18,B,False,True,False,False,1
8201,9,3,early-wrong,late,deadline-vote,C,3,18,B,False,True,False,False,1
8201,9,3,early-wrong,late,central-deadline,C,3,1,B,False,True,False,False,1
8201,9,3,early-wrong,late,symbolic-deadline,C,3,0,B,False,True,False,False,1
8201,9,3,early-wrong,stalled,majority,C,2,9,B,False,True,False,False,1
8201,9,3,early-wrong,stalled,fixed-two,C,3,18,B,False,True,False,False,1
8201,9,3,early-wrong,stalled,fixed-three,,3,18,B,False,False,True,False,0.5
8201,9,3,early-wrong,stalled,adaptive,C,3,18,B,False,True,False,False,1
8201,9,3,early-wrong,stalled,deadline-vote,C,3,18,B,False,True,False,False,1
8201,9,3,early-wrong,stalled,central-deadline,C,3,1,B,False,True,False,False,1
8201,9,3,early-wrong,stalled,symbolic-deadline,C,3,0,B,False,True,False,False,1
8201,9,3,late-wrong,late,majority,B,2,9,B,True,False,False,False,0
8201,9,3,late-wrong,late,fixed-two,B,3,18,B,True,False,False,False,0
8201,9,3,late-wrong,late,fixed-three,,3,18,B,False,False,True,False,0.5
8201,9,3,late-wrong,late,adaptive,B,3,18,B,True,False,False,False,0
8201,9,3,late-wrong,late,deadline-vote,B,3,18,B,True,False,False,False,0
8201,9,3,late-wrong,late,central-deadline,B,3,1,B,True,False,False,False,0
8201,9,3,late-wrong,late,symbolic-deadline,B,3,0,B,True,False,False,False,0
8201,9,3,late-wrong,stalled,majority,B,2,9,B,True,False,False,False,0
8201,9,3,late-wrong,stalled,fixed-two,B,3,18,B,True,False,False,False,0
8201,9,3,late-wrong,stalled,fixed-three,,3,18,B,False,False,True,False,0.5
8201,9,3,late-wrong,stalled,adaptive,B,3,18,B,True,False,False,False,0
8201,9,3,late-wrong,stalled,deadline-vote,B,3,18,B,True,False,False,False,0
8201,9,3,late-wrong,stalled,central-deadline,B,3,1,B,True,False,False,False,0
8201,9,3,late-wrong,stalled,symbolic-deadline,B,3,0,B,True,False,False,False,0
8201,9,6,clean,late,majority,B,2,9,B,True,False,False,False,0
8201,9,6,clean,late,fixed-two,B,3,18,B,True,False,False,False,0
8201,9,6,clean,late,fixed-three,B,5,36,B,True,False,False,False,0
8201,9,6,clean,late,adaptive,B,5,36,B,True,False,False,False,0
8201,9,6,clean,late,deadline-vote,B,6,45,B,True,False,False,False,0
8201,9,6,clean,late,central-deadline,B,6,1,B,True,False,False,False,0
8201,9,6,clean,late,symbolic-deadline,B,6,0,B,True,False,False,False,0
8201,9,6,clean,stalled,majority,B,2,9,B,True,False,False,False,0
8201,9,6,clean,stalled,fixed-two,B,3,18,B,True,False,False,False,0
8201,9,6,clean,stalled,fixed-three,,6,45,B,False,False,True,False,0.5
8201,9,6,clean,stalled,adaptive,B,6,45,B,True,False,False,False,0
8201,9,6,clean,stalled,deadline-vote,B,6,45,B,True,False,False,False,0
8201,9,6,clean,stalled,central-deadline,B,6,1,B,True,False,False,False,0
8201,9,6,clean,stalled,symbolic-deadline,B,6,0,B,True,False,False,False,0
8201,9,6,copies,late,majority,B,2,9,B,True,False,False,False,0
8201,9,6,copies,late,fixed-two,B,3,18,B,True,False,False,False,0
8201,9,6,copies,late,fixed-three,B,5,36,B,True,False,False,False,0
8201,9,6,copies,late,adaptive,B,5,36,B,True,False,False,False,0
8201,9,6,copies,late,deadline-vote,B,6,45,B,True,False,False,False,0
8201,9,6,copies,late,central-deadline,B,6,1,B,True,False,False,False,0
8201,9,6,copies,late,symbolic-deadline,B,6,0,B,True,False,False,False,0
8201,9,6,copies,stalled,majority,B,2,9,B,True,False,False,False,0
8201,9,6,copies,stalled,fixed-two,B,3,18,B,True,False,False,False,0
8201,9,6,copies,stalled,fixed-three,,6,45,B,False,False,True,False,0.5
8201,9,6,copies,stalled,adaptive,B,6,45,B,True,False,False,False,0
8201,9,6,copies,stalled,deadline-vote,B,6,45,B,True,False,False,False,0
8201,9,6,copies,stalled,central-deadline,B,6,1,B,True,False,False,False,0
8201,9,6,copies,stalled,symbolic-deadline,B,6,0,B,True,False,False,False,0
8201,9,6,early-wrong,late,majority,C,2,9,B,False,True,False,False,1
8201,9,6,early-wrong,late,fixed-two,C,3,18,B,False,True,False,False,1
8201,9,6,early-wrong,late,fixed-three,,6,45,B,False,False,True,False,0.5
8201,9,6,early-wrong,late,adaptive,B,6,45,B,True,False,False,False,0
8201,9,6,early-wrong,late,deadline-vote,B,6,45,B,True,False,False,False,0
8201,9,6,early-wrong,late,central-deadline,B,6,1,B,True,False,False,False,0
8201,9,6,early-wrong,late,symbolic-deadline,B,6,0,B,True,False,False,False,0
8201,9,6,early-wrong,stalled,majority,C,2,9,B,False,True,False,False,1
8201,9,6,early-wrong,stalled,fixed-two,C,3,18,B,False,True,False,False,1
8201,9,6,early-wrong,stalled,fixed-three,,6,45,B,False,False,True,False,0.5
8201,9,6,early-wrong,stalled,adaptive,C,6,45,B,False,True,False,False,1
8201,9,6,early-wrong,stalled,deadline-vote,C,6,45,B,False,True,False,False,1
8201,9,6,early-wrong,stalled,central-deadline,C,6,1,B,False,True,False,False,1
8201,9,6,early-wrong,stalled,symbolic-deadline,C,6,0,B,False,True,False,False,1
8201,9,6,late-wrong,late,majority,B,2,9,B,True,False,False,False,0
8201,9,6,late-wrong,late,fixed-two,B,3,18,B,True,False,False,False,0
8201,9,6,late-wrong,late,fixed-three,,6,45,B,False,False,True,False,0.5
8201,9,6,late-wrong,late,adaptive,C,6,45,B,False,True,False,False,1
8201,9,6,late-wrong,late,deadline-vote,C,6,45,B,False,True,False,False,1
8201,9,6,late-wrong,late,central-deadline,C,6,1,B,False,True,False,False,1
8201,9,6,late-wrong,late,symbolic-deadline,C,6,0,B,False,True,False,False,1
8201,9,6,late-wrong,stalled,majority,B,2,9,B,True,False,False,False,0
8201,9,6,late-wrong,stalled,fixed-two,B,3,18,B,True,False,False,False,0
8201,9,6,late-wrong,stalled,fixed-three,,6,45,B,False,False,True,False,0.5
8201,9,6,late-wrong,stalled,adaptive,B,6,45,B,True,False,False,False,0
8201,9,6,late-wrong,stalled,deadline-vote,B,6,45,B,True,False,False,False,0
8201,9,6,late-wrong,stalled,central-deadline,B,6,1,B,True,False,False,False,0
8201,9,6,late-wrong,stalled,symbolic-deadline,B,6,0,B,True,False,False,False,0
8202,5,3,clean,late,majority,C,2,5,C,True,False,False,False,0
8202,5,3,clean,late,fixed-two,C,3,10,C,True,False,False,False,0
8202,5,3,clean,late,fixed-three,,3,10,C,False,False,True,False,0.5
8202,5,3,clean,late,adaptive,C,3,10,C,True,False,False,False,0
8202,5,3,clean,late,deadline-vote,C,3,10,C,True,False,False,False,0
8202,5,3,clean,late,central-deadline,C,3,1,C,True,False,False,False,0
8202,5,3,clean,late,symbolic-deadline,C,3,0,C,True,False,False,False,0
8202,5,3,clean,stalled,majority,C,2,5,C,True,False,False,False,0
8202,5,3,clean,stalled,fixed-two,C,3,10,C,True,False,False,False,0
8202,5,3,clean,stalled,fixed-three,,3,10,C,False,False,True,False,0.5
8202,5,3,clean,stalled,adaptive,C,3,10,C,True,False,False,False,0
8202,5,3,clean,stalled,deadline-vote,C,3,10,C,True,False,False,False,0
8202,5,3,clean,stalled,central-deadline,C,3,1,C,True,False,False,False,0
8202,5,3,clean,stalled,symbolic-deadline,C,3,0,C,True,False,False,False,0
8202,5,3,copies,late,majority,C,2,5,C,True,False,False,False,0
8202,5,3,copies,late,fixed-two,C,3,10,C,True,False,False,False,0
8202,5,3,copies,late,fixed-three,,3,10,C,False,False,True,False,0.5
8202,5,3,copies,late,adaptive,C,3,10,C,True,False,False,False,0
8202,5,3,copies,late,deadline-vote,C,3,10,C,True,False,False,False,0
8202,5,3,copies,late,central-deadline,C,3,1,C,True,False,False,False,0
8202,5,3,copies,late,symbolic-deadline,C,3,0,C,True,False,False,False,0
8202,5,3,copies,stalled,majority,C,2,5,C,True,False,False,False,0
8202,5,3,copies,stalled,fixed-two,C,3,10,C,True,False,False,False,0
8202,5,3,copies,stalled,fixed-three,,3,10,C,False,False,True,False,0.5
8202,5,3,copies,stalled,adaptive,C,3,10,C,True,False,False,False,0
8202,5,3,copies,stalled,deadline-vote,C,3,10,C,True,False,False,False,0
8202,5,3,copies,stalled,central-deadline,C,3,1,C,True,False,False,False,0
8202,5,3,copies,stalled,symbolic-deadline,C,3,0,C,True,False,False,False,0
8202,5,3,early-wrong,late,majority,B,2,5,C,False,True,False,False,1
8202,5,3,early-wrong,late,fixed-two,B,3,10,C,False,True,False,False,1
8202,5,3,early-wrong,late,fixed-three,,3,10,C,False,False,True,False,0.5
8202,5,3,early-wrong,late,adaptive,B,3,10,C,False,True,False,False,1
8202,5,3,early-wrong,late,deadline-vote,B,3,10,C,False,True,False,False,1
8202,5,3,early-wrong,late,central-deadline,B,3,1,C,False,True,False,False,1
8202,5,3,early-wrong,late,symbolic-deadline,B,3,0,C,False,True,False,False,1
8202,5,3,early-wrong,stalled,majority,B,2,5,C,False,True,False,False,1
8202,5,3,early-wrong,stalled,fixed-two,B,3,10,C,False,True,False,False,1
8202,5,3,early-wrong,stalled,fixed-three,,3,10,C,False,False,True,False,0.5
8202,5,3,early-wrong,stalled,adaptive,B,3,10,C,False,True,False,False,1
8202,5,3,early-wrong,stalled,deadline-vote,B,3,10,C,False,True,False,False,1
8202,5,3,early-wrong,stalled,central-deadline,B,3,1,C,False,True,False,False,1
8202,5,3,early-wrong,stalled,symbolic-deadline,B,3,0,C,False,True,False,False,1
8202,5,3,late-wrong,late,majority,C,2,5,C,True,False,False,False,0
8202,5,3,late-wrong,late,fixed-two,C,3,10,C,True,False,False,False,0
8202,5,3,late-wrong,late,fixed-three,,3,10,C,False,False,True,False,0.5
8202,5,3,late-wrong,late,adaptive,C,3,10,C,True,False,False,False,0
8202,5,3,late-wrong,late,deadline-vote,C,3,10,C,True,False,False,False,0
8202,5,3,late-wrong,late,central-deadline,C,3,1,C,True,False,False,False,0
8202,5,3,late-wrong,late,symbolic-deadline,C,3,0,C,True,False,False,False,0
8202,5,3,late-wrong,stalled,majority,C,2,5,C,True,False,False,False,0
8202,5,3,late-wrong,stalled,fixed-two,C,3,10,C,True,False,False,False,0
8202,5,3,late-wrong,stalled,fixed-three,,3,10,C,False,False,True,False,0.5
8202,5,3,late-wrong,stalled,adaptive,C,3,10,C,True,False,False,False,0
8202,5,3,late-wrong,stalled,deadline-vote,C,3,10,C,True,False,False,False,0
8202,5,3,late-wrong,stalled,central-deadline,C,3,1,C,True,False,False,False,0
8202,5,3,late-wrong,stalled,symbolic-deadline,C,3,0,C,True,False,False,False,0
8202,5,6,clean,late,majority,C,2,5,C,True,False,False,False,0
8202,5,6,clean,late,fixed-two,C,3,10,C,True,False,False,False,0
8202,5,6,clean,late,fixed-three,C,5,20,C,True,False,False,False,0
8202,5,6,clean,late,adaptive,C,5,20,C,True,False,False,False,0
8202,5,6,clean,late,deadline-vote,C,6,25,C,True,False,False,False,0
8202,5,6,clean,late,central-deadline,C,6,1,C,True,False,False,False,0
8202,5,6,clean,late,symbolic-deadline,C,6,0,C,True,False,False,False,0
8202,5,6,clean,stalled,majority,C,2,5,C,True,False,False,False,0
8202,5,6,clean,stalled,fixed-two,C,3,10,C,True,False,False,False,0
8202,5,6,clean,stalled,fixed-three,,6,25,C,False,False,True,False,0.5
8202,5,6,clean,stalled,adaptive,C,6,25,C,True,False,False,False,0
8202,5,6,clean,stalled,deadline-vote,C,6,25,C,True,False,False,False,0
8202,5,6,clean,stalled,central-deadline,C,6,1,C,True,False,False,False,0
8202,5,6,clean,stalled,symbolic-deadline,C,6,0,C,True,False,False,False,0
8202,5,6,copies,late,majority,C,2,5,C,True,False,False,False,0
8202,5,6,copies,late,fixed-two,C,3,10,C,True,False,False,False,0
8202,5,6,copies,late,fixed-three,C,5,20,C,True,False,False,False,0
8202,5,6,copies,late,adaptive,C,5,20,C,True,False,False,False,0
8202,5,6,copies,late,deadline-vote,C,6,25,C,True,False,False,False,0
8202,5,6,copies,late,central-deadline,C,6,1,C,True,False,False,False,0
8202,5,6,copies,late,symbolic-deadline,C,6,0,C,True,False,False,False,0
8202,5,6,copies,stalled,majority,C,2,5,C,True,False,False,False,0
8202,5,6,copies,stalled,fixed-two,C,3,10,C,True,False,False,False,0
8202,5,6,copies,stalled,fixed-three,,6,25,C,False,False,True,False,0.5
8202,5,6,copies,stalled,adaptive,C,6,25,C,True,False,False,False,0
8202,5,6,copies,stalled,deadline-vote,C,6,25,C,True,False,False,False,0
8202,5,6,copies,stalled,central-deadline,C,6,1,C,True,False,False,False,0
8202,5,6,copies,stalled,symbolic-deadline,C,6,0,C,True,False,False,False,0
8202,5,6,early-wrong,late,majority,B,2,5,C,False,True,False,False,1
8202,5,6,early-wrong,late,fixed-two,B,3,10,C,False,True,False,False,1
8202,5,6,early-wrong,late,fixed-three,,6,25,C,False,False,True,False,0.5
8202,5,6,early-wrong,late,adaptive,C,6,25,C,True,False,False,False,0
8202,5,6,early-wrong,late,deadline-vote,C,6,25,C,True,False,False,False,0
8202,5,6,early-wrong,late,central-deadline,C,6,1,C,True,False,False,False,0
8202,5,6,early-wrong,late,symbolic-deadline,C,6,0,C,True,False,False,False,0
8202,5,6,early-wrong,stalled,majority,B,2,5,C,False,True,False,False,1
8202,5,6,early-wrong,stalled,fixed-two,B,3,10,C,False,True,False,False,1
8202,5,6,early-wrong,stalled,fixed-three,,6,25,C,False,False,True,False,0.5
8202,5,6,early-wrong,stalled,adaptive,B,6,25,C,False,True,False,False,1
8202,5,6,early-wrong,stalled,deadline-vote,B,6,25,C,False,True,False,False,1
8202,5,6,early-wrong,stalled,central-deadline,B,6,1,C,False,True,False,False,1
8202,5,6,early-wrong,stalled,symbolic-deadline,B,6,0,C,False,True,False,False,1
8202,5,6,late-wrong,late,majority,C,2,5,C,True,False,False,False,0
8202,5,6,late-wrong,late,fixed-two,C,3,10,C,True,False,False,False,0
8202,5,6,late-wrong,late,fixed-three,,6,25,C,False,False,True,False,0.5
8202,5,6,late-wrong,late,adaptive,B,6,25,C,False,True,False,False,1
8202,5,6,late-wrong,late,deadline-vote,B,6,25,C,False,True,False,False,1
8202,5,6,late-wrong,late,central-deadline,B,6,1,C,False,True,False,False,1
8202,5,6,late-wrong,late,symbolic-deadline,B,6,0,C,False,True,False,False,1
8202,5,6,late-wrong,stalled,majority,C,2,5,C,True,False,False,False,0
8202,5,6,late-wrong,stalled,fixed-two,C,3,10,C,True,False,False,False,0
8202,5,6,late-wrong,stalled,fixed-three,,6,25,C,False,False,True,False,0.5
8202,5,6,late-wrong,stalled,adaptive,C,6,25,C,True,False,False,False,0
8202,5,6,late-wrong,stalled,deadline-vote,C,6,25,C,True,False,False,False,0
8202,5,6,late-wrong,stalled,central-deadline,C,6,1,C,True,False,False,False,0
8202,5,6,late-wrong,stalled,symbolic-deadline,C,6,0,C,True,False,False,False,0
8202,9,3,clean,late,majority,C,2,9,C,True,False,False,False,0
8202,9,3,clean,late,fixed-two,C,3,18,C,True,False,False,False,0
8202,9,3,clean,late,fixed-three,,3,18,C,False,False,True,False,0.5
8202,9,3,clean,late,adaptive,C,3,18,C,True,False,False,False,0
8202,9,3,clean,late,deadline-vote,C,3,18,C,True,False,False,False,0
8202,9,3,clean,late,central-deadline,C,3,1,C,True,False,False,False,0
8202,9,3,clean,late,symbolic-deadline,C,3,0,C,True,False,False,False,0
8202,9,3,clean,stalled,majority,C,2,9,C,True,False,False,False,0
8202,9,3,clean,stalled,fixed-two,C,3,18,C,True,False,False,False,0
8202,9,3,clean,stalled,fixed-three,,3,18,C,False,False,True,False,0.5
8202,9,3,clean,stalled,adaptive,C,3,18,C,True,False,False,False,0
8202,9,3,clean,stalled,deadline-vote,C,3,18,C,True,False,False,False,0
8202,9,3,clean,stalled,central-deadline,C,3,1,C,True,False,False,False,0
8202,9,3,clean,stalled,symbolic-deadline,C,3,0,C,True,False,False,False,0
8202,9,3,copies,late,majority,C,2,9,C,True,False,False,False,0
8202,9,3,copies,late,fixed-two,C,3,18,C,True,False,False,False,0
8202,9,3,copies,late,fixed-three,,3,18,C,False,False,True,False,0.5
8202,9,3,copies,late,adaptive,C,3,18,C,True,False,False,False,0
8202,9,3,copies,late,deadline-vote,C,3,18,C,True,False,False,False,0
8202,9,3,copies,late,central-deadline,C,3,1,C,True,False,False,False,0
8202,9,3,copies,late,symbolic-deadline,C,3,0,C,True,False,False,False,0
8202,9,3,copies,stalled,majority,C,2,9,C,True,False,False,False,0
8202,9,3,copies,stalled,fixed-two,C,3,18,C,True,False,False,False,0
8202,9,3,copies,stalled,fixed-three,,3,18,C,False,False,True,False,0.5
8202,9,3,copies,stalled,adaptive,C,3,18,C,True,False,False,False,0
8202,9,3,copies,stalled,deadline-vote,C,3,18,C,True,False,False,False,0
8202,9,3,copies,stalled,central-deadline,C,3,1,C,True,False,False,False,0
8202,9,3,copies,stalled,symbolic-deadline,C,3,0,C,True,False,False,False,0
8202,9,3,early-wrong,late,majority,B,2,9,C,False,True,False,False,1
8202,9,3,early-wrong,late,fixed-two,B,3,18,C,False,True,False,False,1
8202,9,3,early-wrong,late,fixed-three,,3,18,C,False,False,True,False,0.5
8202,9,3,early-wrong,late,adaptive,B,3,18,C,False,True,False,False,1
8202,9,3,early-wrong,late,deadline-vote,B,3,18,C,False,True,False,False,1
8202,9,3,early-wrong,late,central-deadline,B,3,1,C,False,True,False,False,1
8202,9,3,early-wrong,late,symbolic-deadline,B,3,0,C,False,True,False,False,1
8202,9,3,early-wrong,stalled,majority,B,2,9,C,False,True,False,False,1
8202,9,3,early-wrong,stalled,fixed-two,B,3,18,C,False,True,False,False,1
8202,9,3,early-wrong,stalled,fixed-three,,3,18,C,False,False,True,False,0.5
8202,9,3,early-wrong,stalled,adaptive,B,3,18,C,False,True,False,False,1
8202,9,3,early-wrong,stalled,deadline-vote,B,3,18,C,False,True,False,False,1
8202,9,3,early-wrong,stalled,central-deadline,B,3,1,C,False,True,False,False,1
8202,9,3,early-wrong,stalled,symbolic-deadline,B,3,0,C,False,True,False,False,1
8202,9,3,late-wrong,late,majority,C,2,9,C,True,False,False,False,0
8202,9,3,late-wrong,late,fixed-two,C,3,18,C,True,False,False,False,0
8202,9,3,late-wrong,late,fixed-three,,3,18,C,False,False,True,False,0.5
8202,9,3,late-wrong,late,adaptive,C,3,18,C,True,False,False,False,0
8202,9,3,late-wrong,late,deadline-vote,C,3,18,C,True,False,False,False,0
8202,9,3,late-wrong,late,central-deadline,C,3,1,C,True,False,False,False,0
8202,9,3,late-wrong,late,symbolic-deadline,C,3,0,C,True,False,False,False,0
8202,9,3,late-wrong,stalled,majority,C,2,9,C,True,False,False,False,0
8202,9,3,late-wrong,stalled,fixed-two,C,3,18,C,True,False,False,False,0
8202,9,3,late-wrong,stalled,fixed-three,,3,18,C,False,False,True,False,0.5
8202,9,3,late-wrong,stalled,adaptive,C,3,18,C,True,False,False,False,0
8202,9,3,late-wrong,stalled,deadline-vote,C,3,18,C,True,False,False,False,0
8202,9,3,late-wrong,stalled,central-deadline,C,3,1,C,True,False,False,False,0
8202,9,3,late-wrong,stalled,symbolic-deadline,C,3,0,C,True,False,False,False,0
8202,9,6,clean,late,majority,C,2,9,C,True,False,False,False,0
8202,9,6,clean,late,fixed-two,C,3,18,C,True,False,False,False,0
8202,9,6,clean,late,fixed-three,C,5,36,C,True,False,False,False,0
8202,9,6,clean,late,adaptive,C,5,36,C,True,False,False,False,0
8202,9,6,clean,late,deadline-vote,C,6,45,C,True,False,False,False,0
8202,9,6,clean,late,central-deadline,C,6,1,C,True,False,False,False,0
8202,9,6,clean,late,symbolic-deadline,C,6,0,C,True,False,False,False,0
8202,9,6,clean,stalled,majority,C,2,9,C,True,False,False,False,0
8202,9,6,clean,stalled,fixed-two,C,3,18,C,True,False,False,False,0
8202,9,6,clean,stalled,fixed-three,,6,45,C,False,False,True,False,0.5
8202,9,6,clean,stalled,adaptive,C,6,45,C,True,False,False,False,0
8202,9,6,clean,stalled,deadline-vote,C,6,45,C,True,False,False,False,0
8202,9,6,clean,stalled,central-deadline,C,6,1,C,True,False,False,False,0
8202,9,6,clean,stalled,symbolic-deadline,C,6,0,C,True,False,False,False,0
8202,9,6,copies,late,majority,C,2,9,C,True,False,False,False,0
8202,9,6,copies,late,fixed-two,C,3,18,C,True,False,False,False,0
8202,9,6,copies,late,fixed-three,C,5,36,C,True,False,False,False,0
8202,9,6,copies,late,adaptive,C,5,36,C,True,False,False,False,0
8202,9,6,copies,late,deadline-vote,C,6,45,C,True,False,False,False,0
8202,9,6,copies,late,central-deadline,C,6,1,C,True,False,False,False,0
8202,9,6,copies,late,symbolic-deadline,C,6,0,C,True,False,False,False,0
8202,9,6,copies,stalled,majority,C,2,9,C,True,False,False,False,0
8202,9,6,copies,stalled,fixed-two,C,3,18,C,True,False,False,False,0
8202,9,6,copies,stalled,fixed-three,,6,45,C,False,False,True,False,0.5
8202,9,6,copies,stalled,adaptive,C,6,45,C,True,False,False,False,0
8202,9,6,copies,stalled,deadline-vote,C,6,45,C,True,False,False,False,0
8202,9,6,copies,stalled,central-deadline,C,6,1,C,True,False,False,False,0
8202,9,6,copies,stalled,symbolic-deadline,C,6,0,C,True,False,False,False,0
8202,9,6,early-wrong,late,majority,B,2,9,C,False,True,False,False,1
8202,9,6,early-wrong,late,fixed-two,B,3,18,C,False,True,False,False,1
8202,9,6,early-wrong,late,fixed-three,,6,45,C,False,False,True,False,0.5
8202,9,6,early-wrong,late,adaptive,C,6,45,C,True,False,False,False,0
8202,9,6,early-wrong,late,deadline-vote,C,6,45,C,True,False,False,False,0
8202,9,6,early-wrong,late,central-deadline,C,6,1,C,True,False,False,False,0
8202,9,6,early-wrong,late,symbolic-deadline,C,6,0,C,True,False,False,False,0
8202,9,6,early-wrong,stalled,majority,B,2,9,C,False,True,False,False,1
8202,9,6,early-wrong,stalled,fixed-two,B,3,18,C,False,True,False,False,1
8202,9,6,early-wrong,stalled,fixed-three,,6,45,C,False,False,True,False,0.5
8202,9,6,early-wrong,stalled,adaptive,B,6,45,C,False,True,False,False,1
8202,9,6,early-wrong,stalled,deadline-vote,B,6,45,C,False,True,False,False,1
8202,9,6,early-wrong,stalled,central-deadline,B,6,1,C,False,True,False,False,1
8202,9,6,early-wrong,stalled,symbolic-deadline,B,6,0,C,False,True,False,False,1
8202,9,6,late-wrong,late,majority,C,2,9,C,True,False,False,False,0
8202,9,6,late-wrong,late,fixed-two,C,3,18,C,True,False,False,False,0
8202,9,6,late-wrong,late,fixed-three,,6,45,C,False,False,True,False,0.5
8202,9,6,late-wrong,late,adaptive,B,6,45,C,False,True,False,False,1
8202,9,6,late-wrong,late,deadline-vote,B,6,45,C,False,True,False,False,1
8202,9,6,late-wrong,late,central-deadline,B,6,1,C,False,True,False,False,1
8202,9,6,late-wrong,late,symbolic-deadline,B,6,0,C,False,True,False,False,1
8202,9,6,late-wrong,stalled,majority,C,2,9,C,True,False,False,False,0
8202,9,6,late-wrong,stalled,fixed-two,C,3,18,C,True,False,False,False,0
8202,9,6,late-wrong,stalled,fixed-three,,6,45,C,False,False,True,False,0.5
8202,9,6,late-wrong,stalled,adaptive,C,6,45,C,True,False,False,False,0
8202,9,6,late-wrong,stalled,deadline-vote,C,6,45,C,True,False,False,False,0
8202,9,6,late-wrong,stalled,central-deadline,C,6,1,C,True,False,False,False,0
8202,9,6,late-wrong,stalled,symbolic-deadline,C,6,0,C,True,False,False,False,0
8203,5,3,clean,late,majority,NONE,2,5,NONE,True,False,False,False,0
8203,5,3,clean,late,fixed-two,NONE,3,10,NONE,True,False,False,False,0
8203,5,3,clean,late,fixed-three,,3,10,NONE,False,False,True,False,0.5
8203,5,3,clean,late,adaptive,NONE,3,10,NONE,True,False,False,False,0
8203,5,3,clean,late,deadline-vote,NONE,3,10,NONE,True,False,False,False,0
8203,5,3,clean,late,central-deadline,NONE,3,1,NONE,True,False,False,False,0
8203,5,3,clean,late,symbolic-deadline,NONE,3,0,NONE,True,False,False,False,0
8203,5,3,clean,stalled,majority,NONE,2,5,NONE,True,False,False,False,0
8203,5,3,clean,stalled,fixed-two,NONE,3,10,NONE,True,False,False,False,0
8203,5,3,clean,stalled,fixed-three,,3,10,NONE,False,False,True,False,0.5
8203,5,3,clean,stalled,adaptive,NONE,3,10,NONE,True,False,False,False,0
8203,5,3,clean,stalled,deadline-vote,NONE,3,10,NONE,True,False,False,False,0
8203,5,3,clean,stalled,central-deadline,NONE,3,1,NONE,True,False,False,False,0
8203,5,3,clean,stalled,symbolic-deadline,NONE,3,0,NONE,True,False,False,False,0
8203,5,3,copies,late,majority,NONE,2,5,NONE,True,False,False,False,0
8203,5,3,copies,late,fixed-two,NONE,3,10,NONE,True,False,False,False,0
8203,5,3,copies,late,fixed-three,,3,10,NONE,False,False,True,False,0.5
8203,5,3,copies,late,adaptive,NONE,3,10,NONE,True,False,False,False,0
8203,5,3,copies,late,deadline-vote,NONE,3,10,NONE,True,False,False,False,0
8203,5,3,copies,late,central-deadline,NONE,3,1,NONE,True,False,False,False,0
8203,5,3,copies,late,symbolic-deadline,NONE,3,0,NONE,True,False,False,False,0
8203,5,3,copies,stalled,majority,NONE,2,5,NONE,True,False,False,False,0
8203,5,3,copies,stalled,fixed-two,NONE,3,10,NONE,True,False,False,False,0
8203,5,3,copies,stalled,fixed-three,,3,10,NONE,False,False,True,False,0.5
8203,5,3,copies,stalled,adaptive,NONE,3,10,NONE,True,False,False,False,0
8203,5,3,copies,stalled,deadline-vote,NONE,3,10,NONE,True,False,False,False,0
8203,5,3,copies,stalled,central-deadline,NONE,3,1,NONE,True,False,False,False,0
8203,5,3,copies,stalled,symbolic-deadline,NONE,3,0,NONE,True,False,False,False,0
8203,5,3,early-wrong,late,majority,B,2,5,NONE,False,True,False,False,1
8203,5,3,early-wrong,late,fixed-two,B,3,10,NONE,False,True,False,False,1
8203,5,3,early-wrong,late,fixed-three,,3,10,NONE,False,False,True,False,0.5
8203,5,3,early-wrong,late,adaptive,B,3,10,NONE,False,True,False,False,1
8203,5,3,early-wrong,late,deadline-vote,B,3,10,NONE,False,True,False,False,1
8203,5,3,early-wrong,late,central-deadline,B,3,1,NONE,False,True,False,False,1
8203,5,3,early-wrong,late,symbolic-deadline,B,3,0,NONE,False,True,False,False,1
8203,5,3,early-wrong,stalled,majority,B,2,5,NONE,False,True,False,False,1
8203,5,3,early-wrong,stalled,fixed-two,B,3,10,NONE,False,True,False,False,1
8203,5,3,early-wrong,stalled,fixed-three,,3,10,NONE,False,False,True,False,0.5
8203,5,3,early-wrong,stalled,adaptive,B,3,10,NONE,False,True,False,False,1
8203,5,3,early-wrong,stalled,deadline-vote,B,3,10,NONE,False,True,False,False,1
8203,5,3,early-wrong,stalled,central-deadline,B,3,1,NONE,False,True,False,False,1
8203,5,3,early-wrong,stalled,symbolic-deadline,B,3,0,NONE,False,True,False,False,1
8203,5,3,late-wrong,late,majority,NONE,2,5,NONE,True,False,False,False,0
8203,5,3,late-wrong,late,fixed-two,NONE,3,10,NONE,True,False,False,False,0
8203,5,3,late-wrong,late,fixed-three,,3,10,NONE,False,False,True,False,0.5
8203,5,3,late-wrong,late,adaptive,NONE,3,10,NONE,True,False,False,False,0
8203,5,3,late-wrong,late,deadline-vote,NONE,3,10,NONE,True,False,False,False,0
8203,5,3,late-wrong,late,central-deadline,NONE,3,1,NONE,True,False,False,False,0
8203,5,3,late-wrong,late,symbolic-deadline,NONE,3,0,NONE,True,False,False,False,0
8203,5,3,late-wrong,stalled,majority,NONE,2,5,NONE,True,False,False,False,0
8203,5,3,late-wrong,stalled,fixed-two,NONE,3,10,NONE,True,False,False,False,0
8203,5,3,late-wrong,stalled,fixed-three,,3,10,NONE,False,False,True,False,0.5
8203,5,3,late-wrong,stalled,adaptive,NONE,3,10,NONE,True,False,False,False,0
8203,5,3,late-wrong,stalled,deadline-vote,NONE,3,10,NONE,True,False,False,False,0
8203,5,3,late-wrong,stalled,central-deadline,NONE,3,1,NONE,True,False,False,False,0
8203,5,3,late-wrong,stalled,symbolic-deadline,NONE,3,0,NONE,True,False,False,False,0
8203,5,6,clean,late,majority,NONE,2,5,NONE,True,False,False,False,0
8203,5,6,clean,late,fixed-two,NONE,3,10,NONE,True,False,False,False,0
8203,5,6,clean,late,fixed-three,NONE,5,20,NONE,True,False,False,False,0
8203,5,6,clean,late,adaptive,NONE,5,20,NONE,True,False,False,False,0
8203,5,6,clean,late,deadline-vote,NONE,6,25,NONE,True,False,False,False,0
8203,5,6,clean,late,central-deadline,NONE,6,1,NONE,True,False,False,False,0
8203,5,6,clean,late,symbolic-deadline,NONE,6,0,NONE,True,False,False,False,0
8203,5,6,clean,stalled,majority,NONE,2,5,NONE,True,False,False,False,0
8203,5,6,clean,stalled,fixed-two,NONE,3,10,NONE,True,False,False,False,0
8203,5,6,clean,stalled,fixed-three,,6,25,NONE,False,False,True,False,0.5
8203,5,6,clean,stalled,adaptive,NONE,6,25,NONE,True,False,False,False,0
8203,5,6,clean,stalled,deadline-vote,NONE,6,25,NONE,True,False,False,False,0
8203,5,6,clean,stalled,central-deadline,NONE,6,1,NONE,True,False,False,False,0
8203,5,6,clean,stalled,symbolic-deadline,NONE,6,0,NONE,True,False,False,False,0
8203,5,6,copies,late,majority,NONE,2,5,NONE,True,False,False,False,0
8203,5,6,copies,late,fixed-two,NONE,3,10,NONE,True,False,False,False,0
8203,5,6,copies,late,fixed-three,NONE,5,20,NONE,True,False,False,False,0
8203,5,6,copies,late,adaptive,NONE,5,20,NONE,True,False,False,False,0
8203,5,6,copies,late,deadline-vote,NONE,6,25,NONE,True,False,False,False,0
8203,5,6,copies,late,central-deadline,NONE,6,1,NONE,True,False,False,False,0
8203,5,6,copies,late,symbolic-deadline,NONE,6,0,NONE,True,False,False,False,0
8203,5,6,copies,stalled,majority,NONE,2,5,NONE,True,False,False,False,0
8203,5,6,copies,stalled,fixed-two,NONE,3,10,NONE,True,False,False,False,0
8203,5,6,copies,stalled,fixed-three,,6,25,NONE,False,False,True,False,0.5
8203,5,6,copies,stalled,adaptive,NONE,6,25,NONE,True,False,False,False,0
8203,5,6,copies,stalled,deadline-vote,NONE,6,25,NONE,True,False,False,False,0
8203,5,6,copies,stalled,central-deadline,NONE,6,1,NONE,True,False,False,False,0
8203,5,6,copies,stalled,symbolic-deadline,NONE,6,0,NONE,True,False,False,False,0
8203,5,6,early-wrong,late,majority,B,2,5,NONE,False,True,False,False,1
8203,5,6,early-wrong,late,fixed-two,B,3,10,NONE,False,True,False,False,1
8203,5,6,early-wrong,late,fixed-three,,6,25,NONE,False,False,True,False,0.5
8203,5,6,early-wrong,late,adaptive,NONE,6,25,NONE,True,False,False,False,0
8203,5,6,early-wrong,late,deadline-vote,NONE,6,25,NONE,True,False,False,False,0
8203,5,6,early-wrong,late,central-deadline,NONE,6,1,NONE,True,False,False,False,0
8203,5,6,early-wrong,late,symbolic-deadline,NONE,6,0,NONE,True,False,False,False,0
8203,5,6,early-wrong,stalled,majority,B,2,5,NONE,False,True,False,False,1
8203,5,6,early-wrong,stalled,fixed-two,B,3,10,NONE,False,True,False,False,1
8203,5,6,early-wrong,stalled,fixed-three,,6,25,NONE,False,False,True,False,0.5
8203,5,6,early-wrong,stalled,adaptive,B,6,25,NONE,False,True,False,False,1
8203,5,6,early-wrong,stalled,deadline-vote,B,6,25,NONE,False,True,False,False,1
8203,5,6,early-wrong,stalled,central-deadline,B,6,1,NONE,False,True,False,False,1
8203,5,6,early-wrong,stalled,symbolic-deadline,B,6,0,NONE,False,True,False,False,1
8203,5,6,late-wrong,late,majority,NONE,2,5,NONE,True,False,False,False,0
8203,5,6,late-wrong,late,fixed-two,NONE,3,10,NONE,True,False,False,False,0
8203,5,6,late-wrong,late,fixed-three,,6,25,NONE,False,False,True,False,0.5
8203,5,6,late-wrong,late,adaptive,B,6,25,NONE,False,True,False,False,1
8203,5,6,late-wrong,late,deadline-vote,B,6,25,NONE,False,True,False,False,1
8203,5,6,late-wrong,late,central-deadline,B,6,1,NONE,False,True,False,False,1
8203,5,6,late-wrong,late,symbolic-deadline,B,6,0,NONE,False,True,False,False,1
8203,5,6,late-wrong,stalled,majority,NONE,2,5,NONE,True,False,False,False,0
8203,5,6,late-wrong,stalled,fixed-two,NONE,3,10,NONE,True,False,False,False,0
8203,5,6,late-wrong,stalled,fixed-three,,6,25,NONE,False,False,True,False,0.5
8203,5,6,late-wrong,stalled,adaptive,NONE,6,25,NONE,True,False,False,False,0
8203,5,6,late-wrong,stalled,deadline-vote,NONE,6,25,NONE,True,False,False,False,0
8203,5,6,late-wrong,stalled,central-deadline,NONE,6,1,NONE,True,False,False,False,0
8203,5,6,late-wrong,stalled,symbolic-deadline,NONE,6,0,NONE,True,False,False,False,0
8203,9,3,clean,late,majority,NONE,2,9,NONE,True,False,False,False,0
8203,9,3,clean,late,fixed-two,NONE,3,18,NONE,True,False,False,False,0
8203,9,3,clean,late,fixed-three,,3,18,NONE,False,False,True,False,0.5
8203,9,3,clean,late,adaptive,NONE,3,18,NONE,True,False,False,False,0
8203,9,3,clean,late,deadline-vote,NONE,3,18,NONE,True,False,False,False,0
8203,9,3,clean,late,central-deadline,NONE,3,1,NONE,True,False,False,False,0
8203,9,3,clean,late,symbolic-deadline,NONE,3,0,NONE,True,False,False,False,0
8203,9,3,clean,stalled,majority,NONE,2,9,NONE,True,False,False,False,0
8203,9,3,clean,stalled,fixed-two,NONE,3,18,NONE,True,False,False,False,0
8203,9,3,clean,stalled,fixed-three,,3,18,NONE,False,False,True,False,0.5
8203,9,3,clean,stalled,adaptive,NONE,3,18,NONE,True,False,False,False,0
8203,9,3,clean,stalled,deadline-vote,NONE,3,18,NONE,True,False,False,False,0
8203,9,3,clean,stalled,central-deadline,NONE,3,1,NONE,True,False,False,False,0
8203,9,3,clean,stalled,symbolic-deadline,NONE,3,0,NONE,True,False,False,False,0
8203,9,3,copies,late,majority,NONE,2,9,NONE,True,False,False,False,0
8203,9,3,copies,late,fixed-two,NONE,3,18,NONE,True,False,False,False,0
8203,9,3,copies,late,fixed-three,,3,18,NONE,False,False,True,False,0.5
8203,9,3,copies,late,adaptive,NONE,3,18,NONE,True,False,False,False,0
8203,9,3,copies,late,deadline-vote,NONE,3,18,NONE,True,False,False,False,0
8203,9,3,copies,late,central-deadline,NONE,3,1,NONE,True,False,False,False,0
8203,9,3,copies,late,symbolic-deadline,NONE,3,0,NONE,True,False,False,False,0
8203,9,3,copies,stalled,majority,NONE,2,9,NONE,True,False,False,False,0
8203,9,3,copies,stalled,fixed-two,NONE,3,18,NONE,True,False,False,False,0
8203,9,3,copies,stalled,fixed-three,,3,18,NONE,False,False,True,False,0.5
8203,9,3,copies,stalled,adaptive,NONE,3,18,NONE,True,False,False,False,0
8203,9,3,copies,stalled,deadline-vote,NONE,3,18,NONE,True,False,False,False,0
8203,9,3,copies,stalled,central-deadline,NONE,3,1,NONE,True,False,False,False,0
8203,9,3,copies,stalled,symbolic-deadline,NONE,3,0,NONE,True,False,False,False,0
8203,9,3,early-wrong,late,majority,B,2,9,NONE,False,True,False,False,1
8203,9,3,early-wrong,late,fixed-two,B,3,18,NONE,False,True,False,False,1
8203,9,3,early-wrong,late,fixed-three,,3,18,NONE,False,False,True,False,0.5
8203,9,3,early-wrong,late,adaptive,B,3,18,NONE,False,True,False,False,1
8203,9,3,early-wrong,late,deadline-vote,B,3,18,NONE,False,True,False,False,1
8203,9,3,early-wrong,late,central-deadline,B,3,1,NONE,False,True,False,False,1
8203,9,3,early-wrong,late,symbolic-deadline,B,3,0,NONE,False,True,False,False,1
8203,9,3,early-wrong,stalled,majority,B,2,9,NONE,False,True,False,False,1
8203,9,3,early-wrong,stalled,fixed-two,B,3,18,NONE,False,True,False,False,1
8203,9,3,early-wrong,stalled,fixed-three,,3,18,NONE,False,False,True,False,0.5
8203,9,3,early-wrong,stalled,adaptive,B,3,18,NONE,False,True,False,False,1
8203,9,3,early-wrong,stalled,deadline-vote,B,3,18,NONE,False,True,False,False,1
8203,9,3,early-wrong,stalled,central-deadline,B,3,1,NONE,False,True,False,False,1
8203,9,3,early-wrong,stalled,symbolic-deadline,B,3,0,NONE,False,True,False,False,1
8203,9,3,late-wrong,late,majority,NONE,2,9,NONE,True,False,False,False,0
8203,9,3,late-wrong,late,fixed-two,NONE,3,18,NONE,True,False,False,False,0
8203,9,3,late-wrong,late,fixed-three,,3,18,NONE,False,False,True,False,0.5
8203,9,3,late-wrong,late,adaptive,NONE,3,18,NONE,True,False,False,False,0
8203,9,3,late-wrong,late,deadline-vote,NONE,3,18,NONE,True,False,False,False,0
8203,9,3,late-wrong,late,central-deadline,NONE,3,1,NONE,True,False,False,False,0
8203,9,3,late-wrong,late,symbolic-deadline,NONE,3,0,NONE,True,False,False,False,0
8203,9,3,late-wrong,stalled,majority,NONE,2,9,NONE,True,False,False,False,0
8203,9,3,late-wrong,stalled,fixed-two,NONE,3,18,NONE,True,False,False,False,0
8203,9,3,late-wrong,stalled,fixed-three,,3,18,NONE,False,False,True,False,0.5
8203,9,3,late-wrong,stalled,adaptive,NONE,3,18,NONE,True,False,False,False,0
8203,9,3,late-wrong,stalled,deadline-vote,NONE,3,18,NONE,True,False,False,False,0
8203,9,3,late-wrong,stalled,central-deadline,NONE,3,1,NONE,True,False,False,False,0
8203,9,3,late-wrong,stalled,symbolic-deadline,NONE,3,0,NONE,True,False,False,False,0
8203,9,6,clean,late,majority,NONE,2,9,NONE,True,False,False,False,0
8203,9,6,clean,late,fixed-two,NONE,3,18,NONE,True,False,False,False,0
8203,9,6,clean,late,fixed-three,NONE,5,36,NONE,True,False,False,False,0
8203,9,6,clean,late,adaptive,NONE,5,36,NONE,True,False,False,False,0
8203,9,6,clean,late,deadline-vote,NONE,6,45,NONE,True,False,False,False,0
8203,9,6,clean,late,central-deadline,NONE,6,1,NONE,True,False,False,False,0
8203,9,6,clean,late,symbolic-deadline,NONE,6,0,NONE,True,False,False,False,0
8203,9,6,clean,stalled,majority,NONE,2,9,NONE,True,False,False,False,0
8203,9,6,clean,stalled,fixed-two,NONE,3,18,NONE,True,False,False,False,0
8203,9,6,clean,stalled,fixed-three,,6,45,NONE,False,False,True,False,0.5
8203,9,6,clean,stalled,adaptive,NONE,6,45,NONE,True,False,False,False,0
8203,9,6,clean,stalled,deadline-vote,NONE,6,45,NONE,True,False,False,False,0
8203,9,6,clean,stalled,central-deadline,NONE,6,1,NONE,True,False,False,False,0
8203,9,6,clean,stalled,symbolic-deadline,NONE,6,0,NONE,True,False,False,False,0
8203,9,6,copies,late,majority,NONE,2,9,NONE,True,False,False,False,0
8203,9,6,copies,late,fixed-two,NONE,3,18,NONE,True,False,False,False,0
8203,9,6,copies,late,fixed-three,NONE,5,36,NONE,True,False,False,False,0
8203,9,6,copies,late,adaptive,NONE,5,36,NONE,True,False,False,False,0
8203,9,6,copies,late,deadline-vote,NONE,6,45,NONE,True,False,False,False,0
8203,9,6,copies,late,central-deadline,NONE,6,1,NONE,True,False,False,False,0
8203,9,6,copies,late,symbolic-deadline,NONE,6,0,NONE,True,False,False,False,0
8203,9,6,copies,stalled,majority,NONE,2,9,NONE,True,False,False,False,0
8203,9,6,copies,stalled,fixed-two,NONE,3,18,NONE,True,False,False,False,0
8203,9,6,copies,stalled,fixed-three,,6,45,NONE,False,False,True,False,0.5
8203,9,6,copies,stalled,adaptive,NONE,6,45,NONE,True,False,False,False,0
8203,9,6,copies,stalled,deadline-vote,NONE,6,45,NONE,True,False,False,False,0
8203,9,6,copies,stalled,central-deadline,NONE,6,1,NONE,True,False,False,False,0
8203,9,6,copies,stalled,symbolic-deadline,NONE,6,0,NONE,True,False,False,False,0
8203,9,6,early-wrong,late,majority,B,2,9,NONE,False,True,False,False,1
8203,9,6,early-wrong,late,fixed-two,B,3,18,NONE,False,True,False,False,1
8203,9,6,early-wrong,late,fixed-three,,6,45,NONE,False,False,True,False,0.5
8203,9,6,early-wrong,late,adaptive,NONE,6,45,NONE,True,False,False,False,0
8203,9,6,early-wrong,late,deadline-vote,NONE,6,45,NONE,True,False,False,False,0
8203,9,6,early-wrong,late,central-deadline,NONE,6,1,NONE,True,False,False,False,0
8203,9,6,early-wrong,late,symbolic-deadline,NONE,6,0,NONE,True,False,False,False,0
8203,9,6,early-wrong,stalled,majority,B,2,9,NONE,False,True,False,False,1
8203,9,6,early-wrong,stalled,fixed-two,B,3,18,NONE,False,True,False,False,1
8203,9,6,early-wrong,stalled,fixed-three,,6,45,NONE,False,False,True,False,0.5
8203,9,6,early-wrong,stalled,adaptive,B,6,45,NONE,False,True,False,False,1
8203,9,6,early-wrong,stalled,deadline-vote,B,6,45,NONE,False,True,False,False,1
8203,9,6,early-wrong,stalled,central-deadline,B,6,1,NONE,False,True,False,False,1
8203,9,6,early-wrong,stalled,symbolic-deadline,B,6,0,NONE,False,True,False,False,1
8203,9,6,late-wrong,late,majority,NONE,2,9,NONE,True,False,False,False,0
8203,9,6,late-wrong,late,fixed-two,NONE,3,18,NONE,True,False,False,False,0
8203,9,6,late-wrong,late,fixed-three,,6,45,NONE,False,False,True,False,0.5
8203,9,6,late-wrong,late,adaptive,B,6,45,NONE,False,True,False,False,1
8203,9,6,late-wrong,late,deadline-vote,B,6,45,NONE,False,True,False,False,1
8203,9,6,late-wrong,late,central-deadline,B,6,1,NONE,False,True,False,False,1
8203,9,6,late-wrong,late,symbolic-deadline,B,6,0,NONE,False,True,False,False,1
8203,9,6,late-wrong,stalled,majority,NONE,2,9,NONE,True,False,False,False,0
8203,9,6,late-wrong,stalled,fixed-two,NONE,3,18,NONE,True,False,False,False,0
8203,9,6,late-wrong,stalled,fixed-three,,6,45,NONE,False,False,True,False,0.5
8203,9,6,late-wrong,stalled,adaptive,NONE,6,45,NONE,True,False,False,False,0
8203,9,6,late-wrong,stalled,deadline-vote,NONE,6,45,NONE,True,False,False,False,0
8203,9,6,late-wrong,stalled,central-deadline,NONE,6,1,NONE,True,False,False,False,0
8203,9,6,late-wrong,stalled,symbolic-deadline,NONE,6,0,NONE,True,False,False,False,0
8204,5,3,clean,late,majority,A,2,5,A,True,False,False,False,0
8204,5,3,clean,late,fixed-two,A,3,10,A,True,False,False,False,0
8204,5,3,clean,late,fixed-three,,3,10,A,False,False,True,False,0.5
8204,5,3,clean,late,adaptive,A,3,10,A,True,False,False,False,0
8204,5,3,clean,late,deadline-vote,A,3,10,A,True,False,False,False,0
8204,5,3,clean,late,central-deadline,A,3,1,A,True,False,False,False,0
8204,5,3,clean,late,symbolic-deadline,A,3,0,A,True,False,False,False,0
8204,5,3,clean,stalled,majority,A,2,5,A,True,False,False,False,0
8204,5,3,clean,stalled,fixed-two,A,3,10,A,True,False,False,False,0
8204,5,3,clean,stalled,fixed-three,,3,10,A,False,False,True,False,0.5
8204,5,3,clean,stalled,adaptive,A,3,10,A,True,False,False,False,0
8204,5,3,clean,stalled,deadline-vote,A,3,10,A,True,False,False,False,0
8204,5,3,clean,stalled,central-deadline,A,3,1,A,True,False,False,False,0
8204,5,3,clean,stalled,symbolic-deadline,A,3,0,A,True,False,False,False,0
8204,5,3,copies,late,majority,A,2,5,A,True,False,False,False,0
8204,5,3,copies,late,fixed-two,A,3,10,A,True,False,False,False,0
8204,5,3,copies,late,fixed-three,,3,10,A,False,False,True,False,0.5
8204,5,3,copies,late,adaptive,A,3,10,A,True,False,False,False,0
8204,5,3,copies,late,deadline-vote,A,3,10,A,True,False,False,False,0
8204,5,3,copies,late,central-deadline,A,3,1,A,True,False,False,False,0
8204,5,3,copies,late,symbolic-deadline,A,3,0,A,True,False,False,False,0
8204,5,3,copies,stalled,majority,A,2,5,A,True,False,False,False,0
8204,5,3,copies,stalled,fixed-two,A,3,10,A,True,False,False,False,0
8204,5,3,copies,stalled,fixed-three,,3,10,A,False,False,True,False,0.5
8204,5,3,copies,stalled,adaptive,A,3,10,A,True,False,False,False,0
8204,5,3,copies,stalled,deadline-vote,A,3,10,A,True,False,False,False,0
8204,5,3,copies,stalled,central-deadline,A,3,1,A,True,False,False,False,0
8204,5,3,copies,stalled,symbolic-deadline,A,3,0,A,True,False,False,False,0
8204,5,3,early-wrong,late,majority,C,2,5,A,False,True,False,False,1
8204,5,3,early-wrong,late,fixed-two,C,3,10,A,False,True,False,False,1
8204,5,3,early-wrong,late,fixed-three,,3,10,A,False,False,True,False,0.5
8204,5,3,early-wrong,late,adaptive,C,3,10,A,False,True,False,False,1
8204,5,3,early-wrong,late,deadline-vote,C,3,10,A,False,True,False,False,1
8204,5,3,early-wrong,late,central-deadline,C,3,1,A,False,True,False,False,1
8204,5,3,early-wrong,late,symbolic-deadline,C,3,0,A,False,True,False,False,1
8204,5,3,early-wrong,stalled,majority,C,2,5,A,False,True,False,False,1
8204,5,3,early-wrong,stalled,fixed-two,C,3,10,A,False,True,False,False,1
8204,5,3,early-wrong,stalled,fixed-three,,3,10,A,False,False,True,False,0.5
8204,5,3,early-wrong,stalled,adaptive,C,3,10,A,False,True,False,False,1
8204,5,3,early-wrong,stalled,deadline-vote,C,3,10,A,False,True,False,False,1
8204,5,3,early-wrong,stalled,central-deadline,C,3,1,A,False,True,False,False,1
8204,5,3,early-wrong,stalled,symbolic-deadline,C,3,0,A,False,True,False,False,1
8204,5,3,late-wrong,late,majority,A,2,5,A,True,False,False,False,0
8204,5,3,late-wrong,late,fixed-two,A,3,10,A,True,False,False,False,0
8204,5,3,late-wrong,late,fixed-three,,3,10,A,False,False,True,False,0.5
8204,5,3,late-wrong,late,adaptive,A,3,10,A,True,False,False,False,0
8204,5,3,late-wrong,late,deadline-vote,A,3,10,A,True,False,False,False,0
8204,5,3,late-wrong,late,central-deadline,A,3,1,A,True,False,False,False,0
8204,5,3,late-wrong,late,symbolic-deadline,A,3,0,A,True,False,False,False,0
8204,5,3,late-wrong,stalled,majority,A,2,5,A,True,False,False,False,0
8204,5,3,late-wrong,stalled,fixed-two,A,3,10,A,True,False,False,False,0
8204,5,3,late-wrong,stalled,fixed-three,,3,10,A,False,False,True,False,0.5
8204,5,3,late-wrong,stalled,adaptive,A,3,10,A,True,False,False,False,0
8204,5,3,late-wrong,stalled,deadline-vote,A,3,10,A,True,False,False,False,0
8204,5,3,late-wrong,stalled,central-deadline,A,3,1,A,True,False,False,False,0
8204,5,3,late-wrong,stalled,symbolic-deadline,A,3,0,A,True,False,False,False,0
8204,5,6,clean,late,majority,A,2,5,A,True,False,False,False,0
8204,5,6,clean,late,fixed-two,A,3,10,A,True,False,False,False,0
8204,5,6,clean,late,fixed-three,A,5,20,A,True,False,False,False,0
8204,5,6,clean,late,adaptive,A,5,20,A,True,False,False,False,0
8204,5,6,clean,late,deadline-vote,A,6,25,A,True,False,False,False,0
8204,5,6,clean,late,central-deadline,A,6,1,A,True,False,False,False,0
8204,5,6,clean,late,symbolic-deadline,A,6,0,A,True,False,False,False,0
8204,5,6,clean,stalled,majority,A,2,5,A,True,False,False,False,0
8204,5,6,clean,stalled,fixed-two,A,3,10,A,True,False,False,False,0
8204,5,6,clean,stalled,fixed-three,,6,25,A,False,False,True,False,0.5
8204,5,6,clean,stalled,adaptive,A,6,25,A,True,False,False,False,0
8204,5,6,clean,stalled,deadline-vote,A,6,25,A,True,False,False,False,0
8204,5,6,clean,stalled,central-deadline,A,6,1,A,True,False,False,False,0
8204,5,6,clean,stalled,symbolic-deadline,A,6,0,A,True,False,False,False,0
8204,5,6,copies,late,majority,A,2,5,A,True,False,False,False,0
8204,5,6,copies,late,fixed-two,A,3,10,A,True,False,False,False,0
8204,5,6,copies,late,fixed-three,A,5,20,A,True,False,False,False,0
8204,5,6,copies,late,adaptive,A,5,20,A,True,False,False,False,0
8204,5,6,copies,late,deadline-vote,A,6,25,A,True,False,False,False,0
8204,5,6,copies,late,central-deadline,A,6,1,A,True,False,False,False,0
8204,5,6,copies,late,symbolic-deadline,A,6,0,A,True,False,False,False,0
8204,5,6,copies,stalled,majority,A,2,5,A,True,False,False,False,0
8204,5,6,copies,stalled,fixed-two,A,3,10,A,True,False,False,False,0
8204,5,6,copies,stalled,fixed-three,,6,25,A,False,False,True,False,0.5
8204,5,6,copies,stalled,adaptive,A,6,25,A,True,False,False,False,0
8204,5,6,copies,stalled,deadline-vote,A,6,25,A,True,False,False,False,0
8204,5,6,copies,stalled,central-deadline,A,6,1,A,True,False,False,False,0
8204,5,6,copies,stalled,symbolic-deadline,A,6,0,A,True,False,False,False,0
8204,5,6,early-wrong,late,majority,C,2,5,A,False,True,False,False,1
8204,5,6,early-wrong,late,fixed-two,C,3,10,A,False,True,False,False,1
8204,5,6,early-wrong,late,fixed-three,,6,25,A,False,False,True,False,0.5
8204,5,6,early-wrong,late,adaptive,A,6,25,A,True,False,False,False,0
8204,5,6,early-wrong,late,deadline-vote,A,6,25,A,True,False,False,False,0
8204,5,6,early-wrong,late,central-deadline,A,6,1,A,True,False,False,False,0
8204,5,6,early-wrong,late,symbolic-deadline,A,6,0,A,True,False,False,False,0
8204,5,6,early-wrong,stalled,majority,C,2,5,A,False,True,False,False,1
8204,5,6,early-wrong,stalled,fixed-two,C,3,10,A,False,True,False,False,1
8204,5,6,early-wrong,stalled,fixed-three,,6,25,A,False,False,True,False,0.5
8204,5,6,early-wrong,stalled,adaptive,C,6,25,A,False,True,False,False,1
8204,5,6,early-wrong,stalled,deadline-vote,C,6,25,A,False,True,False,False,1
8204,5,6,early-wrong,stalled,central-deadline,C,6,1,A,False,True,False,False,1
8204,5,6,early-wrong,stalled,symbolic-deadline,C,6,0,A,False,True,False,False,1
8204,5,6,late-wrong,late,majority,A,2,5,A,True,False,False,False,0
8204,5,6,late-wrong,late,fixed-two,A,3,10,A,True,False,False,False,0
8204,5,6,late-wrong,late,fixed-three,,6,25,A,False,False,True,False,0.5
8204,5,6,late-wrong,late,adaptive,C,6,25,A,False,True,False,False,1
8204,5,6,late-wrong,late,deadline-vote,C,6,25,A,False,True,False,False,1
8204,5,6,late-wrong,late,central-deadline,C,6,1,A,False,True,False,False,1
8204,5,6,late-wrong,late,symbolic-deadline,C,6,0,A,False,True,False,False,1
8204,5,6,late-wrong,stalled,majority,A,2,5,A,True,False,False,False,0
8204,5,6,late-wrong,stalled,fixed-two,A,3,10,A,True,False,False,False,0
8204,5,6,late-wrong,stalled,fixed-three,,6,25,A,False,False,True,False,0.5
8204,5,6,late-wrong,stalled,adaptive,A,6,25,A,True,False,False,False,0
8204,5,6,late-wrong,stalled,deadline-vote,A,6,25,A,True,False,False,False,0
8204,5,6,late-wrong,stalled,central-deadline,A,6,1,A,True,False,False,False,0
8204,5,6,late-wrong,stalled,symbolic-deadline,A,6,0,A,True,False,False,False,0
8204,9,3,clean,late,majority,A,2,9,A,True,False,False,False,0
8204,9,3,clean,late,fixed-two,A,3,18,A,True,False,False,False,0
8204,9,3,clean,late,fixed-three,,3,18,A,False,False,True,False,0.5
8204,9,3,clean,late,adaptive,A,3,18,A,True,False,False,False,0
8204,9,3,clean,late,deadline-vote,A,3,18,A,True,False,False,False,0
8204,9,3,clean,late,central-deadline,A,3,1,A,True,False,False,False,0
8204,9,3,clean,late,symbolic-deadline,A,3,0,A,True,False,False,False,0
8204,9,3,clean,stalled,majority,A,2,9,A,True,False,False,False,0
8204,9,3,clean,stalled,fixed-two,A,3,18,A,True,False,False,False,0
8204,9,3,clean,stalled,fixed-three,,3,18,A,False,False,True,False,0.5
8204,9,3,clean,stalled,adaptive,A,3,18,A,True,False,False,False,0
8204,9,3,clean,stalled,deadline-vote,A,3,18,A,True,False,False,False,0
8204,9,3,clean,stalled,central-deadline,A,3,1,A,True,False,False,False,0
8204,9,3,clean,stalled,symbolic-deadline,A,3,0,A,True,False,False,False,0
8204,9,3,copies,late,majority,A,2,9,A,True,False,False,False,0
8204,9,3,copies,late,fixed-two,A,3,18,A,True,False,False,False,0
8204,9,3,copies,late,fixed-three,,3,18,A,False,False,True,False,0.5
8204,9,3,copies,late,adaptive,A,3,18,A,True,False,False,False,0
8204,9,3,copies,late,deadline-vote,A,3,18,A,True,False,False,False,0
8204,9,3,copies,late,central-deadline,A,3,1,A,True,False,False,False,0
8204,9,3,copies,late,symbolic-deadline,A,3,0,A,True,False,False,False,0
8204,9,3,copies,stalled,majority,A,2,9,A,True,False,False,False,0
8204,9,3,copies,stalled,fixed-two,A,3,18,A,True,False,False,False,0
8204,9,3,copies,stalled,fixed-three,,3,18,A,False,False,True,False,0.5
8204,9,3,copies,stalled,adaptive,A,3,18,A,True,False,False,False,0
8204,9,3,copies,stalled,deadline-vote,A,3,18,A,True,False,False,False,0
8204,9,3,copies,stalled,central-deadline,A,3,1,A,True,False,False,False,0
8204,9,3,copies,stalled,symbolic-deadline,A,3,0,A,True,False,False,False,0
8204,9,3,early-wrong,late,majority,C,2,9,A,False,True,False,False,1
8204,9,3,early-wrong,late,fixed-two,C,3,18,A,False,True,False,False,1
8204,9,3,early-wrong,late,fixed-three,,3,18,A,False,False,True,False,0.5
8204,9,3,early-wrong,late,adaptive,C,3,18,A,False,True,False,False,1
8204,9,3,early-wrong,late,deadline-vote,C,3,18,A,False,True,False,False,1
8204,9,3,early-wrong,late,central-deadline,C,3,1,A,False,True,False,False,1
8204,9,3,early-wrong,late,symbolic-deadline,C,3,0,A,False,True,False,False,1
8204,9,3,early-wrong,stalled,majority,C,2,9,A,False,True,False,False,1
8204,9,3,early-wrong,stalled,fixed-two,C,3,18,A,False,True,False,False,1
8204,9,3,early-wrong,stalled,fixed-three,,3,18,A,False,False,True,False,0.5
8204,9,3,early-wrong,stalled,adaptive,C,3,18,A,False,True,False,False,1
8204,9,3,early-wrong,stalled,deadline-vote,C,3,18,A,False,True,False,False,1
8204,9,3,early-wrong,stalled,central-deadline,C,3,1,A,False,True,False,False,1
8204,9,3,early-wrong,stalled,symbolic-deadline,C,3,0,A,False,True,False,False,1
8204,9,3,late-wrong,late,majority,A,2,9,A,True,False,False,False,0
8204,9,3,late-wrong,late,fixed-two,A,3,18,A,True,False,False,False,0
8204,9,3,late-wrong,late,fixed-three,,3,18,A,False,False,True,False,0.5
8204,9,3,late-wrong,late,adaptive,A,3,18,A,True,False,False,False,0
8204,9,3,late-wrong,late,deadline-vote,A,3,18,A,True,False,False,False,0
8204,9,3,late-wrong,late,central-deadline,A,3,1,A,True,False,False,False,0
8204,9,3,late-wrong,late,symbolic-deadline,A,3,0,A,True,False,False,False,0
8204,9,3,late-wrong,stalled,majority,A,2,9,A,True,False,False,False,0
8204,9,3,late-wrong,stalled,fixed-two,A,3,18,A,True,False,False,False,0
8204,9,3,late-wrong,stalled,fixed-three,,3,18,A,False,False,True,False,0.5
8204,9,3,late-wrong,stalled,adaptive,A,3,18,A,True,False,False,False,0
8204,9,3,late-wrong,stalled,deadline-vote,A,3,18,A,True,False,False,False,0
8204,9,3,late-wrong,stalled,central-deadline,A,3,1,A,True,False,False,False,0
8204,9,3,late-wrong,stalled,symbolic-deadline,A,3,0,A,True,False,False,False,0
8204,9,6,clean,late,majority,A,2,9,A,True,False,False,False,0
8204,9,6,clean,late,fixed-two,A,3,18,A,True,False,False,False,0
8204,9,6,clean,late,fixed-three,A,5,36,A,True,False,False,False,0
8204,9,6,clean,late,adaptive,A,5,36,A,True,False,False,False,0
8204,9,6,clean,late,deadline-vote,A,6,45,A,True,False,False,False,0
8204,9,6,clean,late,central-deadline,A,6,1,A,True,False,False,False,0
8204,9,6,clean,late,symbolic-deadline,A,6,0,A,True,False,False,False,0
8204,9,6,clean,stalled,majority,A,2,9,A,True,False,False,False,0
8204,9,6,clean,stalled,fixed-two,A,3,18,A,True,False,False,False,0
8204,9,6,clean,stalled,fixed-three,,6,45,A,False,False,True,False,0.5
8204,9,6,clean,stalled,adaptive,A,6,45,A,True,False,False,False,0
8204,9,6,clean,stalled,deadline-vote,A,6,45,A,True,False,False,False,0
8204,9,6,clean,stalled,central-deadline,A,6,1,A,True,False,False,False,0
8204,9,6,clean,stalled,symbolic-deadline,A,6,0,A,True,False,False,False,0
8204,9,6,copies,late,majority,A,2,9,A,True,False,False,False,0
8204,9,6,copies,late,fixed-two,A,3,18,A,True,False,False,False,0
8204,9,6,copies,late,fixed-three,A,5,36,A,True,False,False,False,0
8204,9,6,copies,late,adaptive,A,5,36,A,True,False,False,False,0
8204,9,6,copies,late,deadline-vote,A,6,45,A,True,False,False,False,0
8204,9,6,copies,late,central-deadline,A,6,1,A,True,False,False,False,0
8204,9,6,copies,late,symbolic-deadline,A,6,0,A,True,False,False,False,0
8204,9,6,copies,stalled,majority,A,2,9,A,True,False,False,False,0
8204,9,6,copies,stalled,fixed-two,A,3,18,A,True,False,False,False,0
8204,9,6,copies,stalled,fixed-three,,6,45,A,False,False,True,False,0.5
8204,9,6,copies,stalled,adaptive,A,6,45,A,True,False,False,False,0
8204,9,6,copies,stalled,deadline-vote,A,6,45,A,True,False,False,False,0
8204,9,6,copies,stalled,central-deadline,A,6,1,A,True,False,False,False,0
8204,9,6,copies,stalled,symbolic-deadline,A,6,0,A,True,False,False,False,0
8204,9,6,early-wrong,late,majority,C,2,9,A,False,True,False,False,1
8204,9,6,early-wrong,late,fixed-two,C,3,18,A,False,True,False,False,1
8204,9,6,early-wrong,late,fixed-three,,6,45,A,False,False,True,False,0.5
8204,9,6,early-wrong,late,adaptive,A,6,45,A,True,False,False,False,0
8204,9,6,early-wrong,late,deadline-vote,A,6,45,A,True,False,False,False,0
8204,9,6,early-wrong,late,central-deadline,A,6,1,A,True,False,False,False,0
8204,9,6,early-wrong,late,symbolic-deadline,A,6,0,A,True,False,False,False,0
8204,9,6,early-wrong,stalled,majority,C,2,9,A,False,True,False,False,1
8204,9,6,early-wrong,stalled,fixed-two,C,3,18,A,False,True,False,False,1
8204,9,6,early-wrong,stalled,fixed-three,,6,45,A,False,False,True,False,0.5
8204,9,6,early-wrong,stalled,adaptive,C,6,45,A,False,True,False,False,1
8204,9,6,early-wrong,stalled,deadline-vote,C,6,45,A,False,True,False,False,1
8204,9,6,early-wrong,stalled,central-deadline,C,6,1,A,False,True,False,False,1
8204,9,6,early-wrong,stalled,symbolic-deadline,C,6,0,A,False,True,False,False,1
8204,9,6,late-wrong,late,majority,A,2,9,A,True,False,False,False,0
8204,9,6,late-wrong,late,fixed-two,A,3,18,A,True,False,False,False,0
8204,9,6,late-wrong,late,fixed-three,,6,45,A,False,False,True,False,0.5
8204,9,6,late-wrong,late,adaptive,C,6,45,A,False,True,False,False,1
8204,9,6,late-wrong,late,deadline-vote,C,6,45,A,False,True,False,False,1
8204,9,6,late-wrong,late,central-deadline,C,6,1,A,False,True,False,False,1
8204,9,6,late-wrong,late,symbolic-deadline,C,6,0,A,False,True,False,False,1
8204,9,6,late-wrong,stalled,majority,A,2,9,A,True,False,False,False,0
8204,9,6,late-wrong,stalled,fixed-two,A,3,18,A,True,False,False,False,0
8204,9,6,late-wrong,stalled,fixed-three,,6,45,A,False,False,True,False,0.5
8204,9,6,late-wrong,stalled,adaptive,A,6,45,A,True,False,False,False,0
8204,9,6,late-wrong,stalled,deadline-vote,A,6,45,A,True,False,False,False,0
8204,9,6,late-wrong,stalled,central-deadline,A,6,1,A,True,False,False,False,0
8204,9,6,late-wrong,stalled,symbolic-deadline,A,6,0,A,True,False,False,False,0
8205,5,3,clean,late,majority,B,2,5,B,True,False,False,False,0
8205,5,3,clean,late,fixed-two,B,3,10,B,True,False,False,False,0
8205,5,3,clean,late,fixed-three,,3,10,B,False,False,True,False,0.5
8205,5,3,clean,late,adaptive,B,3,10,B,True,False,False,False,0
8205,5,3,clean,late,deadline-vote,B,3,10,B,True,False,False,False,0
8205,5,3,clean,late,central-deadline,B,3,1,B,True,False,False,False,0
8205,5,3,clean,late,symbolic-deadline,B,3,0,B,True,False,False,False,0
8205,5,3,clean,stalled,majority,B,2,5,B,True,False,False,False,0
8205,5,3,clean,stalled,fixed-two,B,3,10,B,True,False,False,False,0
8205,5,3,clean,stalled,fixed-three,,3,10,B,False,False,True,False,0.5
8205,5,3,clean,stalled,adaptive,B,3,10,B,True,False,False,False,0
8205,5,3,clean,stalled,deadline-vote,B,3,10,B,True,False,False,False,0
8205,5,3,clean,stalled,central-deadline,B,3,1,B,True,False,False,False,0
8205,5,3,clean,stalled,symbolic-deadline,B,3,0,B,True,False,False,False,0
8205,5,3,copies,late,majority,B,2,5,B,True,False,False,False,0
8205,5,3,copies,late,fixed-two,B,3,10,B,True,False,False,False,0
8205,5,3,copies,late,fixed-three,,3,10,B,False,False,True,False,0.5
8205,5,3,copies,late,adaptive,B,3,10,B,True,False,False,False,0
8205,5,3,copies,late,deadline-vote,B,3,10,B,True,False,False,False,0
8205,5,3,copies,late,central-deadline,B,3,1,B,True,False,False,False,0
8205,5,3,copies,late,symbolic-deadline,B,3,0,B,True,False,False,False,0
8205,5,3,copies,stalled,majority,B,2,5,B,True,False,False,False,0
8205,5,3,copies,stalled,fixed-two,B,3,10,B,True,False,False,False,0
8205,5,3,copies,stalled,fixed-three,,3,10,B,False,False,True,False,0.5
8205,5,3,copies,stalled,adaptive,B,3,10,B,True,False,False,False,0
8205,5,3,copies,stalled,deadline-vote,B,3,10,B,True,False,False,False,0
8205,5,3,copies,stalled,central-deadline,B,3,1,B,True,False,False,False,0
8205,5,3,copies,stalled,symbolic-deadline,B,3,0,B,True,False,False,False,0
8205,5,3,early-wrong,late,majority,C,2,5,B,False,True,False,False,1
8205,5,3,early-wrong,late,fixed-two,C,3,10,B,False,True,False,False,1
8205,5,3,early-wrong,late,fixed-three,,3,10,B,False,False,True,False,0.5
8205,5,3,early-wrong,late,adaptive,C,3,10,B,False,True,False,False,1
8205,5,3,early-wrong,late,deadline-vote,C,3,10,B,False,True,False,False,1
8205,5,3,early-wrong,late,central-deadline,C,3,1,B,False,True,False,False,1
8205,5,3,early-wrong,late,symbolic-deadline,C,3,0,B,False,True,False,False,1
8205,5,3,early-wrong,stalled,majority,C,2,5,B,False,True,False,False,1
8205,5,3,early-wrong,stalled,fixed-two,C,3,10,B,False,True,False,False,1
8205,5,3,early-wrong,stalled,fixed-three,,3,10,B,False,False,True,False,0.5
8205,5,3,early-wrong,stalled,adaptive,C,3,10,B,False,True,False,False,1
8205,5,3,early-wrong,stalled,deadline-vote,C,3,10,B,False,True,False,False,1
8205,5,3,early-wrong,stalled,central-deadline,C,3,1,B,False,True,False,False,1
8205,5,3,early-wrong,stalled,symbolic-deadline,C,3,0,B,False,True,False,False,1
8205,5,3,late-wrong,late,majority,B,2,5,B,True,False,False,False,0
8205,5,3,late-wrong,late,fixed-two,B,3,10,B,True,False,False,False,0
8205,5,3,late-wrong,late,fixed-three,,3,10,B,False,False,True,False,0.5
8205,5,3,late-wrong,late,adaptive,B,3,10,B,True,False,False,False,0
8205,5,3,late-wrong,late,deadline-vote,B,3,10,B,True,False,False,False,0
8205,5,3,late-wrong,late,central-deadline,B,3,1,B,True,False,False,False,0
8205,5,3,late-wrong,late,symbolic-deadline,B,3,0,B,True,False,False,False,0
8205,5,3,late-wrong,stalled,majority,B,2,5,B,True,False,False,False,0
8205,5,3,late-wrong,stalled,fixed-two,B,3,10,B,True,False,False,False,0
8205,5,3,late-wrong,stalled,fixed-three,,3,10,B,False,False,True,False,0.5
8205,5,3,late-wrong,stalled,adaptive,B,3,10,B,True,False,False,False,0
8205,5,3,late-wrong,stalled,deadline-vote,B,3,10,B,True,False,False,False,0
8205,5,3,late-wrong,stalled,central-deadline,B,3,1,B,True,False,False,False,0
8205,5,3,late-wrong,stalled,symbolic-deadline,B,3,0,B,True,False,False,False,0
8205,5,6,clean,late,majority,B,2,5,B,True,False,False,False,0
8205,5,6,clean,late,fixed-two,B,3,10,B,True,False,False,False,0
8205,5,6,clean,late,fixed-three,B,5,20,B,True,False,False,False,0
8205,5,6,clean,late,adaptive,B,5,20,B,True,False,False,False,0
8205,5,6,clean,late,deadline-vote,B,6,25,B,True,False,False,False,0
8205,5,6,clean,late,central-deadline,B,6,1,B,True,False,False,False,0
8205,5,6,clean,late,symbolic-deadline,B,6,0,B,True,False,False,False,0
8205,5,6,clean,stalled,majority,B,2,5,B,True,False,False,False,0
8205,5,6,clean,stalled,fixed-two,B,3,10,B,True,False,False,False,0
8205,5,6,clean,stalled,fixed-three,,6,25,B,False,False,True,False,0.5
8205,5,6,clean,stalled,adaptive,B,6,25,B,True,False,False,False,0
8205,5,6,clean,stalled,deadline-vote,B,6,25,B,True,False,False,False,0
8205,5,6,clean,stalled,central-deadline,B,6,1,B,True,False,False,False,0
8205,5,6,clean,stalled,symbolic-deadline,B,6,0,B,True,False,False,False,0
8205,5,6,copies,late,majority,B,2,5,B,True,False,False,False,0
8205,5,6,copies,late,fixed-two,B,3,10,B,True,False,False,False,0
8205,5,6,copies,late,fixed-three,B,5,20,B,True,False,False,False,0
8205,5,6,copies,late,adaptive,B,5,20,B,True,False,False,False,0
8205,5,6,copies,late,deadline-vote,B,6,25,B,True,False,False,False,0
8205,5,6,copies,late,central-deadline,B,6,1,B,True,False,False,False,0
8205,5,6,copies,late,symbolic-deadline,B,6,0,B,True,False,False,False,0
8205,5,6,copies,stalled,majority,B,2,5,B,True,False,False,False,0
8205,5,6,copies,stalled,fixed-two,B,3,10,B,True,False,False,False,0
8205,5,6,copies,stalled,fixed-three,,6,25,B,False,False,True,False,0.5
8205,5,6,copies,stalled,adaptive,B,6,25,B,True,False,False,False,0
8205,5,6,copies,stalled,deadline-vote,B,6,25,B,True,False,False,False,0
8205,5,6,copies,stalled,central-deadline,B,6,1,B,True,False,False,False,0
8205,5,6,copies,stalled,symbolic-deadline,B,6,0,B,True,False,False,False,0
8205,5,6,early-wrong,late,majority,C,2,5,B,False,True,False,False,1
8205,5,6,early-wrong,late,fixed-two,C,3,10,B,False,True,False,False,1
8205,5,6,early-wrong,late,fixed-three,,6,25,B,False,False,True,False,0.5
8205,5,6,early-wrong,late,adaptive,B,6,25,B,True,False,False,False,0
8205,5,6,early-wrong,late,deadline-vote,B,6,25,B,True,False,False,False,0
8205,5,6,early-wrong,late,central-deadline,B,6,1,B,True,False,False,False,0
8205,5,6,early-wrong,late,symbolic-deadline,B,6,0,B,True,False,False,False,0
8205,5,6,early-wrong,stalled,majority,C,2,5,B,False,True,False,False,1
8205,5,6,early-wrong,stalled,fixed-two,C,3,10,B,False,True,False,False,1
8205,5,6,early-wrong,stalled,fixed-three,,6,25,B,False,False,True,False,0.5
8205,5,6,early-wrong,stalled,adaptive,C,6,25,B,False,True,False,False,1
8205,5,6,early-wrong,stalled,deadline-vote,C,6,25,B,False,True,False,False,1
8205,5,6,early-wrong,stalled,central-deadline,C,6,1,B,False,True,False,False,1
8205,5,6,early-wrong,stalled,symbolic-deadline,C,6,0,B,False,True,False,False,1
8205,5,6,late-wrong,late,majority,B,2,5,B,True,False,False,False,0
8205,5,6,late-wrong,late,fixed-two,B,3,10,B,True,False,False,False,0
8205,5,6,late-wrong,late,fixed-three,,6,25,B,False,False,True,False,0.5
8205,5,6,late-wrong,late,adaptive,C,6,25,B,False,True,False,False,1
8205,5,6,late-wrong,late,deadline-vote,C,6,25,B,False,True,False,False,1
8205,5,6,late-wrong,late,central-deadline,C,6,1,B,False,True,False,False,1
8205,5,6,late-wrong,late,symbolic-deadline,C,6,0,B,False,True,False,False,1
8205,5,6,late-wrong,stalled,majority,B,2,5,B,True,False,False,False,0
8205,5,6,late-wrong,stalled,fixed-two,B,3,10,B,True,False,False,False,0
8205,5,6,late-wrong,stalled,fixed-three,,6,25,B,False,False,True,False,0.5
8205,5,6,late-wrong,stalled,adaptive,B,6,25,B,True,False,False,False,0
8205,5,6,late-wrong,stalled,deadline-vote,B,6,25,B,True,False,False,False,0
8205,5,6,late-wrong,stalled,central-deadline,B,6,1,B,True,False,False,False,0
8205,5,6,late-wrong,stalled,symbolic-deadline,B,6,0,B,True,False,False,False,0
8205,9,3,clean,late,majority,B,2,9,B,True,False,False,False,0
8205,9,3,clean,late,fixed-two,B,3,18,B,True,False,False,False,0
8205,9,3,clean,late,fixed-three,,3,18,B,False,False,True,False,0.5
8205,9,3,clean,late,adaptive,B,3,18,B,True,False,False,False,0
8205,9,3,clean,late,deadline-vote,B,3,18,B,True,False,False,False,0
8205,9,3,clean,late,central-deadline,B,3,1,B,True,False,False,False,0
8205,9,3,clean,late,symbolic-deadline,B,3,0,B,True,False,False,False,0
8205,9,3,clean,stalled,majority,B,2,9,B,True,False,False,False,0
8205,9,3,clean,stalled,fixed-two,B,3,18,B,True,False,False,False,0
8205,9,3,clean,stalled,fixed-three,,3,18,B,False,False,True,False,0.5
8205,9,3,clean,stalled,adaptive,B,3,18,B,True,False,False,False,0
8205,9,3,clean,stalled,deadline-vote,B,3,18,B,True,False,False,False,0
8205,9,3,clean,stalled,central-deadline,B,3,1,B,True,False,False,False,0
8205,9,3,clean,stalled,symbolic-deadline,B,3,0,B,True,False,False,False,0
8205,9,3,copies,late,majority,B,2,9,B,True,False,False,False,0
8205,9,3,copies,late,fixed-two,B,3,18,B,True,False,False,False,0
8205,9,3,copies,late,fixed-three,,3,18,B,False,False,True,False,0.5
8205,9,3,copies,late,adaptive,B,3,18,B,True,False,False,False,0
8205,9,3,copies,late,deadline-vote,B,3,18,B,True,False,False,False,0
8205,9,3,copies,late,central-deadline,B,3,1,B,True,False,False,False,0
8205,9,3,copies,late,symbolic-deadline,B,3,0,B,True,False,False,False,0
8205,9,3,copies,stalled,majority,B,2,9,B,True,False,False,False,0
8205,9,3,copies,stalled,fixed-two,B,3,18,B,True,False,False,False,0
8205,9,3,copies,stalled,fixed-three,,3,18,B,False,False,True,False,0.5
8205,9,3,copies,stalled,adaptive,B,3,18,B,True,False,False,False,0
8205,9,3,copies,stalled,deadline-vote,B,3,18,B,True,False,False,False,0
8205,9,3,copies,stalled,central-deadline,B,3,1,B,True,False,False,False,0
8205,9,3,copies,stalled,symbolic-deadline,B,3,0,B,True,False,False,False,0
8205,9,3,early-wrong,late,majority,C,2,9,B,False,True,False,False,1
8205,9,3,early-wrong,late,fixed-two,C,3,18,B,False,True,False,False,1
8205,9,3,early-wrong,late,fixed-three,,3,18,B,False,False,True,False,0.5
8205,9,3,early-wrong,late,adaptive,C,3,18,B,False,True,False,False,1
8205,9,3,early-wrong,late,deadline-vote,C,3,18,B,False,True,False,False,1
8205,9,3,early-wrong,late,central-deadline,C,3,1,B,False,True,False,False,1
8205,9,3,early-wrong,late,symbolic-deadline,C,3,0,B,False,True,False,False,1
8205,9,3,early-wrong,stalled,majority,C,2,9,B,False,True,False,False,1
8205,9,3,early-wrong,stalled,fixed-two,C,3,18,B,False,True,False,False,1
8205,9,3,early-wrong,stalled,fixed-three,,3,18,B,False,False,True,False,0.5
8205,9,3,early-wrong,stalled,adaptive,C,3,18,B,False,True,False,False,1
8205,9,3,early-wrong,stalled,deadline-vote,C,3,18,B,False,True,False,False,1
8205,9,3,early-wrong,stalled,central-deadline,C,3,1,B,False,True,False,False,1
8205,9,3,early-wrong,stalled,symbolic-deadline,C,3,0,B,False,True,False,False,1
8205,9,3,late-wrong,late,majority,B,2,9,B,True,False,False,False,0
8205,9,3,late-wrong,late,fixed-two,B,3,18,B,True,False,False,False,0
8205,9,3,late-wrong,late,fixed-three,,3,18,B,False,False,True,False,0.5
8205,9,3,late-wrong,late,adaptive,B,3,18,B,True,False,False,False,0
8205,9,3,late-wrong,late,deadline-vote,B,3,18,B,True,False,False,False,0
8205,9,3,late-wrong,late,central-deadline,B,3,1,B,True,False,False,False,0
8205,9,3,late-wrong,late,symbolic-deadline,B,3,0,B,True,False,False,False,0
8205,9,3,late-wrong,stalled,majority,B,2,9,B,True,False,False,False,0
8205,9,3,late-wrong,stalled,fixed-two,B,3,18,B,True,False,False,False,0
8205,9,3,late-wrong,stalled,fixed-three,,3,18,B,False,False,True,False,0.5
8205,9,3,late-wrong,stalled,adaptive,B,3,18,B,True,False,False,False,0
8205,9,3,late-wrong,stalled,deadline-vote,B,3,18,B,True,False,False,False,0
8205,9,3,late-wrong,stalled,central-deadline,B,3,1,B,True,False,False,False,0
8205,9,3,late-wrong,stalled,symbolic-deadline,B,3,0,B,True,False,False,False,0
8205,9,6,clean,late,majority,B,2,9,B,True,False,False,False,0
8205,9,6,clean,late,fixed-two,B,3,18,B,True,False,False,False,0
8205,9,6,clean,late,fixed-three,B,5,36,B,True,False,False,False,0
8205,9,6,clean,late,adaptive,B,5,36,B,True,False,False,False,0
8205,9,6,clean,late,deadline-vote,B,6,45,B,True,False,False,False,0
8205,9,6,clean,late,central-deadline,B,6,1,B,True,False,False,False,0
8205,9,6,clean,late,symbolic-deadline,B,6,0,B,True,False,False,False,0
8205,9,6,clean,stalled,majority,B,2,9,B,True,False,False,False,0
8205,9,6,clean,stalled,fixed-two,B,3,18,B,True,False,False,False,0
8205,9,6,clean,stalled,fixed-three,,6,45,B,False,False,True,False,0.5
8205,9,6,clean,stalled,adaptive,B,6,45,B,True,False,False,False,0
8205,9,6,clean,stalled,deadline-vote,B,6,45,B,True,False,False,False,0
8205,9,6,clean,stalled,central-deadline,B,6,1,B,True,False,False,False,0
8205,9,6,clean,stalled,symbolic-deadline,B,6,0,B,True,False,False,False,0
8205,9,6,copies,late,majority,B,2,9,B,True,False,False,False,0
8205,9,6,copies,late,fixed-two,B,3,18,B,True,False,False,False,0
8205,9,6,copies,late,fixed-three,B,5,36,B,True,False,False,False,0
8205,9,6,copies,late,adaptive,B,5,36,B,True,False,False,False,0
8205,9,6,copies,late,deadline-vote,B,6,45,B,True,False,False,False,0
8205,9,6,copies,late,central-deadline,B,6,1,B,True,False,False,False,0
8205,9,6,copies,late,symbolic-deadline,B,6,0,B,True,False,False,False,0
8205,9,6,copies,stalled,majority,B,2,9,B,True,False,False,False,0
8205,9,6,copies,stalled,fixed-two,B,3,18,B,True,False,False,False,0
8205,9,6,copies,stalled,fixed-three,,6,45,B,False,False,True,False,0.5
8205,9,6,copies,stalled,adaptive,B,6,45,B,True,False,False,False,0
8205,9,6,copies,stalled,deadline-vote,B,6,45,B,True,False,False,False,0
8205,9,6,copies,stalled,central-deadline,B,6,1,B,True,False,False,False,0
8205,9,6,copies,stalled,symbolic-deadline,B,6,0,B,True,False,False,False,0
8205,9,6,early-wrong,late,majority,C,2,9,B,False,True,False,False,1
8205,9,6,early-wrong,late,fixed-two,C,3,18,B,False,True,False,False,1
8205,9,6,early-wrong,late,fixed-three,,6,45,B,False,False,True,False,0.5
8205,9,6,early-wrong,late,adaptive,B,6,45,B,True,False,False,False,0
8205,9,6,early-wrong,late,deadline-vote,B,6,45,B,True,False,False,False,0
8205,9,6,early-wrong,late,central-deadline,B,6,1,B,True,False,False,False,0
8205,9,6,early-wrong,late,symbolic-deadline,B,6,0,B,True,False,False,False,0
8205,9,6,early-wrong,stalled,majority,C,2,9,B,False,True,False,False,1
8205,9,6,early-wrong,stalled,fixed-two,C,3,18,B,False,True,False,False,1
8205,9,6,early-wrong,stalled,fixed-three,,6,45,B,False,False,True,False,0.5
8205,9,6,early-wrong,stalled,adaptive,C,6,45,B,False,True,False,False,1
8205,9,6,early-wrong,stalled,deadline-vote,C,6,45,B,False,True,False,False,1
8205,9,6,early-wrong,stalled,central-deadline,C,6,1,B,False,True,False,False,1
8205,9,6,early-wrong,stalled,symbolic-deadline,C,6,0,B,False,True,False,False,1
8205,9,6,late-wrong,late,majority,B,2,9,B,True,False,False,False,0
8205,9,6,late-wrong,late,fixed-two,B,3,18,B,True,False,False,False,0
8205,9,6,late-wrong,late,fixed-three,,6,45,B,False,False,True,False,0.5
8205,9,6,late-wrong,late,adaptive,C,6,45,B,False,True,False,False,1
8205,9,6,late-wrong,late,deadline-vote,C,6,45,B,False,True,False,False,1
8205,9,6,late-wrong,late,central-deadline,C,6,1,B,False,True,False,False,1
8205,9,6,late-wrong,late,symbolic-deadline,C,6,0,B,False,True,False,False,1
8205,9,6,late-wrong,stalled,majority,B,2,9,B,True,False,False,False,0
8205,9,6,late-wrong,stalled,fixed-two,B,3,18,B,True,False,False,False,0
8205,9,6,late-wrong,stalled,fixed-three,,6,45,B,False,False,True,False,0.5
8205,9,6,late-wrong,stalled,adaptive,B,6,45,B,True,False,False,False,0
8205,9,6,late-wrong,stalled,deadline-vote,B,6,45,B,True,False,False,False,0
8205,9,6,late-wrong,stalled,central-deadline,B,6,1,B,True,False,False,False,0
8205,9,6,late-wrong,stalled,symbolic-deadline,B,6,0,B,True,False,False,False,0
8206,5,3,clean,late,majority,C,2,5,C,True,False,False,False,0
8206,5,3,clean,late,fixed-two,C,3,10,C,True,False,False,False,0
8206,5,3,clean,late,fixed-three,,3,10,C,False,False,True,False,0.5
8206,5,3,clean,late,adaptive,C,3,10,C,True,False,False,False,0
8206,5,3,clean,late,deadline-vote,C,3,10,C,True,False,False,False,0
8206,5,3,clean,late,central-deadline,C,3,1,C,True,False,False,False,0
8206,5,3,clean,late,symbolic-deadline,C,3,0,C,True,False,False,False,0
8206,5,3,clean,stalled,majority,C,2,5,C,True,False,False,False,0
8206,5,3,clean,stalled,fixed-two,C,3,10,C,True,False,False,False,0
8206,5,3,clean,stalled,fixed-three,,3,10,C,False,False,True,False,0.5
8206,5,3,clean,stalled,adaptive,C,3,10,C,True,False,False,False,0
8206,5,3,clean,stalled,deadline-vote,C,3,10,C,True,False,False,False,0
8206,5,3,clean,stalled,central-deadline,C,3,1,C,True,False,False,False,0
8206,5,3,clean,stalled,symbolic-deadline,C,3,0,C,True,False,False,False,0
8206,5,3,copies,late,majority,C,2,5,C,True,False,False,False,0
8206,5,3,copies,late,fixed-two,C,3,10,C,True,False,False,False,0
8206,5,3,copies,late,fixed-three,,3,10,C,False,False,True,False,0.5
8206,5,3,copies,late,adaptive,C,3,10,C,True,False,False,False,0
8206,5,3,copies,late,deadline-vote,C,3,10,C,True,False,False,False,0
8206,5,3,copies,late,central-deadline,C,3,1,C,True,False,False,False,0
8206,5,3,copies,late,symbolic-deadline,C,3,0,C,True,False,False,False,0
8206,5,3,copies,stalled,majority,C,2,5,C,True,False,False,False,0
8206,5,3,copies,stalled,fixed-two,C,3,10,C,True,False,False,False,0
8206,5,3,copies,stalled,fixed-three,,3,10,C,False,False,True,False,0.5
8206,5,3,copies,stalled,adaptive,C,3,10,C,True,False,False,False,0
8206,5,3,copies,stalled,deadline-vote,C,3,10,C,True,False,False,False,0
8206,5,3,copies,stalled,central-deadline,C,3,1,C,True,False,False,False,0
8206,5,3,copies,stalled,symbolic-deadline,C,3,0,C,True,False,False,False,0
8206,5,3,early-wrong,late,majority,B,2,5,C,False,True,False,False,1
8206,5,3,early-wrong,late,fixed-two,B,3,10,C,False,True,False,False,1
8206,5,3,early-wrong,late,fixed-three,,3,10,C,False,False,True,False,0.5
8206,5,3,early-wrong,late,adaptive,B,3,10,C,False,True,False,False,1
8206,5,3,early-wrong,late,deadline-vote,B,3,10,C,False,True,False,False,1
8206,5,3,early-wrong,late,central-deadline,B,3,1,C,False,True,False,False,1
8206,5,3,early-wrong,late,symbolic-deadline,B,3,0,C,False,True,False,False,1
8206,5,3,early-wrong,stalled,majority,B,2,5,C,False,True,False,False,1
8206,5,3,early-wrong,stalled,fixed-two,B,3,10,C,False,True,False,False,1
8206,5,3,early-wrong,stalled,fixed-three,,3,10,C,False,False,True,False,0.5
8206,5,3,early-wrong,stalled,adaptive,B,3,10,C,False,True,False,False,1
8206,5,3,early-wrong,stalled,deadline-vote,B,3,10,C,False,True,False,False,1
8206,5,3,early-wrong,stalled,central-deadline,B,3,1,C,False,True,False,False,1
8206,5,3,early-wrong,stalled,symbolic-deadline,B,3,0,C,False,True,False,False,1
8206,5,3,late-wrong,late,majority,C,2,5,C,True,False,False,False,0
8206,5,3,late-wrong,late,fixed-two,C,3,10,C,True,False,False,False,0
8206,5,3,late-wrong,late,fixed-three,,3,10,C,False,False,True,False,0.5
8206,5,3,late-wrong,late,adaptive,C,3,10,C,True,False,False,False,0
8206,5,3,late-wrong,late,deadline-vote,C,3,10,C,True,False,False,False,0
8206,5,3,late-wrong,late,central-deadline,C,3,1,C,True,False,False,False,0
8206,5,3,late-wrong,late,symbolic-deadline,C,3,0,C,True,False,False,False,0
8206,5,3,late-wrong,stalled,majority,C,2,5,C,True,False,False,False,0
8206,5,3,late-wrong,stalled,fixed-two,C,3,10,C,True,False,False,False,0
8206,5,3,late-wrong,stalled,fixed-three,,3,10,C,False,False,True,False,0.5
8206,5,3,late-wrong,stalled,adaptive,C,3,10,C,True,False,False,False,0
8206,5,3,late-wrong,stalled,deadline-vote,C,3,10,C,True,False,False,False,0
8206,5,3,late-wrong,stalled,central-deadline,C,3,1,C,True,False,False,False,0
8206,5,3,late-wrong,stalled,symbolic-deadline,C,3,0,C,True,False,False,False,0
8206,5,6,clean,late,majority,C,2,5,C,True,False,False,False,0
8206,5,6,clean,late,fixed-two,C,3,10,C,True,False,False,False,0
8206,5,6,clean,late,fixed-three,C,5,20,C,True,False,False,False,0
8206,5,6,clean,late,adaptive,C,5,20,C,True,False,False,False,0
8206,5,6,clean,late,deadline-vote,C,6,25,C,True,False,False,False,0
8206,5,6,clean,late,central-deadline,C,6,1,C,True,False,False,False,0
8206,5,6,clean,late,symbolic-deadline,C,6,0,C,True,False,False,False,0
8206,5,6,clean,stalled,majority,C,2,5,C,True,False,False,False,0
8206,5,6,clean,stalled,fixed-two,C,3,10,C,True,False,False,False,0
8206,5,6,clean,stalled,fixed-three,,6,25,C,False,False,True,False,0.5
8206,5,6,clean,stalled,adaptive,C,6,25,C,True,False,False,False,0
8206,5,6,clean,stalled,deadline-vote,C,6,25,C,True,False,False,False,0
8206,5,6,clean,stalled,central-deadline,C,6,1,C,True,False,False,False,0
8206,5,6,clean,stalled,symbolic-deadline,C,6,0,C,True,False,False,False,0
8206,5,6,copies,late,majority,C,2,5,C,True,False,False,False,0
8206,5,6,copies,late,fixed-two,C,3,10,C,True,False,False,False,0
8206,5,6,copies,late,fixed-three,C,5,20,C,True,False,False,False,0
8206,5,6,copies,late,adaptive,C,5,20,C,True,False,False,False,0
8206,5,6,copies,late,deadline-vote,C,6,25,C,True,False,False,False,0
8206,5,6,copies,late,central-deadline,C,6,1,C,True,False,False,False,0
8206,5,6,copies,late,symbolic-deadline,C,6,0,C,True,False,False,False,0
8206,5,6,copies,stalled,majority,C,2,5,C,True,False,False,False,0
8206,5,6,copies,stalled,fixed-two,C,3,10,C,True,False,False,False,0
8206,5,6,copies,stalled,fixed-three,,6,25,C,False,False,True,False,0.5
8206,5,6,copies,stalled,adaptive,C,6,25,C,True,False,False,False,0
8206,5,6,copies,stalled,deadline-vote,C,6,25,C,True,False,False,False,0
8206,5,6,copies,stalled,central-deadline,C,6,1,C,True,False,False,False,0
8206,5,6,copies,stalled,symbolic-deadline,C,6,0,C,True,False,False,False,0
8206,5,6,early-wrong,late,majority,B,2,5,C,False,True,False,False,1
8206,5,6,early-wrong,late,fixed-two,B,3,10,C,False,True,False,False,1
8206,5,6,early-wrong,late,fixed-three,,6,25,C,False,False,True,False,0.5
8206,5,6,early-wrong,late,adaptive,C,6,25,C,True,False,False,False,0
8206,5,6,early-wrong,late,deadline-vote,C,6,25,C,True,False,False,False,0
8206,5,6,early-wrong,late,central-deadline,C,6,1,C,True,False,False,False,0
8206,5,6,early-wrong,late,symbolic-deadline,C,6,0,C,True,False,False,False,0
8206,5,6,early-wrong,stalled,majority,B,2,5,C,False,True,False,False,1
8206,5,6,early-wrong,stalled,fixed-two,B,3,10,C,False,True,False,False,1
8206,5,6,early-wrong,stalled,fixed-three,,6,25,C,False,False,True,False,0.5
8206,5,6,early-wrong,stalled,adaptive,B,6,25,C,False,True,False,False,1
8206,5,6,early-wrong,stalled,deadline-vote,B,6,25,C,False,True,False,False,1
8206,5,6,early-wrong,stalled,central-deadline,B,6,1,C,False,True,False,False,1
8206,5,6,early-wrong,stalled,symbolic-deadline,B,6,0,C,False,True,False,False,1
8206,5,6,late-wrong,late,majority,C,2,5,C,True,False,False,False,0
8206,5,6,late-wrong,late,fixed-two,C,3,10,C,True,False,False,False,0
8206,5,6,late-wrong,late,fixed-three,,6,25,C,False,False,True,False,0.5
8206,5,6,late-wrong,late,adaptive,B,6,25,C,False,True,False,False,1
8206,5,6,late-wrong,late,deadline-vote,B,6,25,C,False,True,False,False,1
8206,5,6,late-wrong,late,central-deadline,B,6,1,C,False,True,False,False,1
8206,5,6,late-wrong,late,symbolic-deadline,B,6,0,C,False,True,False,False,1
8206,5,6,late-wrong,stalled,majority,C,2,5,C,True,False,False,False,0
8206,5,6,late-wrong,stalled,fixed-two,C,3,10,C,True,False,False,False,0
8206,5,6,late-wrong,stalled,fixed-three,,6,25,C,False,False,True,False,0.5
8206,5,6,late-wrong,stalled,adaptive,C,6,25,C,True,False,False,False,0
8206,5,6,late-wrong,stalled,deadline-vote,C,6,25,C,True,False,False,False,0
8206,5,6,late-wrong,stalled,central-deadline,C,6,1,C,True,False,False,False,0
8206,5,6,late-wrong,stalled,symbolic-deadline,C,6,0,C,True,False,False,False,0
8206,9,3,clean,late,majority,C,2,9,C,True,False,False,False,0
8206,9,3,clean,late,fixed-two,C,3,18,C,True,False,False,False,0
8206,9,3,clean,late,fixed-three,,3,18,C,False,False,True,False,0.5
8206,9,3,clean,late,adaptive,C,3,18,C,True,False,False,False,0
8206,9,3,clean,late,deadline-vote,C,3,18,C,True,False,False,False,0
8206,9,3,clean,late,central-deadline,C,3,1,C,True,False,False,False,0
8206,9,3,clean,late,symbolic-deadline,C,3,0,C,True,False,False,False,0
8206,9,3,clean,stalled,majority,C,2,9,C,True,False,False,False,0
8206,9,3,clean,stalled,fixed-two,C,3,18,C,True,False,False,False,0
8206,9,3,clean,stalled,fixed-three,,3,18,C,False,False,True,False,0.5
8206,9,3,clean,stalled,adaptive,C,3,18,C,True,False,False,False,0
8206,9,3,clean,stalled,deadline-vote,C,3,18,C,True,False,False,False,0
8206,9,3,clean,stalled,central-deadline,C,3,1,C,True,False,False,False,0
8206,9,3,clean,stalled,symbolic-deadline,C,3,0,C,True,False,False,False,0
8206,9,3,copies,late,majority,C,2,9,C,True,False,False,False,0
8206,9,3,copies,late,fixed-two,C,3,18,C,True,False,False,False,0
8206,9,3,copies,late,fixed-three,,3,18,C,False,False,True,False,0.5
8206,9,3,copies,late,adaptive,C,3,18,C,True,False,False,False,0
8206,9,3,copies,late,deadline-vote,C,3,18,C,True,False,False,False,0
8206,9,3,copies,late,central-deadline,C,3,1,C,True,False,False,False,0
8206,9,3,copies,late,symbolic-deadline,C,3,0,C,True,False,False,False,0
8206,9,3,copies,stalled,majority,C,2,9,C,True,False,False,False,0
8206,9,3,copies,stalled,fixed-two,C,3,18,C,True,False,False,False,0
8206,9,3,copies,stalled,fixed-three,,3,18,C,False,False,True,False,0.5
8206,9,3,copies,stalled,adaptive,C,3,18,C,True,False,False,False,0
8206,9,3,copies,stalled,deadline-vote,C,3,18,C,True,False,False,False,0
8206,9,3,copies,stalled,central-deadline,C,3,1,C,True,False,False,False,0
8206,9,3,copies,stalled,symbolic-deadline,C,3,0,C,True,False,False,False,0
8206,9,3,early-wrong,late,majority,B,2,9,C,False,True,False,False,1
8206,9,3,early-wrong,late,fixed-two,B,3,18,C,False,True,False,False,1
8206,9,3,early-wrong,late,fixed-three,,3,18,C,False,False,True,False,0.5
8206,9,3,early-wrong,late,adaptive,B,3,18,C,False,True,False,False,1
8206,9,3,early-wrong,late,deadline-vote,B,3,18,C,False,True,False,False,1
8206,9,3,early-wrong,late,central-deadline,B,3,1,C,False,True,False,False,1
8206,9,3,early-wrong,late,symbolic-deadline,B,3,0,C,False,True,False,False,1
8206,9,3,early-wrong,stalled,majority,B,2,9,C,False,True,False,False,1
8206,9,3,early-wrong,stalled,fixed-two,B,3,18,C,False,True,False,False,1
8206,9,3,early-wrong,stalled,fixed-three,,3,18,C,False,False,True,False,0.5
8206,9,3,early-wrong,stalled,adaptive,B,3,18,C,False,True,False,False,1
8206,9,3,early-wrong,stalled,deadline-vote,B,3,18,C,False,True,False,False,1
8206,9,3,early-wrong,stalled,central-deadline,B,3,1,C,False,True,False,False,1
8206,9,3,early-wrong,stalled,symbolic-deadline,B,3,0,C,False,True,False,False,1
8206,9,3,late-wrong,late,majority,C,2,9,C,True,False,False,False,0
8206,9,3,late-wrong,late,fixed-two,C,3,18,C,True,False,False,False,0
8206,9,3,late-wrong,late,fixed-three,,3,18,C,False,False,True,False,0.5
8206,9,3,late-wrong,late,adaptive,C,3,18,C,True,False,False,False,0
8206,9,3,late-wrong,late,deadline-vote,C,3,18,C,True,False,False,False,0
8206,9,3,late-wrong,late,central-deadline,C,3,1,C,True,False,False,False,0
8206,9,3,late-wrong,late,symbolic-deadline,C,3,0,C,True,False,False,False,0
8206,9,3,late-wrong,stalled,majority,C,2,9,C,True,False,False,False,0
8206,9,3,late-wrong,stalled,fixed-two,C,3,18,C,True,False,False,False,0
8206,9,3,late-wrong,stalled,fixed-three,,3,18,C,False,False,True,False,0.5
8206,9,3,late-wrong,stalled,adaptive,C,3,18,C,True,False,False,False,0
8206,9,3,late-wrong,stalled,deadline-vote,C,3,18,C,True,False,False,False,0
8206,9,3,late-wrong,stalled,central-deadline,C,3,1,C,True,False,False,False,0
8206,9,3,late-wrong,stalled,symbolic-deadline,C,3,0,C,True,False,False,False,0
8206,9,6,clean,late,majority,C,2,9,C,True,False,False,False,0
8206,9,6,clean,late,fixed-two,C,3,18,C,True,False,False,False,0
8206,9,6,clean,late,fixed-three,C,5,36,C,True,False,False,False,0
8206,9,6,clean,late,adaptive,C,5,36,C,True,False,False,False,0
8206,9,6,clean,late,deadline-vote,C,6,45,C,True,False,False,False,0
8206,9,6,clean,late,central-deadline,C,6,1,C,True,False,False,False,0
8206,9,6,clean,late,symbolic-deadline,C,6,0,C,True,False,False,False,0
8206,9,6,clean,stalled,majority,C,2,9,C,True,False,False,False,0
8206,9,6,clean,stalled,fixed-two,C,3,18,C,True,False,False,False,0
8206,9,6,clean,stalled,fixed-three,,6,45,C,False,False,True,False,0.5
8206,9,6,clean,stalled,adaptive,C,6,45,C,True,False,False,False,0
8206,9,6,clean,stalled,deadline-vote,C,6,45,C,True,False,False,False,0
8206,9,6,clean,stalled,central-deadline,C,6,1,C,True,False,False,False,0
8206,9,6,clean,stalled,symbolic-deadline,C,6,0,C,True,False,False,False,0
8206,9,6,copies,late,majority,C,2,9,C,True,False,False,False,0
8206,9,6,copies,late,fixed-two,C,3,18,C,True,False,False,False,0
8206,9,6,copies,late,fixed-three,C,5,36,C,True,False,False,False,0
8206,9,6,copies,late,adaptive,C,5,36,C,True,False,False,False,0
8206,9,6,copies,late,deadline-vote,C,6,45,C,True,False,False,False,0
8206,9,6,copies,late,central-deadline,C,6,1,C,True,False,False,False,0
8206,9,6,copies,late,symbolic-deadline,C,6,0,C,True,False,False,False,0
8206,9,6,copies,stalled,majority,C,2,9,C,True,False,False,False,0
8206,9,6,copies,stalled,fixed-two,C,3,18,C,True,False,False,False,0
8206,9,6,copies,stalled,fixed-three,,6,45,C,False,False,True,False,0.5
8206,9,6,copies,stalled,adaptive,C,6,45,C,True,False,False,False,0
8206,9,6,copies,stalled,deadline-vote,C,6,45,C,True,False,False,False,0
8206,9,6,copies,stalled,central-deadline,C,6,1,C,True,False,False,False,0
8206,9,6,copies,stalled,symbolic-deadline,C,6,0,C,True,False,False,False,0
8206,9,6,early-wrong,late,majority,B,2,9,C,False,True,False,False,1
8206,9,6,early-wrong,late,fixed-two,B,3,18,C,False,True,False,False,1
8206,9,6,early-wrong,late,fixed-three,,6,45,C,False,False,True,False,0.5
8206,9,6,early-wrong,late,adaptive,C,6,45,C,True,False,False,False,0
8206,9,6,early-wrong,late,deadline-vote,C,6,45,C,True,False,False,False,0
8206,9,6,early-wrong,late,central-deadline,C,6,1,C,True,False,False,False,0
8206,9,6,early-wrong,late,symbolic-deadline,C,6,0,C,True,False,False,False,0
8206,9,6,early-wrong,stalled,majority,B,2,9,C,False,True,False,False,1
8206,9,6,early-wrong,stalled,fixed-two,B,3,18,C,False,True,False,False,1
8206,9,6,early-wrong,stalled,fixed-three,,6,45,C,False,False,True,False,0.5
8206,9,6,early-wrong,stalled,adaptive,B,6,45,C,False,True,False,False,1
8206,9,6,early-wrong,stalled,deadline-vote,B,6,45,C,False,True,False,False,1
8206,9,6,early-wrong,stalled,central-deadline,B,6,1,C,False,True,False,False,1
8206,9,6,early-wrong,stalled,symbolic-deadline,B,6,0,C,False,True,False,False,1
8206,9,6,late-wrong,late,majority,C,2,9,C,True,False,False,False,0
8206,9,6,late-wrong,late,fixed-two,C,3,18,C,True,False,False,False,0
8206,9,6,late-wrong,late,fixed-three,,6,45,C,False,False,True,False,0.5
8206,9,6,late-wrong,late,adaptive,B,6,45,C,False,True,False,False,1
8206,9,6,late-wrong,late,deadline-vote,B,6,45,C,False,True,False,False,1
8206,9,6,late-wrong,late,central-deadline,B,6,1,C,False,True,False,False,1
8206,9,6,late-wrong,late,symbolic-deadline,B,6,0,C,False,True,False,False,1
8206,9,6,late-wrong,stalled,majority,C,2,9,C,True,False,False,False,0
8206,9,6,late-wrong,stalled,fixed-two,C,3,18,C,True,False,False,False,0
8206,9,6,late-wrong,stalled,fixed-three,,6,45,C,False,False,True,False,0.5
8206,9,6,late-wrong,stalled,adaptive,C,6,45,C,True,False,False,False,0
8206,9,6,late-wrong,stalled,deadline-vote,C,6,45,C,True,False,False,False,0
8206,9,6,late-wrong,stalled,central-deadline,C,6,1,C,True,False,False,False,0
8206,9,6,late-wrong,stalled,symbolic-deadline,C,6,0,C,True,False,False,False,0
8207,5,3,clean,late,majority,NONE,2,5,NONE,True,False,False,False,0
8207,5,3,clean,late,fixed-two,NONE,3,10,NONE,True,False,False,False,0
8207,5,3,clean,late,fixed-three,,3,10,NONE,False,False,True,False,0.5
8207,5,3,clean,late,adaptive,NONE,3,10,NONE,True,False,False,False,0
8207,5,3,clean,late,deadline-vote,NONE,3,10,NONE,True,False,False,False,0
8207,5,3,clean,late,central-deadline,NONE,3,1,NONE,True,False,False,False,0
8207,5,3,clean,late,symbolic-deadline,NONE,3,0,NONE,True,False,False,False,0
8207,5,3,clean,stalled,majority,NONE,2,5,NONE,True,False,False,False,0
8207,5,3,clean,stalled,fixed-two,NONE,3,10,NONE,True,False,False,False,0
8207,5,3,clean,stalled,fixed-three,,3,10,NONE,False,False,True,False,0.5
8207,5,3,clean,stalled,adaptive,NONE,3,10,NONE,True,False,False,False,0
8207,5,3,clean,stalled,deadline-vote,NONE,3,10,NONE,True,False,False,False,0
8207,5,3,clean,stalled,central-deadline,NONE,3,1,NONE,True,False,False,False,0
8207,5,3,clean,stalled,symbolic-deadline,NONE,3,0,NONE,True,False,False,False,0
8207,5,3,copies,late,majority,NONE,2,5,NONE,True,False,False,False,0
8207,5,3,copies,late,fixed-two,NONE,3,10,NONE,True,False,False,False,0
8207,5,3,copies,late,fixed-three,,3,10,NONE,False,False,True,False,0.5
8207,5,3,copies,late,adaptive,NONE,3,10,NONE,True,False,False,False,0
8207,5,3,copies,late,deadline-vote,NONE,3,10,NONE,True,False,False,False,0
8207,5,3,copies,late,central-deadline,NONE,3,1,NONE,True,False,False,False,0
8207,5,3,copies,late,symbolic-deadline,NONE,3,0,NONE,True,False,False,False,0
8207,5,3,copies,stalled,majority,NONE,2,5,NONE,True,False,False,False,0
8207,5,3,copies,stalled,fixed-two,NONE,3,10,NONE,True,False,False,False,0
8207,5,3,copies,stalled,fixed-three,,3,10,NONE,False,False,True,False,0.5
8207,5,3,copies,stalled,adaptive,NONE,3,10,NONE,True,False,False,False,0
8207,5,3,copies,stalled,deadline-vote,NONE,3,10,NONE,True,False,False,False,0
8207,5,3,copies,stalled,central-deadline,NONE,3,1,NONE,True,False,False,False,0
8207,5,3,copies,stalled,symbolic-deadline,NONE,3,0,NONE,True,False,False,False,0
8207,5,3,early-wrong,late,majority,B,2,5,NONE,False,True,False,False,1
8207,5,3,early-wrong,late,fixed-two,B,3,10,NONE,False,True,False,False,1
8207,5,3,early-wrong,late,fixed-three,,3,10,NONE,False,False,True,False,0.5
8207,5,3,early-wrong,late,adaptive,B,3,10,NONE,False,True,False,False,1
8207,5,3,early-wrong,late,deadline-vote,B,3,10,NONE,False,True,False,False,1
8207,5,3,early-wrong,late,central-deadline,B,3,1,NONE,False,True,False,False,1
8207,5,3,early-wrong,late,symbolic-deadline,B,3,0,NONE,False,True,False,False,1
8207,5,3,early-wrong,stalled,majority,B,2,5,NONE,False,True,False,False,1
8207,5,3,early-wrong,stalled,fixed-two,B,3,10,NONE,False,True,False,False,1
8207,5,3,early-wrong,stalled,fixed-three,,3,10,NONE,False,False,True,False,0.5
8207,5,3,early-wrong,stalled,adaptive,B,3,10,NONE,False,True,False,False,1
8207,5,3,early-wrong,stalled,deadline-vote,B,3,10,NONE,False,True,False,False,1
8207,5,3,early-wrong,stalled,central-deadline,B,3,1,NONE,False,True,False,False,1
8207,5,3,early-wrong,stalled,symbolic-deadline,B,3,0,NONE,False,True,False,False,1
8207,5,3,late-wrong,late,majority,NONE,2,5,NONE,True,False,False,False,0
8207,5,3,late-wrong,late,fixed-two,NONE,3,10,NONE,True,False,False,False,0
8207,5,3,late-wrong,late,fixed-three,,3,10,NONE,False,False,True,False,0.5
8207,5,3,late-wrong,late,adaptive,NONE,3,10,NONE,True,False,False,False,0
8207,5,3,late-wrong,late,deadline-vote,NONE,3,10,NONE,True,False,False,False,0
8207,5,3,late-wrong,late,central-deadline,NONE,3,1,NONE,True,False,False,False,0
8207,5,3,late-wrong,late,symbolic-deadline,NONE,3,0,NONE,True,False,False,False,0
8207,5,3,late-wrong,stalled,majority,NONE,2,5,NONE,True,False,False,False,0
8207,5,3,late-wrong,stalled,fixed-two,NONE,3,10,NONE,True,False,False,False,0
8207,5,3,late-wrong,stalled,fixed-three,,3,10,NONE,False,False,True,False,0.5
8207,5,3,late-wrong,stalled,adaptive,NONE,3,10,NONE,True,False,False,False,0
8207,5,3,late-wrong,stalled,deadline-vote,NONE,3,10,NONE,True,False,False,False,0
8207,5,3,late-wrong,stalled,central-deadline,NONE,3,1,NONE,True,False,False,False,0
8207,5,3,late-wrong,stalled,symbolic-deadline,NONE,3,0,NONE,True,False,False,False,0
8207,5,6,clean,late,majority,NONE,2,5,NONE,True,False,False,False,0
8207,5,6,clean,late,fixed-two,NONE,3,10,NONE,True,False,False,False,0
8207,5,6,clean,late,fixed-three,NONE,5,20,NONE,True,False,False,False,0
8207,5,6,clean,late,adaptive,NONE,5,20,NONE,True,False,False,False,0
8207,5,6,clean,late,deadline-vote,NONE,6,25,NONE,True,False,False,False,0
8207,5,6,clean,late,central-deadline,NONE,6,1,NONE,True,False,False,False,0
8207,5,6,clean,late,symbolic-deadline,NONE,6,0,NONE,True,False,False,False,0
8207,5,6,clean,stalled,majority,NONE,2,5,NONE,True,False,False,False,0
8207,5,6,clean,stalled,fixed-two,NONE,3,10,NONE,True,False,False,False,0
8207,5,6,clean,stalled,fixed-three,,6,25,NONE,False,False,True,False,0.5
8207,5,6,clean,stalled,adaptive,NONE,6,25,NONE,True,False,False,False,0
8207,5,6,clean,stalled,deadline-vote,NONE,6,25,NONE,True,False,False,False,0
8207,5,6,clean,stalled,central-deadline,NONE,6,1,NONE,True,False,False,False,0
8207,5,6,clean,stalled,symbolic-deadline,NONE,6,0,NONE,True,False,False,False,0
8207,5,6,copies,late,majority,NONE,2,5,NONE,True,False,False,False,0
8207,5,6,copies,late,fixed-two,NONE,3,10,NONE,True,False,False,False,0
8207,5,6,copies,late,fixed-three,NONE,5,20,NONE,True,False,False,False,0
8207,5,6,copies,late,adaptive,NONE,5,20,NONE,True,False,False,False,0
8207,5,6,copies,late,deadline-vote,NONE,6,25,NONE,True,False,False,False,0
8207,5,6,copies,late,central-deadline,NONE,6,1,NONE,True,False,False,False,0
8207,5,6,copies,late,symbolic-deadline,NONE,6,0,NONE,True,False,False,False,0
8207,5,6,copies,stalled,majority,NONE,2,5,NONE,True,False,False,False,0
8207,5,6,copies,stalled,fixed-two,NONE,3,10,NONE,True,False,False,False,0
8207,5,6,copies,stalled,fixed-three,,6,25,NONE,False,False,True,False,0.5
8207,5,6,copies,stalled,adaptive,NONE,6,25,NONE,True,False,False,False,0
8207,5,6,copies,stalled,deadline-vote,NONE,6,25,NONE,True,False,False,False,0
8207,5,6,copies,stalled,central-deadline,NONE,6,1,NONE,True,False,False,False,0
8207,5,6,copies,stalled,symbolic-deadline,NONE,6,0,NONE,True,False,False,False,0
8207,5,6,early-wrong,late,majority,B,2,5,NONE,False,True,False,False,1
8207,5,6,early-wrong,late,fixed-two,B,3,10,NONE,False,True,False,False,1
8207,5,6,early-wrong,late,fixed-three,,6,25,NONE,False,False,True,False,0.5
8207,5,6,early-wrong,late,adaptive,NONE,6,25,NONE,True,False,False,False,0
8207,5,6,early-wrong,late,deadline-vote,NONE,6,25,NONE,True,False,False,False,0
8207,5,6,early-wrong,late,central-deadline,NONE,6,1,NONE,True,False,False,False,0
8207,5,6,early-wrong,late,symbolic-deadline,NONE,6,0,NONE,True,False,False,False,0
8207,5,6,early-wrong,stalled,majority,B,2,5,NONE,False,True,False,False,1
8207,5,6,early-wrong,stalled,fixed-two,B,3,10,NONE,False,True,False,False,1
8207,5,6,early-wrong,stalled,fixed-three,,6,25,NONE,False,False,True,False,0.5
8207,5,6,early-wrong,stalled,adaptive,B,6,25,NONE,False,True,False,False,1
8207,5,6,early-wrong,stalled,deadline-vote,B,6,25,NONE,False,True,False,False,1
8207,5,6,early-wrong,stalled,central-deadline,B,6,1,NONE,False,True,False,False,1
8207,5,6,early-wrong,stalled,symbolic-deadline,B,6,0,NONE,False,True,False,False,1
8207,5,6,late-wrong,late,majority,NONE,2,5,NONE,True,False,False,False,0
8207,5,6,late-wrong,late,fixed-two,NONE,3,10,NONE,True,False,False,False,0
8207,5,6,late-wrong,late,fixed-three,,6,25,NONE,False,False,True,False,0.5
8207,5,6,late-wrong,late,adaptive,B,6,25,NONE,False,True,False,False,1
8207,5,6,late-wrong,late,deadline-vote,B,6,25,NONE,False,True,False,False,1
8207,5,6,late-wrong,late,central-deadline,B,6,1,NONE,False,True,False,False,1
8207,5,6,late-wrong,late,symbolic-deadline,B,6,0,NONE,False,True,False,False,1
8207,5,6,late-wrong,stalled,majority,NONE,2,5,NONE,True,False,False,False,0
8207,5,6,late-wrong,stalled,fixed-two,NONE,3,10,NONE,True,False,False,False,0
8207,5,6,late-wrong,stalled,fixed-three,,6,25,NONE,False,False,True,False,0.5
8207,5,6,late-wrong,stalled,adaptive,NONE,6,25,NONE,True,False,False,False,0
8207,5,6,late-wrong,stalled,deadline-vote,NONE,6,25,NONE,True,False,False,False,0
8207,5,6,late-wrong,stalled,central-deadline,NONE,6,1,NONE,True,False,False,False,0
8207,5,6,late-wrong,stalled,symbolic-deadline,NONE,6,0,NONE,True,False,False,False,0
8207,9,3,clean,late,majority,NONE,2,9,NONE,True,False,False,False,0
8207,9,3,clean,late,fixed-two,NONE,3,18,NONE,True,False,False,False,0
8207,9,3,clean,late,fixed-three,,3,18,NONE,False,False,True,False,0.5
8207,9,3,clean,late,adaptive,NONE,3,18,NONE,True,False,False,False,0
8207,9,3,clean,late,deadline-vote,NONE,3,18,NONE,True,False,False,False,0
8207,9,3,clean,late,central-deadline,NONE,3,1,NONE,True,False,False,False,0
8207,9,3,clean,late,symbolic-deadline,NONE,3,0,NONE,True,False,False,False,0
8207,9,3,clean,stalled,majority,NONE,2,9,NONE,True,False,False,False,0
8207,9,3,clean,stalled,fixed-two,NONE,3,18,NONE,True,False,False,False,0
8207,9,3,clean,stalled,fixed-three,,3,18,NONE,False,False,True,False,0.5
8207,9,3,clean,stalled,adaptive,NONE,3,18,NONE,True,False,False,False,0
8207,9,3,clean,stalled,deadline-vote,NONE,3,18,NONE,True,False,False,False,0
8207,9,3,clean,stalled,central-deadline,NONE,3,1,NONE,True,False,False,False,0
8207,9,3,clean,stalled,symbolic-deadline,NONE,3,0,NONE,True,False,False,False,0
8207,9,3,copies,late,majority,NONE,2,9,NONE,True,False,False,False,0
8207,9,3,copies,late,fixed-two,NONE,3,18,NONE,True,False,False,False,0
8207,9,3,copies,late,fixed-three,,3,18,NONE,False,False,True,False,0.5
8207,9,3,copies,late,adaptive,NONE,3,18,NONE,True,False,False,False,0
8207,9,3,copies,late,deadline-vote,NONE,3,18,NONE,True,False,False,False,0
8207,9,3,copies,late,central-deadline,NONE,3,1,NONE,True,False,False,False,0
8207,9,3,copies,late,symbolic-deadline,NONE,3,0,NONE,True,False,False,False,0
8207,9,3,copies,stalled,majority,NONE,2,9,NONE,True,False,False,False,0
8207,9,3,copies,stalled,fixed-two,NONE,3,18,NONE,True,False,False,False,0
8207,9,3,copies,stalled,fixed-three,,3,18,NONE,False,False,True,False,0.5
8207,9,3,copies,stalled,adaptive,NONE,3,18,NONE,True,False,False,False,0
8207,9,3,copies,stalled,deadline-vote,NONE,3,18,NONE,True,False,False,False,0
8207,9,3,copies,stalled,central-deadline,NONE,3,1,NONE,True,False,False,False,0
8207,9,3,copies,stalled,symbolic-deadline,NONE,3,0,NONE,True,False,False,False,0
8207,9,3,early-wrong,late,majority,B,2,9,NONE,False,True,False,False,1
8207,9,3,early-wrong,late,fixed-two,B,3,18,NONE,False,True,False,False,1
8207,9,3,early-wrong,late,fixed-three,,3,18,NONE,False,False,True,False,0.5
8207,9,3,early-wrong,late,adaptive,B,3,18,NONE,False,True,False,False,1
8207,9,3,early-wrong,late,deadline-vote,B,3,18,NONE,False,True,False,False,1
8207,9,3,early-wrong,late,central-deadline,B,3,1,NONE,False,True,False,False,1
8207,9,3,early-wrong,late,symbolic-deadline,B,3,0,NONE,False,True,False,False,1
8207,9,3,early-wrong,stalled,majority,B,2,9,NONE,False,True,False,False,1
8207,9,3,early-wrong,stalled,fixed-two,B,3,18,NONE,False,True,False,False,1
8207,9,3,early-wrong,stalled,fixed-three,,3,18,NONE,False,False,True,False,0.5
8207,9,3,early-wrong,stalled,adaptive,B,3,18,NONE,False,True,False,False,1
8207,9,3,early-wrong,stalled,deadline-vote,B,3,18,NONE,False,True,False,False,1
8207,9,3,early-wrong,stalled,central-deadline,B,3,1,NONE,False,True,False,False,1
8207,9,3,early-wrong,stalled,symbolic-deadline,B,3,0,NONE,False,True,False,False,1
8207,9,3,late-wrong,late,majority,NONE,2,9,NONE,True,False,False,False,0
8207,9,3,late-wrong,late,fixed-two,NONE,3,18,NONE,True,False,False,False,0
8207,9,3,late-wrong,late,fixed-three,,3,18,NONE,False,False,True,False,0.5
8207,9,3,late-wrong,late,adaptive,NONE,3,18,NONE,True,False,False,False,0
8207,9,3,late-wrong,late,deadline-vote,NONE,3,18,NONE,True,False,False,False,0
8207,9,3,late-wrong,late,central-deadline,NONE,3,1,NONE,True,False,False,False,0
8207,9,3,late-wrong,late,symbolic-deadline,NONE,3,0,NONE,True,False,False,False,0
8207,9,3,late-wrong,stalled,majority,NONE,2,9,NONE,True,False,False,False,0
8207,9,3,late-wrong,stalled,fixed-two,NONE,3,18,NONE,True,False,False,False,0
8207,9,3,late-wrong,stalled,fixed-three,,3,18,NONE,False,False,True,False,0.5
8207,9,3,late-wrong,stalled,adaptive,NONE,3,18,NONE,True,False,False,False,0
8207,9,3,late-wrong,stalled,deadline-vote,NONE,3,18,NONE,True,False,False,False,0
8207,9,3,late-wrong,stalled,central-deadline,NONE,3,1,NONE,True,False,False,False,0
8207,9,3,late-wrong,stalled,symbolic-deadline,NONE,3,0,NONE,True,False,False,False,0
8207,9,6,clean,late,majority,NONE,2,9,NONE,True,False,False,False,0
8207,9,6,clean,late,fixed-two,NONE,3,18,NONE,True,False,False,False,0
8207,9,6,clean,late,fixed-three,NONE,5,36,NONE,True,False,False,False,0
8207,9,6,clean,late,adaptive,NONE,5,36,NONE,True,False,False,False,0
8207,9,6,clean,late,deadline-vote,NONE,6,45,NONE,True,False,False,False,0
8207,9,6,clean,late,central-deadline,NONE,6,1,NONE,True,False,False,False,0
8207,9,6,clean,late,symbolic-deadline,NONE,6,0,NONE,True,False,False,False,0
8207,9,6,clean,stalled,majority,NONE,2,9,NONE,True,False,False,False,0
8207,9,6,clean,stalled,fixed-two,NONE,3,18,NONE,True,False,False,False,0
8207,9,6,clean,stalled,fixed-three,,6,45,NONE,False,False,True,False,0.5
8207,9,6,clean,stalled,adaptive,NONE,6,45,NONE,True,False,False,False,0
8207,9,6,clean,stalled,deadline-vote,NONE,6,45,NONE,True,False,False,False,0
8207,9,6,clean,stalled,central-deadline,NONE,6,1,NONE,True,False,False,False,0
8207,9,6,clean,stalled,symbolic-deadline,NONE,6,0,NONE,True,False,False,False,0
8207,9,6,copies,late,majority,NONE,2,9,NONE,True,False,False,False,0
8207,9,6,copies,late,fixed-two,NONE,3,18,NONE,True,False,False,False,0
8207,9,6,copies,late,fixed-three,NONE,5,36,NONE,True,False,False,False,0
8207,9,6,copies,late,adaptive,NONE,5,36,NONE,True,False,False,False,0
8207,9,6,copies,late,deadline-vote,NONE,6,45,NONE,True,False,False,False,0
8207,9,6,copies,late,central-deadline,NONE,6,1,NONE,True,False,False,False,0
8207,9,6,copies,late,symbolic-deadline,NONE,6,0,NONE,True,False,False,False,0
8207,9,6,copies,stalled,majority,NONE,2,9,NONE,True,False,False,False,0
8207,9,6,copies,stalled,fixed-two,NONE,3,18,NONE,True,False,False,False,0
8207,9,6,copies,stalled,fixed-three,,6,45,NONE,False,False,True,False,0.5
8207,9,6,copies,stalled,adaptive,NONE,6,45,NONE,True,False,False,False,0
8207,9,6,copies,stalled,deadline-vote,NONE,6,45,NONE,True,False,False,False,0
8207,9,6,copies,stalled,central-deadline,NONE,6,1,NONE,True,False,False,False,0
8207,9,6,copies,stalled,symbolic-deadline,NONE,6,0,NONE,True,False,False,False,0
8207,9,6,early-wrong,late,majority,B,2,9,NONE,False,True,False,False,1
8207,9,6,early-wrong,late,fixed-two,B,3,18,NONE,False,True,False,False,1
8207,9,6,early-wrong,late,fixed-three,,6,45,NONE,False,False,True,False,0.5
8207,9,6,early-wrong,late,adaptive,NONE,6,45,NONE,True,False,False,False,0
8207,9,6,early-wrong,late,deadline-vote,NONE,6,45,NONE,True,False,False,False,0
8207,9,6,early-wrong,late,central-deadline,NONE,6,1,NONE,True,False,False,False,0
8207,9,6,early-wrong,late,symbolic-deadline,NONE,6,0,NONE,True,False,False,False,0
8207,9,6,early-wrong,stalled,majority,B,2,9,NONE,False,True,False,False,1
8207,9,6,early-wrong,stalled,fixed-two,B,3,18,NONE,False,True,False,False,1
8207,9,6,early-wrong,stalled,fixed-three,,6,45,NONE,False,False,True,False,0.5
8207,9,6,early-wrong,stalled,adaptive,B,6,45,NONE,False,True,False,False,1
8207,9,6,early-wrong,stalled,deadline-vote,B,6,45,NONE,False,True,False,False,1
8207,9,6,early-wrong,stalled,central-deadline,B,6,1,NONE,False,True,False,False,1
8207,9,6,early-wrong,stalled,symbolic-deadline,B,6,0,NONE,False,True,False,False,1
8207,9,6,late-wrong,late,majority,NONE,2,9,NONE,True,False,False,False,0
8207,9,6,late-wrong,late,fixed-two,NONE,3,18,NONE,True,False,False,False,0
8207,9,6,late-wrong,late,fixed-three,,6,45,NONE,False,False,True,False,0.5
8207,9,6,late-wrong,late,adaptive,B,6,45,NONE,False,True,False,False,1
8207,9,6,late-wrong,late,deadline-vote,B,6,45,NONE,False,True,False,False,1
8207,9,6,late-wrong,late,central-deadline,B,6,1,NONE,False,True,False,False,1
8207,9,6,late-wrong,late,symbolic-deadline,B,6,0,NONE,False,True,False,False,1
8207,9,6,late-wrong,stalled,majority,NONE,2,9,NONE,True,False,False,False,0
8207,9,6,late-wrong,stalled,fixed-two,NONE,3,18,NONE,True,False,False,False,0
8207,9,6,late-wrong,stalled,fixed-three,,6,45,NONE,False,False,True,False,0.5
8207,9,6,late-wrong,stalled,adaptive,NONE,6,45,NONE,True,False,False,False,0
8207,9,6,late-wrong,stalled,deadline-vote,NONE,6,45,NONE,True,False,False,False,0
8207,9,6,late-wrong,stalled,central-deadline,NONE,6,1,NONE,True,False,False,False,0
8207,9,6,late-wrong,stalled,symbolic-deadline,NONE,6,0,NONE,True,False,False,False,0
8208,5,3,clean,late,majority,A,2,5,A,True,False,False,False,0
8208,5,3,clean,late,fixed-two,A,3,10,A,True,False,False,False,0
8208,5,3,clean,late,fixed-three,,3,10,A,False,False,True,False,0.5
8208,5,3,clean,late,adaptive,A,3,10,A,True,False,False,False,0
8208,5,3,clean,late,deadline-vote,A,3,10,A,True,False,False,False,0
8208,5,3,clean,late,central-deadline,A,3,1,A,True,False,False,False,0
8208,5,3,clean,late,symbolic-deadline,A,3,0,A,True,False,False,False,0
8208,5,3,clean,stalled,majority,A,2,5,A,True,False,False,False,0
8208,5,3,clean,stalled,fixed-two,A,3,10,A,True,False,False,False,0
8208,5,3,clean,stalled,fixed-three,,3,10,A,False,False,True,False,0.5
8208,5,3,clean,stalled,adaptive,A,3,10,A,True,False,False,False,0
8208,5,3,clean,stalled,deadline-vote,A,3,10,A,True,False,False,False,0
8208,5,3,clean,stalled,central-deadline,A,3,1,A,True,False,False,False,0
8208,5,3,clean,stalled,symbolic-deadline,A,3,0,A,True,False,False,False,0
8208,5,3,copies,late,majority,A,2,5,A,True,False,False,False,0
8208,5,3,copies,late,fixed-two,A,3,10,A,True,False,False,False,0
8208,5,3,copies,late,fixed-three,,3,10,A,False,False,True,False,0.5
8208,5,3,copies,late,adaptive,A,3,10,A,True,False,False,False,0
8208,5,3,copies,late,deadline-vote,A,3,10,A,True,False,False,False,0
8208,5,3,copies,late,central-deadline,A,3,1,A,True,False,False,False,0
8208,5,3,copies,late,symbolic-deadline,A,3,0,A,True,False,False,False,0
8208,5,3,copies,stalled,majority,A,2,5,A,True,False,False,False,0
8208,5,3,copies,stalled,fixed-two,A,3,10,A,True,False,False,False,0
8208,5,3,copies,stalled,fixed-three,,3,10,A,False,False,True,False,0.5
8208,5,3,copies,stalled,adaptive,A,3,10,A,True,False,False,False,0
8208,5,3,copies,stalled,deadline-vote,A,3,10,A,True,False,False,False,0
8208,5,3,copies,stalled,central-deadline,A,3,1,A,True,False,False,False,0
8208,5,3,copies,stalled,symbolic-deadline,A,3,0,A,True,False,False,False,0
8208,5,3,early-wrong,late,majority,C,2,5,A,False,True,False,False,1
8208,5,3,early-wrong,late,fixed-two,C,3,10,A,False,True,False,False,1
8208,5,3,early-wrong,late,fixed-three,,3,10,A,False,False,True,False,0.5
8208,5,3,early-wrong,late,adaptive,C,3,10,A,False,True,False,False,1
8208,5,3,early-wrong,late,deadline-vote,C,3,10,A,False,True,False,False,1
8208,5,3,early-wrong,late,central-deadline,C,3,1,A,False,True,False,False,1
8208,5,3,early-wrong,late,symbolic-deadline,C,3,0,A,False,True,False,False,1
8208,5,3,early-wrong,stalled,majority,C,2,5,A,False,True,False,False,1
8208,5,3,early-wrong,stalled,fixed-two,C,3,10,A,False,True,False,False,1
8208,5,3,early-wrong,stalled,fixed-three,,3,10,A,False,False,True,False,0.5
8208,5,3,early-wrong,stalled,adaptive,C,3,10,A,False,True,False,False,1
8208,5,3,early-wrong,stalled,deadline-vote,C,3,10,A,False,True,False,False,1
8208,5,3,early-wrong,stalled,central-deadline,C,3,1,A,False,True,False,False,1
8208,5,3,early-wrong,stalled,symbolic-deadline,C,3,0,A,False,True,False,False,1
8208,5,3,late-wrong,late,majority,A,2,5,A,True,False,False,False,0
8208,5,3,late-wrong,late,fixed-two,A,3,10,A,True,False,False,False,0
8208,5,3,late-wrong,late,fixed-three,,3,10,A,False,False,True,False,0.5
8208,5,3,late-wrong,late,adaptive,A,3,10,A,True,False,False,False,0
8208,5,3,late-wrong,late,deadline-vote,A,3,10,A,True,False,False,False,0
8208,5,3,late-wrong,late,central-deadline,A,3,1,A,True,False,False,False,0
8208,5,3,late-wrong,late,symbolic-deadline,A,3,0,A,True,False,False,False,0
8208,5,3,late-wrong,stalled,majority,A,2,5,A,True,False,False,False,0
8208,5,3,late-wrong,stalled,fixed-two,A,3,10,A,True,False,False,False,0
8208,5,3,late-wrong,stalled,fixed-three,,3,10,A,False,False,True,False,0.5
8208,5,3,late-wrong,stalled,adaptive,A,3,10,A,True,False,False,False,0
8208,5,3,late-wrong,stalled,deadline-vote,A,3,10,A,True,False,False,False,0
8208,5,3,late-wrong,stalled,central-deadline,A,3,1,A,True,False,False,False,0
8208,5,3,late-wrong,stalled,symbolic-deadline,A,3,0,A,True,False,False,False,0
8208,5,6,clean,late,majority,A,2,5,A,True,False,False,False,0
8208,5,6,clean,late,fixed-two,A,3,10,A,True,False,False,False,0
8208,5,6,clean,late,fixed-three,A,5,20,A,True,False,False,False,0
8208,5,6,clean,late,adaptive,A,5,20,A,True,False,False,False,0
8208,5,6,clean,late,deadline-vote,A,6,25,A,True,False,False,False,0
8208,5,6,clean,late,central-deadline,A,6,1,A,True,False,False,False,0
8208,5,6,clean,late,symbolic-deadline,A,6,0,A,True,False,False,False,0
8208,5,6,clean,stalled,majority,A,2,5,A,True,False,False,False,0
8208,5,6,clean,stalled,fixed-two,A,3,10,A,True,False,False,False,0
8208,5,6,clean,stalled,fixed-three,,6,25,A,False,False,True,False,0.5
8208,5,6,clean,stalled,adaptive,A,6,25,A,True,False,False,False,0
8208,5,6,clean,stalled,deadline-vote,A,6,25,A,True,False,False,False,0
8208,5,6,clean,stalled,central-deadline,A,6,1,A,True,False,False,False,0
8208,5,6,clean,stalled,symbolic-deadline,A,6,0,A,True,False,False,False,0
8208,5,6,copies,late,majority,A,2,5,A,True,False,False,False,0
8208,5,6,copies,late,fixed-two,A,3,10,A,True,False,False,False,0
8208,5,6,copies,late,fixed-three,A,5,20,A,True,False,False,False,0
8208,5,6,copies,late,adaptive,A,5,20,A,True,False,False,False,0
8208,5,6,copies,late,deadline-vote,A,6,25,A,True,False,False,False,0
8208,5,6,copies,late,central-deadline,A,6,1,A,True,False,False,False,0
8208,5,6,copies,late,symbolic-deadline,A,6,0,A,True,False,False,False,0
8208,5,6,copies,stalled,majority,A,2,5,A,True,False,False,False,0
8208,5,6,copies,stalled,fixed-two,A,3,10,A,True,False,False,False,0
8208,5,6,copies,stalled,fixed-three,,6,25,A,False,False,True,False,0.5
8208,5,6,copies,stalled,adaptive,A,6,25,A,True,False,False,False,0
8208,5,6,copies,stalled,deadline-vote,A,6,25,A,True,False,False,False,0
8208,5,6,copies,stalled,central-deadline,A,6,1,A,True,False,False,False,0
8208,5,6,copies,stalled,symbolic-deadline,A,6,0,A,True,False,False,False,0
8208,5,6,early-wrong,late,majority,C,2,5,A,False,True,False,False,1
8208,5,6,early-wrong,late,fixed-two,C,3,10,A,False,True,False,False,1
8208,5,6,early-wrong,late,fixed-three,,6,25,A,False,False,True,False,0.5
8208,5,6,early-wrong,late,adaptive,A,6,25,A,True,False,False,False,0
8208,5,6,early-wrong,late,deadline-vote,A,6,25,A,True,False,False,False,0
8208,5,6,early-wrong,late,central-deadline,A,6,1,A,True,False,False,False,0
8208,5,6,early-wrong,late,symbolic-deadline,A,6,0,A,True,False,False,False,0
8208,5,6,early-wrong,stalled,majority,C,2,5,A,False,True,False,False,1
8208,5,6,early-wrong,stalled,fixed-two,C,3,10,A,False,True,False,False,1
8208,5,6,early-wrong,stalled,fixed-three,,6,25,A,False,False,True,False,0.5
8208,5,6,early-wrong,stalled,adaptive,C,6,25,A,False,True,False,False,1
8208,5,6,early-wrong,stalled,deadline-vote,C,6,25,A,False,True,False,False,1
8208,5,6,early-wrong,stalled,central-deadline,C,6,1,A,False,True,False,False,1
8208,5,6,early-wrong,stalled,symbolic-deadline,C,6,0,A,False,True,False,False,1
8208,5,6,late-wrong,late,majority,A,2,5,A,True,False,False,False,0
8208,5,6,late-wrong,late,fixed-two,A,3,10,A,True,False,False,False,0
8208,5,6,late-wrong,late,fixed-three,,6,25,A,False,False,True,False,0.5
8208,5,6,late-wrong,late,adaptive,C,6,25,A,False,True,False,False,1
8208,5,6,late-wrong,late,deadline-vote,C,6,25,A,False,True,False,False,1
8208,5,6,late-wrong,late,central-deadline,C,6,1,A,False,True,False,False,1
8208,5,6,late-wrong,late,symbolic-deadline,C,6,0,A,False,True,False,False,1
8208,5,6,late-wrong,stalled,majority,A,2,5,A,True,False,False,False,0
8208,5,6,late-wrong,stalled,fixed-two,A,3,10,A,True,False,False,False,0
8208,5,6,late-wrong,stalled,fixed-three,,6,25,A,False,False,True,False,0.5
8208,5,6,late-wrong,stalled,adaptive,A,6,25,A,True,False,False,False,0
8208,5,6,late-wrong,stalled,deadline-vote,A,6,25,A,True,False,False,False,0
8208,5,6,late-wrong,stalled,central-deadline,A,6,1,A,True,False,False,False,0
8208,5,6,late-wrong,stalled,symbolic-deadline,A,6,0,A,True,False,False,False,0
8208,9,3,clean,late,majority,A,2,9,A,True,False,False,False,0
8208,9,3,clean,late,fixed-two,A,3,18,A,True,False,False,False,0
8208,9,3,clean,late,fixed-three,,3,18,A,False,False,True,False,0.5
8208,9,3,clean,late,adaptive,A,3,18,A,True,False,False,False,0
8208,9,3,clean,late,deadline-vote,A,3,18,A,True,False,False,False,0
8208,9,3,clean,late,central-deadline,A,3,1,A,True,False,False,False,0
8208,9,3,clean,late,symbolic-deadline,A,3,0,A,True,False,False,False,0
8208,9,3,clean,stalled,majority,A,2,9,A,True,False,False,False,0
8208,9,3,clean,stalled,fixed-two,A,3,18,A,True,False,False,False,0
8208,9,3,clean,stalled,fixed-three,,3,18,A,False,False,True,False,0.5
8208,9,3,clean,stalled,adaptive,A,3,18,A,True,False,False,False,0
8208,9,3,clean,stalled,deadline-vote,A,3,18,A,True,False,False,False,0
8208,9,3,clean,stalled,central-deadline,A,3,1,A,True,False,False,False,0
8208,9,3,clean,stalled,symbolic-deadline,A,3,0,A,True,False,False,False,0
8208,9,3,copies,late,majority,A,2,9,A,True,False,False,False,0
8208,9,3,copies,late,fixed-two,A,3,18,A,True,False,False,False,0
8208,9,3,copies,late,fixed-three,,3,18,A,False,False,True,False,0.5
8208,9,3,copies,late,adaptive,A,3,18,A,True,False,False,False,0
8208,9,3,copies,late,deadline-vote,A,3,18,A,True,False,False,False,0
8208,9,3,copies,late,central-deadline,A,3,1,A,True,False,False,False,0
8208,9,3,copies,late,symbolic-deadline,A,3,0,A,True,False,False,False,0
8208,9,3,copies,stalled,majority,A,2,9,A,True,False,False,False,0
8208,9,3,copies,stalled,fixed-two,A,3,18,A,True,False,False,False,0
8208,9,3,copies,stalled,fixed-three,,3,18,A,False,False,True,False,0.5
8208,9,3,copies,stalled,adaptive,A,3,18,A,True,False,False,False,0
8208,9,3,copies,stalled,deadline-vote,A,3,18,A,True,False,False,False,0
8208,9,3,copies,stalled,central-deadline,A,3,1,A,True,False,False,False,0
8208,9,3,copies,stalled,symbolic-deadline,A,3,0,A,True,False,False,False,0
8208,9,3,early-wrong,late,majority,C,2,9,A,False,True,False,False,1
8208,9,3,early-wrong,late,fixed-two,C,3,18,A,False,True,False,False,1
8208,9,3,early-wrong,late,fixed-three,,3,18,A,False,False,True,False,0.5
8208,9,3,early-wrong,late,adaptive,C,3,18,A,False,True,False,False,1
8208,9,3,early-wrong,late,deadline-vote,C,3,18,A,False,True,False,False,1
8208,9,3,early-wrong,late,central-deadline,C,3,1,A,False,True,False,False,1
8208,9,3,early-wrong,late,symbolic-deadline,C,3,0,A,False,True,False,False,1
8208,9,3,early-wrong,stalled,majority,C,2,9,A,False,True,False,False,1
8208,9,3,early-wrong,stalled,fixed-two,C,3,18,A,False,True,False,False,1
8208,9,3,early-wrong,stalled,fixed-three,,3,18,A,False,False,True,False,0.5
8208,9,3,early-wrong,stalled,adaptive,C,3,18,A,False,True,False,False,1
8208,9,3,early-wrong,stalled,deadline-vote,C,3,18,A,False,True,False,False,1
8208,9,3,early-wrong,stalled,central-deadline,C,3,1,A,False,True,False,False,1
8208,9,3,early-wrong,stalled,symbolic-deadline,C,3,0,A,False,True,False,False,1
8208,9,3,late-wrong,late,majority,A,2,9,A,True,False,False,False,0
8208,9,3,late-wrong,late,fixed-two,A,3,18,A,True,False,False,False,0
8208,9,3,late-wrong,late,fixed-three,,3,18,A,False,False,True,False,0.5
8208,9,3,late-wrong,late,adaptive,A,3,18,A,True,False,False,False,0
8208,9,3,late-wrong,late,deadline-vote,A,3,18,A,True,False,False,False,0
8208,9,3,late-wrong,late,central-deadline,A,3,1,A,True,False,False,False,0
8208,9,3,late-wrong,late,symbolic-deadline,A,3,0,A,True,False,False,False,0
8208,9,3,late-wrong,stalled,majority,A,2,9,A,True,False,False,False,0
8208,9,3,late-wrong,stalled,fixed-two,A,3,18,A,True,False,False,False,0
8208,9,3,late-wrong,stalled,fixed-three,,3,18,A,False,False,True,False,0.5
8208,9,3,late-wrong,stalled,adaptive,A,3,18,A,True,False,False,False,0
8208,9,3,late-wrong,stalled,deadline-vote,A,3,18,A,True,False,False,False,0
8208,9,3,late-wrong,stalled,central-deadline,A,3,1,A,True,False,False,False,0
8208,9,3,late-wrong,stalled,symbolic-deadline,A,3,0,A,True,False,False,False,0
8208,9,6,clean,late,majority,A,2,9,A,True,False,False,False,0
8208,9,6,clean,late,fixed-two,A,3,18,A,True,False,False,False,0
8208,9,6,clean,late,fixed-three,A,5,36,A,True,False,False,False,0
8208,9,6,clean,late,adaptive,A,5,36,A,True,False,False,False,0
8208,9,6,clean,late,deadline-vote,A,6,45,A,True,False,False,False,0
8208,9,6,clean,late,central-deadline,A,6,1,A,True,False,False,False,0
8208,9,6,clean,late,symbolic-deadline,A,6,0,A,True,False,False,False,0
8208,9,6,clean,stalled,majority,A,2,9,A,True,False,False,False,0
8208,9,6,clean,stalled,fixed-two,A,3,18,A,True,False,False,False,0
8208,9,6,clean,stalled,fixed-three,,6,45,A,False,False,True,False,0.5
8208,9,6,clean,stalled,adaptive,A,6,45,A,True,False,False,False,0
8208,9,6,clean,stalled,deadline-vote,A,6,45,A,True,False,False,False,0
8208,9,6,clean,stalled,central-deadline,A,6,1,A,True,False,False,False,0
8208,9,6,clean,stalled,symbolic-deadline,A,6,0,A,True,False,False,False,0
8208,9,6,copies,late,majority,A,2,9,A,True,False,False,False,0
8208,9,6,copies,late,fixed-two,A,3,18,A,True,False,False,False,0
8208,9,6,copies,late,fixed-three,A,5,36,A,True,False,False,False,0
8208,9,6,copies,late,adaptive,A,5,36,A,True,False,False,False,0
8208,9,6,copies,late,deadline-vote,A,6,45,A,True,False,False,False,0
8208,9,6,copies,late,central-deadline,A,6,1,A,True,False,False,False,0
8208,9,6,copies,late,symbolic-deadline,A,6,0,A,True,False,False,False,0
8208,9,6,copies,stalled,majority,A,2,9,A,True,False,False,False,0
8208,9,6,copies,stalled,fixed-two,A,3,18,A,True,False,False,False,0
8208,9,6,copies,stalled,fixed-three,,6,45,A,False,False,True,False,0.5
8208,9,6,copies,stalled,adaptive,A,6,45,A,True,False,False,False,0
8208,9,6,copies,stalled,deadline-vote,A,6,45,A,True,False,False,False,0
8208,9,6,copies,stalled,central-deadline,A,6,1,A,True,False,False,False,0
8208,9,6,copies,stalled,symbolic-deadline,A,6,0,A,True,False,False,False,0
8208,9,6,early-wrong,late,majority,C,2,9,A,False,True,False,False,1
8208,9,6,early-wrong,late,fixed-two,C,3,18,A,False,True,False,False,1
8208,9,6,early-wrong,late,fixed-three,,6,45,A,False,False,True,False,0.5
8208,9,6,early-wrong,late,adaptive,A,6,45,A,True,False,False,False,0
8208,9,6,early-wrong,late,deadline-vote,A,6,45,A,True,False,False,False,0
8208,9,6,early-wrong,late,central-deadline,A,6,1,A,True,False,False,False,0
8208,9,6,early-wrong,late,symbolic-deadline,A,6,0,A,True,False,False,False,0
8208,9,6,early-wrong,stalled,majority,C,2,9,A,False,True,False,False,1
8208,9,6,early-wrong,stalled,fixed-two,C,3,18,A,False,True,False,False,1
8208,9,6,early-wrong,stalled,fixed-three,,6,45,A,False,False,True,False,0.5
8208,9,6,early-wrong,stalled,adaptive,C,6,45,A,False,True,False,False,1
8208,9,6,early-wrong,stalled,deadline-vote,C,6,45,A,False,True,False,False,1
8208,9,6,early-wrong,stalled,central-deadline,C,6,1,A,False,True,False,False,1
8208,9,6,early-wrong,stalled,symbolic-deadline,C,6,0,A,False,True,False,False,1
8208,9,6,late-wrong,late,majority,A,2,9,A,True,False,False,False,0
8208,9,6,late-wrong,late,fixed-two,A,3,18,A,True,False,False,False,0
8208,9,6,late-wrong,late,fixed-three,,6,45,A,False,False,True,False,0.5
8208,9,6,late-wrong,late,adaptive,C,6,45,A,False,True,False,False,1
8208,9,6,late-wrong,late,deadline-vote,C,6,45,A,False,True,False,False,1
8208,9,6,late-wrong,late,central-deadline,C,6,1,A,False,True,False,False,1
8208,9,6,late-wrong,late,symbolic-deadline,C,6,0,A,False,True,False,False,1
8208,9,6,late-wrong,stalled,majority,A,2,9,A,True,False,False,False,0
8208,9,6,late-wrong,stalled,fixed-two,A,3,18,A,True,False,False,False,0
8208,9,6,late-wrong,stalled,fixed-three,,6,45,A,False,False,True,False,0.5
8208,9,6,late-wrong,stalled,adaptive,A,6,45,A,True,False,False,False,0
8208,9,6,late-wrong,stalled,deadline-vote,A,6,45,A,True,False,False,False,0
8208,9,6,late-wrong,stalled,central-deadline,A,6,1,A,True,False,False,False,0
8208,9,6,late-wrong,stalled,symbolic-deadline,A,6,0,A,True,False,False,False,0
8209,5,3,clean,late,majority,B,2,5,B,True,False,False,False,0
8209,5,3,clean,late,fixed-two,B,3,10,B,True,False,False,False,0
8209,5,3,clean,late,fixed-three,,3,10,B,False,False,True,False,0.5
8209,5,3,clean,late,adaptive,B,3,10,B,True,False,False,False,0
8209,5,3,clean,late,deadline-vote,B,3,10,B,True,False,False,False,0
8209,5,3,clean,late,central-deadline,B,3,1,B,True,False,False,False,0
8209,5,3,clean,late,symbolic-deadline,B,3,0,B,True,False,False,False,0
8209,5,3,clean,stalled,majority,B,2,5,B,True,False,False,False,0
8209,5,3,clean,stalled,fixed-two,B,3,10,B,True,False,False,False,0
8209,5,3,clean,stalled,fixed-three,,3,10,B,False,False,True,False,0.5
8209,5,3,clean,stalled,adaptive,B,3,10,B,True,False,False,False,0
8209,5,3,clean,stalled,deadline-vote,B,3,10,B,True,False,False,False,0
8209,5,3,clean,stalled,central-deadline,B,3,1,B,True,False,False,False,0
8209,5,3,clean,stalled,symbolic-deadline,B,3,0,B,True,False,False,False,0
8209,5,3,copies,late,majority,B,2,5,B,True,False,False,False,0
8209,5,3,copies,late,fixed-two,B,3,10,B,True,False,False,False,0
8209,5,3,copies,late,fixed-three,,3,10,B,False,False,True,False,0.5
8209,5,3,copies,late,adaptive,B,3,10,B,True,False,False,False,0
8209,5,3,copies,late,deadline-vote,B,3,10,B,True,False,False,False,0
8209,5,3,copies,late,central-deadline,B,3,1,B,True,False,False,False,0
8209,5,3,copies,late,symbolic-deadline,B,3,0,B,True,False,False,False,0
8209,5,3,copies,stalled,majority,B,2,5,B,True,False,False,False,0
8209,5,3,copies,stalled,fixed-two,B,3,10,B,True,False,False,False,0
8209,5,3,copies,stalled,fixed-three,,3,10,B,False,False,True,False,0.5
8209,5,3,copies,stalled,adaptive,B,3,10,B,True,False,False,False,0
8209,5,3,copies,stalled,deadline-vote,B,3,10,B,True,False,False,False,0
8209,5,3,copies,stalled,central-deadline,B,3,1,B,True,False,False,False,0
8209,5,3,copies,stalled,symbolic-deadline,B,3,0,B,True,False,False,False,0
8209,5,3,early-wrong,late,majority,C,2,5,B,False,True,False,False,1
8209,5,3,early-wrong,late,fixed-two,C,3,10,B,False,True,False,False,1
8209,5,3,early-wrong,late,fixed-three,,3,10,B,False,False,True,False,0.5
8209,5,3,early-wrong,late,adaptive,C,3,10,B,False,True,False,False,1
8209,5,3,early-wrong,late,deadline-vote,C,3,10,B,False,True,False,False,1
8209,5,3,early-wrong,late,central-deadline,C,3,1,B,False,True,False,False,1
8209,5,3,early-wrong,late,symbolic-deadline,C,3,0,B,False,True,False,False,1
8209,5,3,early-wrong,stalled,majority,C,2,5,B,False,True,False,False,1
8209,5,3,early-wrong,stalled,fixed-two,C,3,10,B,False,True,False,False,1
8209,5,3,early-wrong,stalled,fixed-three,,3,10,B,False,False,True,False,0.5
8209,5,3,early-wrong,stalled,adaptive,C,3,10,B,False,True,False,False,1
8209,5,3,early-wrong,stalled,deadline-vote,C,3,10,B,False,True,False,False,1
8209,5,3,early-wrong,stalled,central-deadline,C,3,1,B,False,True,False,False,1
8209,5,3,early-wrong,stalled,symbolic-deadline,C,3,0,B,False,True,False,False,1
8209,5,3,late-wrong,late,majority,B,2,5,B,True,False,False,False,0
8209,5,3,late-wrong,late,fixed-two,B,3,10,B,True,False,False,False,0
8209,5,3,late-wrong,late,fixed-three,,3,10,B,False,False,True,False,0.5
8209,5,3,late-wrong,late,adaptive,B,3,10,B,True,False,False,False,0
8209,5,3,late-wrong,late,deadline-vote,B,3,10,B,True,False,False,False,0
8209,5,3,late-wrong,late,central-deadline,B,3,1,B,True,False,False,False,0
8209,5,3,late-wrong,late,symbolic-deadline,B,3,0,B,True,False,False,False,0
8209,5,3,late-wrong,stalled,majority,B,2,5,B,True,False,False,False,0
8209,5,3,late-wrong,stalled,fixed-two,B,3,10,B,True,False,False,False,0
8209,5,3,late-wrong,stalled,fixed-three,,3,10,B,False,False,True,False,0.5
8209,5,3,late-wrong,stalled,adaptive,B,3,10,B,True,False,False,False,0
8209,5,3,late-wrong,stalled,deadline-vote,B,3,10,B,True,False,False,False,0
8209,5,3,late-wrong,stalled,central-deadline,B,3,1,B,True,False,False,False,0
8209,5,3,late-wrong,stalled,symbolic-deadline,B,3,0,B,True,False,False,False,0
8209,5,6,clean,late,majority,B,2,5,B,True,False,False,False,0
8209,5,6,clean,late,fixed-two,B,3,10,B,True,False,False,False,0
8209,5,6,clean,late,fixed-three,B,5,20,B,True,False,False,False,0
8209,5,6,clean,late,adaptive,B,5,20,B,True,False,False,False,0
8209,5,6,clean,late,deadline-vote,B,6,25,B,True,False,False,False,0
8209,5,6,clean,late,central-deadline,B,6,1,B,True,False,False,False,0
8209,5,6,clean,late,symbolic-deadline,B,6,0,B,True,False,False,False,0
8209,5,6,clean,stalled,majority,B,2,5,B,True,False,False,False,0
8209,5,6,clean,stalled,fixed-two,B,3,10,B,True,False,False,False,0
8209,5,6,clean,stalled,fixed-three,,6,25,B,False,False,True,False,0.5
8209,5,6,clean,stalled,adaptive,B,6,25,B,True,False,False,False,0
8209,5,6,clean,stalled,deadline-vote,B,6,25,B,True,False,False,False,0
8209,5,6,clean,stalled,central-deadline,B,6,1,B,True,False,False,False,0
8209,5,6,clean,stalled,symbolic-deadline,B,6,0,B,True,False,False,False,0
8209,5,6,copies,late,majority,B,2,5,B,True,False,False,False,0
8209,5,6,copies,late,fixed-two,B,3,10,B,True,False,False,False,0
8209,5,6,copies,late,fixed-three,B,5,20,B,True,False,False,False,0
8209,5,6,copies,late,adaptive,B,5,20,B,True,False,False,False,0
8209,5,6,copies,late,deadline-vote,B,6,25,B,True,False,False,False,0
8209,5,6,copies,late,central-deadline,B,6,1,B,True,False,False,False,0
8209,5,6,copies,late,symbolic-deadline,B,6,0,B,True,False,False,False,0
8209,5,6,copies,stalled,majority,B,2,5,B,True,False,False,False,0
8209,5,6,copies,stalled,fixed-two,B,3,10,B,True,False,False,False,0
8209,5,6,copies,stalled,fixed-three,,6,25,B,False,False,True,False,0.5
8209,5,6,copies,stalled,adaptive,B,6,25,B,True,False,False,False,0
8209,5,6,copies,stalled,deadline-vote,B,6,25,B,True,False,False,False,0
8209,5,6,copies,stalled,central-deadline,B,6,1,B,True,False,False,False,0
8209,5,6,copies,stalled,symbolic-deadline,B,6,0,B,True,False,False,False,0
8209,5,6,early-wrong,late,majority,C,2,5,B,False,True,False,False,1
8209,5,6,early-wrong,late,fixed-two,C,3,10,B,False,True,False,False,1
8209,5,6,early-wrong,late,fixed-three,,6,25,B,False,False,True,False,0.5
8209,5,6,early-wrong,late,adaptive,B,6,25,B,True,False,False,False,0
8209,5,6,early-wrong,late,deadline-vote,B,6,25,B,True,False,False,False,0
8209,5,6,early-wrong,late,central-deadline,B,6,1,B,True,False,False,False,0
8209,5,6,early-wrong,late,symbolic-deadline,B,6,0,B,True,False,False,False,0
8209,5,6,early-wrong,stalled,majority,C,2,5,B,False,True,False,False,1
8209,5,6,early-wrong,stalled,fixed-two,C,3,10,B,False,True,False,False,1
8209,5,6,early-wrong,stalled,fixed-three,,6,25,B,False,False,True,False,0.5
8209,5,6,early-wrong,stalled,adaptive,C,6,25,B,False,True,False,False,1
8209,5,6,early-wrong,stalled,deadline-vote,C,6,25,B,False,True,False,False,1
8209,5,6,early-wrong,stalled,central-deadline,C,6,1,B,False,True,False,False,1
8209,5,6,early-wrong,stalled,symbolic-deadline,C,6,0,B,False,True,False,False,1
8209,5,6,late-wrong,late,majority,B,2,5,B,True,False,False,False,0
8209,5,6,late-wrong,late,fixed-two,B,3,10,B,True,False,False,False,0
8209,5,6,late-wrong,late,fixed-three,,6,25,B,False,False,True,False,0.5
8209,5,6,late-wrong,late,adaptive,C,6,25,B,False,True,False,False,1
8209,5,6,late-wrong,late,deadline-vote,C,6,25,B,False,True,False,False,1
8209,5,6,late-wrong,late,central-deadline,C,6,1,B,False,True,False,False,1
8209,5,6,late-wrong,late,symbolic-deadline,C,6,0,B,False,True,False,False,1
8209,5,6,late-wrong,stalled,majority,B,2,5,B,True,False,False,False,0
8209,5,6,late-wrong,stalled,fixed-two,B,3,10,B,True,False,False,False,0
8209,5,6,late-wrong,stalled,fixed-three,,6,25,B,False,False,True,False,0.5
8209,5,6,late-wrong,stalled,adaptive,B,6,25,B,True,False,False,False,0
8209,5,6,late-wrong,stalled,deadline-vote,B,6,25,B,True,False,False,False,0
8209,5,6,late-wrong,stalled,central-deadline,B,6,1,B,True,False,False,False,0
8209,5,6,late-wrong,stalled,symbolic-deadline,B,6,0,B,True,False,False,False,0
8209,9,3,clean,late,majority,B,2,9,B,True,False,False,False,0
8209,9,3,clean,late,fixed-two,B,3,18,B,True,False,False,False,0
8209,9,3,clean,late,fixed-three,,3,18,B,False,False,True,False,0.5
8209,9,3,clean,late,adaptive,B,3,18,B,True,False,False,False,0
8209,9,3,clean,late,deadline-vote,B,3,18,B,True,False,False,False,0
8209,9,3,clean,late,central-deadline,B,3,1,B,True,False,False,False,0
8209,9,3,clean,late,symbolic-deadline,B,3,0,B,True,False,False,False,0
8209,9,3,clean,stalled,majority,B,2,9,B,True,False,False,False,0
8209,9,3,clean,stalled,fixed-two,B,3,18,B,True,False,False,False,0
8209,9,3,clean,stalled,fixed-three,,3,18,B,False,False,True,False,0.5
8209,9,3,clean,stalled,adaptive,B,3,18,B,True,False,False,False,0
8209,9,3,clean,stalled,deadline-vote,B,3,18,B,True,False,False,False,0
8209,9,3,clean,stalled,central-deadline,B,3,1,B,True,False,False,False,0
8209,9,3,clean,stalled,symbolic-deadline,B,3,0,B,True,False,False,False,0
8209,9,3,copies,late,majority,B,2,9,B,True,False,False,False,0
8209,9,3,copies,late,fixed-two,B,3,18,B,True,False,False,False,0
8209,9,3,copies,late,fixed-three,,3,18,B,False,False,True,False,0.5
8209,9,3,copies,late,adaptive,B,3,18,B,True,False,False,False,0
8209,9,3,copies,late,deadline-vote,B,3,18,B,True,False,False,False,0
8209,9,3,copies,late,central-deadline,B,3,1,B,True,False,False,False,0
8209,9,3,copies,late,symbolic-deadline,B,3,0,B,True,False,False,False,0
8209,9,3,copies,stalled,majority,B,2,9,B,True,False,False,False,0
8209,9,3,copies,stalled,fixed-two,B,3,18,B,True,False,False,False,0
8209,9,3,copies,stalled,fixed-three,,3,18,B,False,False,True,False,0.5
8209,9,3,copies,stalled,adaptive,B,3,18,B,True,False,False,False,0
8209,9,3,copies,stalled,deadline-vote,B,3,18,B,True,False,False,False,0
8209,9,3,copies,stalled,central-deadline,B,3,1,B,True,False,False,False,0
8209,9,3,copies,stalled,symbolic-deadline,B,3,0,B,True,False,False,False,0
8209,9,3,early-wrong,late,majority,C,2,9,B,False,True,False,False,1
8209,9,3,early-wrong,late,fixed-two,C,3,18,B,False,True,False,False,1
8209,9,3,early-wrong,late,fixed-three,,3,18,B,False,False,True,False,0.5
8209,9,3,early-wrong,late,adaptive,C,3,18,B,False,True,False,False,1
8209,9,3,early-wrong,late,deadline-vote,C,3,18,B,False,True,False,False,1
8209,9,3,early-wrong,late,central-deadline,C,3,1,B,False,True,False,False,1
8209,9,3,early-wrong,late,symbolic-deadline,C,3,0,B,False,True,False,False,1
8209,9,3,early-wrong,stalled,majority,C,2,9,B,False,True,False,False,1
8209,9,3,early-wrong,stalled,fixed-two,C,3,18,B,False,True,False,False,1
8209,9,3,early-wrong,stalled,fixed-three,,3,18,B,False,False,True,False,0.5
8209,9,3,early-wrong,stalled,adaptive,C,3,18,B,False,True,False,False,1
8209,9,3,early-wrong,stalled,deadline-vote,C,3,18,B,False,True,False,False,1
8209,9,3,early-wrong,stalled,central-deadline,C,3,1,B,False,True,False,False,1
8209,9,3,early-wrong,stalled,symbolic-deadline,C,3,0,B,False,True,False,False,1
8209,9,3,late-wrong,late,majority,B,2,9,B,True,False,False,False,0
8209,9,3,late-wrong,late,fixed-two,B,3,18,B,True,False,False,False,0
8209,9,3,late-wrong,late,fixed-three,,3,18,B,False,False,True,False,0.5
8209,9,3,late-wrong,late,adaptive,B,3,18,B,True,False,False,False,0
8209,9,3,late-wrong,late,deadline-vote,B,3,18,B,True,False,False,False,0
8209,9,3,late-wrong,late,central-deadline,B,3,1,B,True,False,False,False,0
8209,9,3,late-wrong,late,symbolic-deadline,B,3,0,B,True,False,False,False,0
8209,9,3,late-wrong,stalled,majority,B,2,9,B,True,False,False,False,0
8209,9,3,late-wrong,stalled,fixed-two,B,3,18,B,True,False,False,False,0
8209,9,3,late-wrong,stalled,fixed-three,,3,18,B,False,False,True,False,0.5
8209,9,3,late-wrong,stalled,adaptive,B,3,18,B,True,False,False,False,0
8209,9,3,late-wrong,stalled,deadline-vote,B,3,18,B,True,False,False,False,0
8209,9,3,late-wrong,stalled,central-deadline,B,3,1,B,True,False,False,False,0
8209,9,3,late-wrong,stalled,symbolic-deadline,B,3,0,B,True,False,False,False,0
8209,9,6,clean,late,majority,B,2,9,B,True,False,False,False,0
8209,9,6,clean,late,fixed-two,B,3,18,B,True,False,False,False,0
8209,9,6,clean,late,fixed-three,B,5,36,B,True,False,False,False,0
8209,9,6,clean,late,adaptive,B,5,36,B,True,False,False,False,0
8209,9,6,clean,late,deadline-vote,B,6,45,B,True,False,False,False,0
8209,9,6,clean,late,central-deadline,B,6,1,B,True,False,False,False,0
8209,9,6,clean,late,symbolic-deadline,B,6,0,B,True,False,False,False,0
8209,9,6,clean,stalled,majority,B,2,9,B,True,False,False,False,0
8209,9,6,clean,stalled,fixed-two,B,3,18,B,True,False,False,False,0
8209,9,6,clean,stalled,fixed-three,,6,45,B,False,False,True,False,0.5
8209,9,6,clean,stalled,adaptive,B,6,45,B,True,False,False,False,0
8209,9,6,clean,stalled,deadline-vote,B,6,45,B,True,False,False,False,0
8209,9,6,clean,stalled,central-deadline,B,6,1,B,True,False,False,False,0
8209,9,6,clean,stalled,symbolic-deadline,B,6,0,B,True,False,False,False,0
8209,9,6,copies,late,majority,B,2,9,B,True,False,False,False,0
8209,9,6,copies,late,fixed-two,B,3,18,B,True,False,False,False,0
8209,9,6,copies,late,fixed-three,B,5,36,B,True,False,False,False,0
8209,9,6,copies,late,adaptive,B,5,36,B,True,False,False,False,0
8209,9,6,copies,late,deadline-vote,B,6,45,B,True,False,False,False,0
8209,9,6,copies,late,central-deadline,B,6,1,B,True,False,False,False,0
8209,9,6,copies,late,symbolic-deadline,B,6,0,B,True,False,False,False,0
8209,9,6,copies,stalled,majority,B,2,9,B,True,False,False,False,0
8209,9,6,copies,stalled,fixed-two,B,3,18,B,True,False,False,False,0
8209,9,6,copies,stalled,fixed-three,,6,45,B,False,False,True,False,0.5
8209,9,6,copies,stalled,adaptive,B,6,45,B,True,False,False,False,0
8209,9,6,copies,stalled,deadline-vote,B,6,45,B,True,False,False,False,0
8209,9,6,copies,stalled,central-deadline,B,6,1,B,True,False,False,False,0
8209,9,6,copies,stalled,symbolic-deadline,B,6,0,B,True,False,False,False,0
8209,9,6,early-wrong,late,majority,C,2,9,B,False,True,False,False,1
8209,9,6,early-wrong,late,fixed-two,C,3,18,B,False,True,False,False,1
8209,9,6,early-wrong,late,fixed-three,,6,45,B,False,False,True,False,0.5
8209,9,6,early-wrong,late,adaptive,B,6,45,B,True,False,False,False,0
8209,9,6,early-wrong,late,deadline-vote,B,6,45,B,True,False,False,False,0
8209,9,6,early-wrong,late,central-deadline,B,6,1,B,True,False,False,False,0
8209,9,6,early-wrong,late,symbolic-deadline,B,6,0,B,True,False,False,False,0
8209,9,6,early-wrong,stalled,majority,C,2,9,B,False,True,False,False,1
8209,9,6,early-wrong,stalled,fixed-two,C,3,18,B,False,True,False,False,1
8209,9,6,early-wrong,stalled,fixed-three,,6,45,B,False,False,True,False,0.5
8209,9,6,early-wrong,stalled,adaptive,C,6,45,B,False,True,False,False,1
8209,9,6,early-wrong,stalled,deadline-vote,C,6,45,B,False,True,False,False,1
8209,9,6,early-wrong,stalled,central-deadline,C,6,1,B,False,True,False,False,1
8209,9,6,early-wrong,stalled,symbolic-deadline,C,6,0,B,False,True,False,False,1
8209,9,6,late-wrong,late,majority,B,2,9,B,True,False,False,False,0
8209,9,6,late-wrong,late,fixed-two,B,3,18,B,True,False,False,False,0
8209,9,6,late-wrong,late,fixed-three,,6,45,B,False,False,True,False,0.5
8209,9,6,late-wrong,late,adaptive,C,6,45,B,False,True,False,False,1
8209,9,6,late-wrong,late,deadline-vote,C,6,45,B,False,True,False,False,1
8209,9,6,late-wrong,late,central-deadline,C,6,1,B,False,True,False,False,1
8209,9,6,late-wrong,late,symbolic-deadline,C,6,0,B,False,True,False,False,1
8209,9,6,late-wrong,stalled,majority,B,2,9,B,True,False,False,False,0
8209,9,6,late-wrong,stalled,fixed-two,B,3,18,B,True,False,False,False,0
8209,9,6,late-wrong,stalled,fixed-three,,6,45,B,False,False,True,False,0.5
8209,9,6,late-wrong,stalled,adaptive,B,6,45,B,True,False,False,False,0
8209,9,6,late-wrong,stalled,deadline-vote,B,6,45,B,True,False,False,False,0
8209,9,6,late-wrong,stalled,central-deadline,B,6,1,B,True,False,False,False,0
8209,9,6,late-wrong,stalled,symbolic-deadline,B,6,0,B,True,False,False,False,0
8210,5,3,clean,late,majority,C,2,5,C,True,False,False,False,0
8210,5,3,clean,late,fixed-two,C,3,10,C,True,False,False,False,0
8210,5,3,clean,late,fixed-three,,3,10,C,False,False,True,False,0.5
8210,5,3,clean,late,adaptive,C,3,10,C,True,False,False,False,0
8210,5,3,clean,late,deadline-vote,C,3,10,C,True,False,False,False,0
8210,5,3,clean,late,central-deadline,C,3,1,C,True,False,False,False,0
8210,5,3,clean,late,symbolic-deadline,C,3,0,C,True,False,False,False,0
8210,5,3,clean,stalled,majority,C,2,5,C,True,False,False,False,0
8210,5,3,clean,stalled,fixed-two,C,3,10,C,True,False,False,False,0
8210,5,3,clean,stalled,fixed-three,,3,10,C,False,False,True,False,0.5
8210,5,3,clean,stalled,adaptive,C,3,10,C,True,False,False,False,0
8210,5,3,clean,stalled,deadline-vote,C,3,10,C,True,False,False,False,0
8210,5,3,clean,stalled,central-deadline,C,3,1,C,True,False,False,False,0
8210,5,3,clean,stalled,symbolic-deadline,C,3,0,C,True,False,False,False,0
8210,5,3,copies,late,majority,C,2,5,C,True,False,False,False,0
8210,5,3,copies,late,fixed-two,C,3,10,C,True,False,False,False,0
8210,5,3,copies,late,fixed-three,,3,10,C,False,False,True,False,0.5
8210,5,3,copies,late,adaptive,C,3,10,C,True,False,False,False,0
8210,5,3,copies,late,deadline-vote,C,3,10,C,True,False,False,False,0
8210,5,3,copies,late,central-deadline,C,3,1,C,True,False,False,False,0
8210,5,3,copies,late,symbolic-deadline,C,3,0,C,True,False,False,False,0
8210,5,3,copies,stalled,majority,C,2,5,C,True,False,False,False,0
8210,5,3,copies,stalled,fixed-two,C,3,10,C,True,False,False,False,0
8210,5,3,copies,stalled,fixed-three,,3,10,C,False,False,True,False,0.5
8210,5,3,copies,stalled,adaptive,C,3,10,C,True,False,False,False,0
8210,5,3,copies,stalled,deadline-vote,C,3,10,C,True,False,False,False,0
8210,5,3,copies,stalled,central-deadline,C,3,1,C,True,False,False,False,0
8210,5,3,copies,stalled,symbolic-deadline,C,3,0,C,True,False,False,False,0
8210,5,3,early-wrong,late,majority,B,2,5,C,False,True,False,False,1
8210,5,3,early-wrong,late,fixed-two,B,3,10,C,False,True,False,False,1
8210,5,3,early-wrong,late,fixed-three,,3,10,C,False,False,True,False,0.5
8210,5,3,early-wrong,late,adaptive,B,3,10,C,False,True,False,False,1
8210,5,3,early-wrong,late,deadline-vote,B,3,10,C,False,True,False,False,1
8210,5,3,early-wrong,late,central-deadline,B,3,1,C,False,True,False,False,1
8210,5,3,early-wrong,late,symbolic-deadline,B,3,0,C,False,True,False,False,1
8210,5,3,early-wrong,stalled,majority,B,2,5,C,False,True,False,False,1
8210,5,3,early-wrong,stalled,fixed-two,B,3,10,C,False,True,False,False,1
8210,5,3,early-wrong,stalled,fixed-three,,3,10,C,False,False,True,False,0.5
8210,5,3,early-wrong,stalled,adaptive,B,3,10,C,False,True,False,False,1
8210,5,3,early-wrong,stalled,deadline-vote,B,3,10,C,False,True,False,False,1
8210,5,3,early-wrong,stalled,central-deadline,B,3,1,C,False,True,False,False,1
8210,5,3,early-wrong,stalled,symbolic-deadline,B,3,0,C,False,True,False,False,1
8210,5,3,late-wrong,late,majority,C,2,5,C,True,False,False,False,0
8210,5,3,late-wrong,late,fixed-two,C,3,10,C,True,False,False,False,0
8210,5,3,late-wrong,late,fixed-three,,3,10,C,False,False,True,False,0.5
8210,5,3,late-wrong,late,adaptive,C,3,10,C,True,False,False,False,0
8210,5,3,late-wrong,late,deadline-vote,C,3,10,C,True,False,False,False,0
8210,5,3,late-wrong,late,central-deadline,C,3,1,C,True,False,False,False,0
8210,5,3,late-wrong,late,symbolic-deadline,C,3,0,C,True,False,False,False,0
8210,5,3,late-wrong,stalled,majority,C,2,5,C,True,False,False,False,0
8210,5,3,late-wrong,stalled,fixed-two,C,3,10,C,True,False,False,False,0
8210,5,3,late-wrong,stalled,fixed-three,,3,10,C,False,False,True,False,0.5
8210,5,3,late-wrong,stalled,adaptive,C,3,10,C,True,False,False,False,0
8210,5,3,late-wrong,stalled,deadline-vote,C,3,10,C,True,False,False,False,0
8210,5,3,late-wrong,stalled,central-deadline,C,3,1,C,True,False,False,False,0
8210,5,3,late-wrong,stalled,symbolic-deadline,C,3,0,C,True,False,False,False,0
8210,5,6,clean,late,majority,C,2,5,C,True,False,False,False,0
8210,5,6,clean,late,fixed-two,C,3,10,C,True,False,False,False,0
8210,5,6,clean,late,fixed-three,C,5,20,C,True,False,False,False,0
8210,5,6,clean,late,adaptive,C,5,20,C,True,False,False,False,0
8210,5,6,clean,late,deadline-vote,C,6,25,C,True,False,False,False,0
8210,5,6,clean,late,central-deadline,C,6,1,C,True,False,False,False,0
8210,5,6,clean,late,symbolic-deadline,C,6,0,C,True,False,False,False,0
8210,5,6,clean,stalled,majority,C,2,5,C,True,False,False,False,0
8210,5,6,clean,stalled,fixed-two,C,3,10,C,True,False,False,False,0
8210,5,6,clean,stalled,fixed-three,,6,25,C,False,False,True,False,0.5
8210,5,6,clean,stalled,adaptive,C,6,25,C,True,False,False,False,0
8210,5,6,clean,stalled,deadline-vote,C,6,25,C,True,False,False,False,0
8210,5,6,clean,stalled,central-deadline,C,6,1,C,True,False,False,False,0
8210,5,6,clean,stalled,symbolic-deadline,C,6,0,C,True,False,False,False,0
8210,5,6,copies,late,majority,C,2,5,C,True,False,False,False,0
8210,5,6,copies,late,fixed-two,C,3,10,C,True,False,False,False,0
8210,5,6,copies,late,fixed-three,C,5,20,C,True,False,False,False,0
8210,5,6,copies,late,adaptive,C,5,20,C,True,False,False,False,0
8210,5,6,copies,late,deadline-vote,C,6,25,C,True,False,False,False,0
8210,5,6,copies,late,central-deadline,C,6,1,C,True,False,False,False,0
8210,5,6,copies,late,symbolic-deadline,C,6,0,C,True,False,False,False,0
8210,5,6,copies,stalled,majority,C,2,5,C,True,False,False,False,0
8210,5,6,copies,stalled,fixed-two,C,3,10,C,True,False,False,False,0
8210,5,6,copies,stalled,fixed-three,,6,25,C,False,False,True,False,0.5
8210,5,6,copies,stalled,adaptive,C,6,25,C,True,False,False,False,0
8210,5,6,copies,stalled,deadline-vote,C,6,25,C,True,False,False,False,0
8210,5,6,copies,stalled,central-deadline,C,6,1,C,True,False,False,False,0
8210,5,6,copies,stalled,symbolic-deadline,C,6,0,C,True,False,False,False,0
8210,5,6,early-wrong,late,majority,B,2,5,C,False,True,False,False,1
8210,5,6,early-wrong,late,fixed-two,B,3,10,C,False,True,False,False,1
8210,5,6,early-wrong,late,fixed-three,,6,25,C,False,False,True,False,0.5
8210,5,6,early-wrong,late,adaptive,C,6,25,C,True,False,False,False,0
8210,5,6,early-wrong,late,deadline-vote,C,6,25,C,True,False,False,False,0
8210,5,6,early-wrong,late,central-deadline,C,6,1,C,True,False,False,False,0
8210,5,6,early-wrong,late,symbolic-deadline,C,6,0,C,True,False,False,False,0
8210,5,6,early-wrong,stalled,majority,B,2,5,C,False,True,False,False,1
8210,5,6,early-wrong,stalled,fixed-two,B,3,10,C,False,True,False,False,1
8210,5,6,early-wrong,stalled,fixed-three,,6,25,C,False,False,True,False,0.5
8210,5,6,early-wrong,stalled,adaptive,B,6,25,C,False,True,False,False,1
8210,5,6,early-wrong,stalled,deadline-vote,B,6,25,C,False,True,False,False,1
8210,5,6,early-wrong,stalled,central-deadline,B,6,1,C,False,True,False,False,1
8210,5,6,early-wrong,stalled,symbolic-deadline,B,6,0,C,False,True,False,False,1
8210,5,6,late-wrong,late,majority,C,2,5,C,True,False,False,False,0
8210,5,6,late-wrong,late,fixed-two,C,3,10,C,True,False,False,False,0
8210,5,6,late-wrong,late,fixed-three,,6,25,C,False,False,True,False,0.5
8210,5,6,late-wrong,late,adaptive,B,6,25,C,False,True,False,False,1
8210,5,6,late-wrong,late,deadline-vote,B,6,25,C,False,True,False,False,1
8210,5,6,late-wrong,late,central-deadline,B,6,1,C,False,True,False,False,1
8210,5,6,late-wrong,late,symbolic-deadline,B,6,0,C,False,True,False,False,1
8210,5,6,late-wrong,stalled,majority,C,2,5,C,True,False,False,False,0
8210,5,6,late-wrong,stalled,fixed-two,C,3,10,C,True,False,False,False,0
8210,5,6,late-wrong,stalled,fixed-three,,6,25,C,False,False,True,False,0.5
8210,5,6,late-wrong,stalled,adaptive,C,6,25,C,True,False,False,False,0
8210,5,6,late-wrong,stalled,deadline-vote,C,6,25,C,True,False,False,False,0
8210,5,6,late-wrong,stalled,central-deadline,C,6,1,C,True,False,False,False,0
8210,5,6,late-wrong,stalled,symbolic-deadline,C,6,0,C,True,False,False,False,0
8210,9,3,clean,late,majority,C,2,9,C,True,False,False,False,0
8210,9,3,clean,late,fixed-two,C,3,18,C,True,False,False,False,0
8210,9,3,clean,late,fixed-three,,3,18,C,False,False,True,False,0.5
8210,9,3,clean,late,adaptive,C,3,18,C,True,False,False,False,0
8210,9,3,clean,late,deadline-vote,C,3,18,C,True,False,False,False,0
8210,9,3,clean,late,central-deadline,C,3,1,C,True,False,False,False,0
8210,9,3,clean,late,symbolic-deadline,C,3,0,C,True,False,False,False,0
8210,9,3,clean,stalled,majority,C,2,9,C,True,False,False,False,0
8210,9,3,clean,stalled,fixed-two,C,3,18,C,True,False,False,False,0
8210,9,3,clean,stalled,fixed-three,,3,18,C,False,False,True,False,0.5
8210,9,3,clean,stalled,adaptive,C,3,18,C,True,False,False,False,0
8210,9,3,clean,stalled,deadline-vote,C,3,18,C,True,False,False,False,0
8210,9,3,clean,stalled,central-deadline,C,3,1,C,True,False,False,False,0
8210,9,3,clean,stalled,symbolic-deadline,C,3,0,C,True,False,False,False,0
8210,9,3,copies,late,majority,C,2,9,C,True,False,False,False,0
8210,9,3,copies,late,fixed-two,C,3,18,C,True,False,False,False,0
8210,9,3,copies,late,fixed-three,,3,18,C,False,False,True,False,0.5
8210,9,3,copies,late,adaptive,C,3,18,C,True,False,False,False,0
8210,9,3,copies,late,deadline-vote,C,3,18,C,True,False,False,False,0
8210,9,3,copies,late,central-deadline,C,3,1,C,True,False,False,False,0
8210,9,3,copies,late,symbolic-deadline,C,3,0,C,True,False,False,False,0
8210,9,3,copies,stalled,majority,C,2,9,C,True,False,False,False,0
8210,9,3,copies,stalled,fixed-two,C,3,18,C,True,False,False,False,0
8210,9,3,copies,stalled,fixed-three,,3,18,C,False,False,True,False,0.5
8210,9,3,copies,stalled,adaptive,C,3,18,C,True,False,False,False,0
8210,9,3,copies,stalled,deadline-vote,C,3,18,C,True,False,False,False,0
8210,9,3,copies,stalled,central-deadline,C,3,1,C,True,False,False,False,0
8210,9,3,copies,stalled,symbolic-deadline,C,3,0,C,True,False,False,False,0
8210,9,3,early-wrong,late,majority,B,2,9,C,False,True,False,False,1
8210,9,3,early-wrong,late,fixed-two,B,3,18,C,False,True,False,False,1
8210,9,3,early-wrong,late,fixed-three,,3,18,C,False,False,True,False,0.5
8210,9,3,early-wrong,late,adaptive,B,3,18,C,False,True,False,False,1
8210,9,3,early-wrong,late,deadline-vote,B,3,18,C,False,True,False,False,1
8210,9,3,early-wrong,late,central-deadline,B,3,1,C,False,True,False,False,1
8210,9,3,early-wrong,late,symbolic-deadline,B,3,0,C,False,True,False,False,1
8210,9,3,early-wrong,stalled,majority,B,2,9,C,False,True,False,False,1
8210,9,3,early-wrong,stalled,fixed-two,B,3,18,C,False,True,False,False,1
8210,9,3,early-wrong,stalled,fixed-three,,3,18,C,False,False,True,False,0.5
8210,9,3,early-wrong,stalled,adaptive,B,3,18,C,False,True,False,False,1
8210,9,3,early-wrong,stalled,deadline-vote,B,3,18,C,False,True,False,False,1
8210,9,3,early-wrong,stalled,central-deadline,B,3,1,C,False,True,False,False,1
8210,9,3,early-wrong,stalled,symbolic-deadline,B,3,0,C,False,True,False,False,1
8210,9,3,late-wrong,late,majority,C,2,9,C,True,False,False,False,0
8210,9,3,late-wrong,late,fixed-two,C,3,18,C,True,False,False,False,0
8210,9,3,late-wrong,late,fixed-three,,3,18,C,False,False,True,False,0.5
8210,9,3,late-wrong,late,adaptive,C,3,18,C,True,False,False,False,0
8210,9,3,late-wrong,late,deadline-vote,C,3,18,C,True,False,False,False,0
8210,9,3,late-wrong,late,central-deadline,C,3,1,C,True,False,False,False,0
8210,9,3,late-wrong,late,symbolic-deadline,C,3,0,C,True,False,False,False,0
8210,9,3,late-wrong,stalled,majority,C,2,9,C,True,False,False,False,0
8210,9,3,late-wrong,stalled,fixed-two,C,3,18,C,True,False,False,False,0
8210,9,3,late-wrong,stalled,fixed-three,,3,18,C,False,False,True,False,0.5
8210,9,3,late-wrong,stalled,adaptive,C,3,18,C,True,False,False,False,0
8210,9,3,late-wrong,stalled,deadline-vote,C,3,18,C,True,False,False,False,0
8210,9,3,late-wrong,stalled,central-deadline,C,3,1,C,True,False,False,False,0
8210,9,3,late-wrong,stalled,symbolic-deadline,C,3,0,C,True,False,False,False,0
8210,9,6,clean,late,majority,C,2,9,C,True,False,False,False,0
8210,9,6,clean,late,fixed-two,C,3,18,C,True,False,False,False,0
8210,9,6,clean,late,fixed-three,C,5,36,C,True,False,False,False,0
8210,9,6,clean,late,adaptive,C,5,36,C,True,False,False,False,0
8210,9,6,clean,late,deadline-vote,C,6,45,C,True,False,False,False,0
8210,9,6,clean,late,central-deadline,C,6,1,C,True,False,False,False,0
8210,9,6,clean,late,symbolic-deadline,C,6,0,C,True,False,False,False,0
8210,9,6,clean,stalled,majority,C,2,9,C,True,False,False,False,0
8210,9,6,clean,stalled,fixed-two,C,3,18,C,True,False,False,False,0
8210,9,6,clean,stalled,fixed-three,,6,45,C,False,False,True,False,0.5
8210,9,6,clean,stalled,adaptive,C,6,45,C,True,False,False,False,0
8210,9,6,clean,stalled,deadline-vote,C,6,45,C,True,False,False,False,0
8210,9,6,clean,stalled,central-deadline,C,6,1,C,True,False,False,False,0
8210,9,6,clean,stalled,symbolic-deadline,C,6,0,C,True,False,False,False,0
8210,9,6,copies,late,majority,C,2,9,C,True,False,False,False,0
8210,9,6,copies,late,fixed-two,C,3,18,C,True,False,False,False,0
8210,9,6,copies,late,fixed-three,C,5,36,C,True,False,False,False,0
8210,9,6,copies,late,adaptive,C,5,36,C,True,False,False,False,0
8210,9,6,copies,late,deadline-vote,C,6,45,C,True,False,False,False,0
8210,9,6,copies,late,central-deadline,C,6,1,C,True,False,False,False,0
8210,9,6,copies,late,symbolic-deadline,C,6,0,C,True,False,False,False,0
8210,9,6,copies,stalled,majority,C,2,9,C,True,False,False,False,0
8210,9,6,copies,stalled,fixed-two,C,3,18,C,True,False,False,False,0
8210,9,6,copies,stalled,fixed-three,,6,45,C,False,False,True,False,0.5
8210,9,6,copies,stalled,adaptive,C,6,45,C,True,False,False,False,0
8210,9,6,copies,stalled,deadline-vote,C,6,45,C,True,False,False,False,0
8210,9,6,copies,stalled,central-deadline,C,6,1,C,True,False,False,False,0
8210,9,6,copies,stalled,symbolic-deadline,C,6,0,C,True,False,False,False,0
8210,9,6,early-wrong,late,majority,B,2,9,C,False,True,False,False,1
8210,9,6,early-wrong,late,fixed-two,B,3,18,C,False,True,False,False,1
8210,9,6,early-wrong,late,fixed-three,,6,45,C,False,False,True,False,0.5
8210,9,6,early-wrong,late,adaptive,C,6,45,C,True,False,False,False,0
8210,9,6,early-wrong,late,deadline-vote,C,6,45,C,True,False,False,False,0
8210,9,6,early-wrong,late,central-deadline,C,6,1,C,True,False,False,False,0
8210,9,6,early-wrong,late,symbolic-deadline,C,6,0,C,True,False,False,False,0
8210,9,6,early-wrong,stalled,majority,B,2,9,C,False,True,False,False,1
8210,9,6,early-wrong,stalled,fixed-two,B,3,18,C,False,True,False,False,1
8210,9,6,early-wrong,stalled,fixed-three,,6,45,C,False,False,True,False,0.5
8210,9,6,early-wrong,stalled,adaptive,B,6,45,C,False,True,False,False,1
8210,9,6,early-wrong,stalled,deadline-vote,B,6,45,C,False,True,False,False,1
8210,9,6,early-wrong,stalled,central-deadline,B,6,1,C,False,True,False,False,1
8210,9,6,early-wrong,stalled,symbolic-deadline,B,6,0,C,False,True,False,False,1
8210,9,6,late-wrong,late,majority,C,2,9,C,True,False,False,False,0
8210,9,6,late-wrong,late,fixed-two,C,3,18,C,True,False,False,False,0
8210,9,6,late-wrong,late,fixed-three,,6,45,C,False,False,True,False,0.5
8210,9,6,late-wrong,late,adaptive,B,6,45,C,False,True,False,False,1
8210,9,6,late-wrong,late,deadline-vote,B,6,45,C,False,True,False,False,1
8210,9,6,late-wrong,late,central-deadline,B,6,1,C,False,True,False,False,1
8210,9,6,late-wrong,late,symbolic-deadline,B,6,0,C,False,True,False,False,1
8210,9,6,late-wrong,stalled,majority,C,2,9,C,True,False,False,False,0
8210,9,6,late-wrong,stalled,fixed-two,C,3,18,C,True,False,False,False,0
8210,9,6,late-wrong,stalled,fixed-three,,6,45,C,False,False,True,False,0.5
8210,9,6,late-wrong,stalled,adaptive,C,6,45,C,True,False,False,False,0
8210,9,6,late-wrong,stalled,deadline-vote,C,6,45,C,True,False,False,False,0
8210,9,6,late-wrong,stalled,central-deadline,C,6,1,C,True,False,False,False,0
8210,9,6,late-wrong,stalled,symbolic-deadline,C,6,0,C,True,False,False,False,0
8211,5,3,clean,late,majority,NONE,2,5,NONE,True,False,False,False,0
8211,5,3,clean,late,fixed-two,NONE,3,10,NONE,True,False,False,False,0
8211,5,3,clean,late,fixed-three,,3,10,NONE,False,False,True,False,0.5
8211,5,3,clean,late,adaptive,NONE,3,10,NONE,True,False,False,False,0
8211,5,3,clean,late,deadline-vote,NONE,3,10,NONE,True,False,False,False,0
8211,5,3,clean,late,central-deadline,NONE,3,1,NONE,True,False,False,False,0
8211,5,3,clean,late,symbolic-deadline,NONE,3,0,NONE,True,False,False,False,0
8211,5,3,clean,stalled,majority,NONE,2,5,NONE,True,False,False,False,0
8211,5,3,clean,stalled,fixed-two,NONE,3,10,NONE,True,False,False,False,0
8211,5,3,clean,stalled,fixed-three,,3,10,NONE,False,False,True,False,0.5
8211,5,3,clean,stalled,adaptive,NONE,3,10,NONE,True,False,False,False,0
8211,5,3,clean,stalled,deadline-vote,NONE,3,10,NONE,True,False,False,False,0
8211,5,3,clean,stalled,central-deadline,NONE,3,1,NONE,True,False,False,False,0
8211,5,3,clean,stalled,symbolic-deadline,NONE,3,0,NONE,True,False,False,False,0
8211,5,3,copies,late,majority,NONE,2,5,NONE,True,False,False,False,0
8211,5,3,copies,late,fixed-two,NONE,3,10,NONE,True,False,False,False,0
8211,5,3,copies,late,fixed-three,,3,10,NONE,False,False,True,False,0.5
8211,5,3,copies,late,adaptive,NONE,3,10,NONE,True,False,False,False,0
8211,5,3,copies,late,deadline-vote,NONE,3,10,NONE,True,False,False,False,0
8211,5,3,copies,late,central-deadline,NONE,3,1,NONE,True,False,False,False,0
8211,5,3,copies,late,symbolic-deadline,NONE,3,0,NONE,True,False,False,False,0
8211,5,3,copies,stalled,majority,NONE,2,5,NONE,True,False,False,False,0
8211,5,3,copies,stalled,fixed-two,NONE,3,10,NONE,True,False,False,False,0
8211,5,3,copies,stalled,fixed-three,,3,10,NONE,False,False,True,False,0.5
8211,5,3,copies,stalled,adaptive,NONE,3,10,NONE,True,False,False,False,0
8211,5,3,copies,stalled,deadline-vote,NONE,3,10,NONE,True,False,False,False,0
8211,5,3,copies,stalled,central-deadline,NONE,3,1,NONE,True,False,False,False,0
8211,5,3,copies,stalled,symbolic-deadline,NONE,3,0,NONE,True,False,False,False,0
8211,5,3,early-wrong,late,majority,A,2,5,NONE,False,True,False,False,1
8211,5,3,early-wrong,late,fixed-two,A,3,10,NONE,False,True,False,False,1
8211,5,3,early-wrong,late,fixed-three,,3,10,NONE,False,False,True,False,0.5
8211,5,3,early-wrong,late,adaptive,A,3,10,NONE,False,True,False,False,1
8211,5,3,early-wrong,late,deadline-vote,A,3,10,NONE,False,True,False,False,1
8211,5,3,early-wrong,late,central-deadline,A,3,1,NONE,False,True,False,False,1
8211,5,3,early-wrong,late,symbolic-deadline,A,3,0,NONE,False,True,False,False,1
8211,5,3,early-wrong,stalled,majority,A,2,5,NONE,False,True,False,False,1
8211,5,3,early-wrong,stalled,fixed-two,A,3,10,NONE,False,True,False,False,1
8211,5,3,early-wrong,stalled,fixed-three,,3,10,NONE,False,False,True,False,0.5
8211,5,3,early-wrong,stalled,adaptive,A,3,10,NONE,False,True,False,False,1
8211,5,3,early-wrong,stalled,deadline-vote,A,3,10,NONE,False,True,False,False,1
8211,5,3,early-wrong,stalled,central-deadline,A,3,1,NONE,False,True,False,False,1
8211,5,3,early-wrong,stalled,symbolic-deadline,A,3,0,NONE,False,True,False,False,1
8211,5,3,late-wrong,late,majority,NONE,2,5,NONE,True,False,False,False,0
8211,5,3,late-wrong,late,fixed-two,NONE,3,10,NONE,True,False,False,False,0
8211,5,3,late-wrong,late,fixed-three,,3,10,NONE,False,False,True,False,0.5
8211,5,3,late-wrong,late,adaptive,NONE,3,10,NONE,True,False,False,False,0
8211,5,3,late-wrong,late,deadline-vote,NONE,3,10,NONE,True,False,False,False,0
8211,5,3,late-wrong,late,central-deadline,NONE,3,1,NONE,True,False,False,False,0
8211,5,3,late-wrong,late,symbolic-deadline,NONE,3,0,NONE,True,False,False,False,0
8211,5,3,late-wrong,stalled,majority,NONE,2,5,NONE,True,False,False,False,0
8211,5,3,late-wrong,stalled,fixed-two,NONE,3,10,NONE,True,False,False,False,0
8211,5,3,late-wrong,stalled,fixed-three,,3,10,NONE,False,False,True,False,0.5
8211,5,3,late-wrong,stalled,adaptive,NONE,3,10,NONE,True,False,False,False,0
8211,5,3,late-wrong,stalled,deadline-vote,NONE,3,10,NONE,True,False,False,False,0
8211,5,3,late-wrong,stalled,central-deadline,NONE,3,1,NONE,True,False,False,False,0
8211,5,3,late-wrong,stalled,symbolic-deadline,NONE,3,0,NONE,True,False,False,False,0
8211,5,6,clean,late,majority,NONE,2,5,NONE,True,False,False,False,0
8211,5,6,clean,late,fixed-two,NONE,3,10,NONE,True,False,False,False,0
8211,5,6,clean,late,fixed-three,NONE,5,20,NONE,True,False,False,False,0
8211,5,6,clean,late,adaptive,NONE,5,20,NONE,True,False,False,False,0
8211,5,6,clean,late,deadline-vote,NONE,6,25,NONE,True,False,False,False,0
8211,5,6,clean,late,central-deadline,NONE,6,1,NONE,True,False,False,False,0
8211,5,6,clean,late,symbolic-deadline,NONE,6,0,NONE,True,False,False,False,0
8211,5,6,clean,stalled,majority,NONE,2,5,NONE,True,False,False,False,0
8211,5,6,clean,stalled,fixed-two,NONE,3,10,NONE,True,False,False,False,0
8211,5,6,clean,stalled,fixed-three,,6,25,NONE,False,False,True,False,0.5
8211,5,6,clean,stalled,adaptive,NONE,6,25,NONE,True,False,False,False,0
8211,5,6,clean,stalled,deadline-vote,NONE,6,25,NONE,True,False,False,False,0
8211,5,6,clean,stalled,central-deadline,NONE,6,1,NONE,True,False,False,False,0
8211,5,6,clean,stalled,symbolic-deadline,NONE,6,0,NONE,True,False,False,False,0
8211,5,6,copies,late,majority,NONE,2,5,NONE,True,False,False,False,0
8211,5,6,copies,late,fixed-two,NONE,3,10,NONE,True,False,False,False,0
8211,5,6,copies,late,fixed-three,NONE,5,20,NONE,True,False,False,False,0
8211,5,6,copies,late,adaptive,NONE,5,20,NONE,True,False,False,False,0
8211,5,6,copies,late,deadline-vote,NONE,6,25,NONE,True,False,False,False,0
8211,5,6,copies,late,central-deadline,NONE,6,1,NONE,True,False,False,False,0
8211,5,6,copies,late,symbolic-deadline,NONE,6,0,NONE,True,False,False,False,0
8211,5,6,copies,stalled,majority,NONE,2,5,NONE,True,False,False,False,0
8211,5,6,copies,stalled,fixed-two,NONE,3,10,NONE,True,False,False,False,0
8211,5,6,copies,stalled,fixed-three,,6,25,NONE,False,False,True,False,0.5
8211,5,6,copies,stalled,adaptive,NONE,6,25,NONE,True,False,False,False,0
8211,5,6,copies,stalled,deadline-vote,NONE,6,25,NONE,True,False,False,False,0
8211,5,6,copies,stalled,central-deadline,NONE,6,1,NONE,True,False,False,False,0
8211,5,6,copies,stalled,symbolic-deadline,NONE,6,0,NONE,True,False,False,False,0
8211,5,6,early-wrong,late,majority,A,2,5,NONE,False,True,False,False,1
8211,5,6,early-wrong,late,fixed-two,A,3,10,NONE,False,True,False,False,1
8211,5,6,early-wrong,late,fixed-three,,6,25,NONE,False,False,True,False,0.5
8211,5,6,early-wrong,late,adaptive,NONE,6,25,NONE,True,False,False,False,0
8211,5,6,early-wrong,late,deadline-vote,NONE,6,25,NONE,True,False,False,False,0
8211,5,6,early-wrong,late,central-deadline,NONE,6,1,NONE,True,False,False,False,0
8211,5,6,early-wrong,late,symbolic-deadline,NONE,6,0,NONE,True,False,False,False,0
8211,5,6,early-wrong,stalled,majority,A,2,5,NONE,False,True,False,False,1
8211,5,6,early-wrong,stalled,fixed-two,A,3,10,NONE,False,True,False,False,1
8211,5,6,early-wrong,stalled,fixed-three,,6,25,NONE,False,False,True,False,0.5
8211,5,6,early-wrong,stalled,adaptive,A,6,25,NONE,False,True,False,False,1
8211,5,6,early-wrong,stalled,deadline-vote,A,6,25,NONE,False,True,False,False,1
8211,5,6,early-wrong,stalled,central-deadline,A,6,1,NONE,False,True,False,False,1
8211,5,6,early-wrong,stalled,symbolic-deadline,A,6,0,NONE,False,True,False,False,1
8211,5,6,late-wrong,late,majority,NONE,2,5,NONE,True,False,False,False,0
8211,5,6,late-wrong,late,fixed-two,NONE,3,10,NONE,True,False,False,False,0
8211,5,6,late-wrong,late,fixed-three,,6,25,NONE,False,False,True,False,0.5
8211,5,6,late-wrong,late,adaptive,A,6,25,NONE,False,True,False,False,1
8211,5,6,late-wrong,late,deadline-vote,A,6,25,NONE,False,True,False,False,1
8211,5,6,late-wrong,late,central-deadline,A,6,1,NONE,False,True,False,False,1
8211,5,6,late-wrong,late,symbolic-deadline,A,6,0,NONE,False,True,False,False,1
8211,5,6,late-wrong,stalled,majority,NONE,2,5,NONE,True,False,False,False,0
8211,5,6,late-wrong,stalled,fixed-two,NONE,3,10,NONE,True,False,False,False,0
8211,5,6,late-wrong,stalled,fixed-three,,6,25,NONE,False,False,True,False,0.5
8211,5,6,late-wrong,stalled,adaptive,NONE,6,25,NONE,True,False,False,False,0
8211,5,6,late-wrong,stalled,deadline-vote,NONE,6,25,NONE,True,False,False,False,0
8211,5,6,late-wrong,stalled,central-deadline,NONE,6,1,NONE,True,False,False,False,0
8211,5,6,late-wrong,stalled,symbolic-deadline,NONE,6,0,NONE,True,False,False,False,0
8211,9,3,clean,late,majority,NONE,2,9,NONE,True,False,False,False,0
8211,9,3,clean,late,fixed-two,NONE,3,18,NONE,True,False,False,False,0
8211,9,3,clean,late,fixed-three,,3,18,NONE,False,False,True,False,0.5
8211,9,3,clean,late,adaptive,NONE,3,18,NONE,True,False,False,False,0
8211,9,3,clean,late,deadline-vote,NONE,3,18,NONE,True,False,False,False,0
8211,9,3,clean,late,central-deadline,NONE,3,1,NONE,True,False,False,False,0
8211,9,3,clean,late,symbolic-deadline,NONE,3,0,NONE,True,False,False,False,0
8211,9,3,clean,stalled,majority,NONE,2,9,NONE,True,False,False,False,0
8211,9,3,clean,stalled,fixed-two,NONE,3,18,NONE,True,False,False,False,0
8211,9,3,clean,stalled,fixed-three,,3,18,NONE,False,False,True,False,0.5
8211,9,3,clean,stalled,adaptive,NONE,3,18,NONE,True,False,False,False,0
8211,9,3,clean,stalled,deadline-vote,NONE,3,18,NONE,True,False,False,False,0
8211,9,3,clean,stalled,central-deadline,NONE,3,1,NONE,True,False,False,False,0
8211,9,3,clean,stalled,symbolic-deadline,NONE,3,0,NONE,True,False,False,False,0
8211,9,3,copies,late,majority,NONE,2,9,NONE,True,False,False,False,0
8211,9,3,copies,late,fixed-two,NONE,3,18,NONE,True,False,False,False,0
8211,9,3,copies,late,fixed-three,,3,18,NONE,False,False,True,False,0.5
8211,9,3,copies,late,adaptive,NONE,3,18,NONE,True,False,False,False,0
8211,9,3,copies,late,deadline-vote,NONE,3,18,NONE,True,False,False,False,0
8211,9,3,copies,late,central-deadline,NONE,3,1,NONE,True,False,False,False,0
8211,9,3,copies,late,symbolic-deadline,NONE,3,0,NONE,True,False,False,False,0
8211,9,3,copies,stalled,majority,NONE,2,9,NONE,True,False,False,False,0
8211,9,3,copies,stalled,fixed-two,NONE,3,18,NONE,True,False,False,False,0
8211,9,3,copies,stalled,fixed-three,,3,18,NONE,False,False,True,False,0.5
8211,9,3,copies,stalled,adaptive,NONE,3,18,NONE,True,False,False,False,0
8211,9,3,copies,stalled,deadline-vote,NONE,3,18,NONE,True,False,False,False,0
8211,9,3,copies,stalled,central-deadline,NONE,3,1,NONE,True,False,False,False,0
8211,9,3,copies,stalled,symbolic-deadline,NONE,3,0,NONE,True,False,False,False,0
8211,9,3,early-wrong,late,majority,A,2,9,NONE,False,True,False,False,1
8211,9,3,early-wrong,late,fixed-two,A,3,18,NONE,False,True,False,False,1
8211,9,3,early-wrong,late,fixed-three,,3,18,NONE,False,False,True,False,0.5
8211,9,3,early-wrong,late,adaptive,A,3,18,NONE,False,True,False,False,1
8211,9,3,early-wrong,late,deadline-vote,A,3,18,NONE,False,True,False,False,1
8211,9,3,early-wrong,late,central-deadline,A,3,1,NONE,False,True,False,False,1
8211,9,3,early-wrong,late,symbolic-deadline,A,3,0,NONE,False,True,False,False,1
8211,9,3,early-wrong,stalled,majority,A,2,9,NONE,False,True,False,False,1
8211,9,3,early-wrong,stalled,fixed-two,A,3,18,NONE,False,True,False,False,1
8211,9,3,early-wrong,stalled,fixed-three,,3,18,NONE,False,False,True,False,0.5
8211,9,3,early-wrong,stalled,adaptive,A,3,18,NONE,False,True,False,False,1
8211,9,3,early-wrong,stalled,deadline-vote,A,3,18,NONE,False,True,False,False,1
8211,9,3,early-wrong,stalled,central-deadline,A,3,1,NONE,False,True,False,False,1
8211,9,3,early-wrong,stalled,symbolic-deadline,A,3,0,NONE,False,True,False,False,1
8211,9,3,late-wrong,late,majority,NONE,2,9,NONE,True,False,False,False,0
8211,9,3,late-wrong,late,fixed-two,NONE,3,18,NONE,True,False,False,False,0
8211,9,3,late-wrong,late,fixed-three,,3,18,NONE,False,False,True,False,0.5
8211,9,3,late-wrong,late,adaptive,NONE,3,18,NONE,True,False,False,False,0
8211,9,3,late-wrong,late,deadline-vote,NONE,3,18,NONE,True,False,False,False,0
8211,9,3,late-wrong,late,central-deadline,NONE,3,1,NONE,True,False,False,False,0
8211,9,3,late-wrong,late,symbolic-deadline,NONE,3,0,NONE,True,False,False,False,0
8211,9,3,late-wrong,stalled,majority,NONE,2,9,NONE,True,False,False,False,0
8211,9,3,late-wrong,stalled,fixed-two,NONE,3,18,NONE,True,False,False,False,0
8211,9,3,late-wrong,stalled,fixed-three,,3,18,NONE,False,False,True,False,0.5
8211,9,3,late-wrong,stalled,adaptive,NONE,3,18,NONE,True,False,False,False,0
8211,9,3,late-wrong,stalled,deadline-vote,NONE,3,18,NONE,True,False,False,False,0
8211,9,3,late-wrong,stalled,central-deadline,NONE,3,1,NONE,True,False,False,False,0
8211,9,3,late-wrong,stalled,symbolic-deadline,NONE,3,0,NONE,True,False,False,False,0
8211,9,6,clean,late,majority,NONE,2,9,NONE,True,False,False,False,0
8211,9,6,clean,late,fixed-two,NONE,3,18,NONE,True,False,False,False,0
8211,9,6,clean,late,fixed-three,NONE,5,36,NONE,True,False,False,False,0
8211,9,6,clean,late,adaptive,NONE,5,36,NONE,True,False,False,False,0
8211,9,6,clean,late,deadline-vote,NONE,6,45,NONE,True,False,False,False,0
8211,9,6,clean,late,central-deadline,NONE,6,1,NONE,True,False,False,False,0
8211,9,6,clean,late,symbolic-deadline,NONE,6,0,NONE,True,False,False,False,0
8211,9,6,clean,stalled,majority,NONE,2,9,NONE,True,False,False,False,0
8211,9,6,clean,stalled,fixed-two,NONE,3,18,NONE,True,False,False,False,0
8211,9,6,clean,stalled,fixed-three,,6,45,NONE,False,False,True,False,0.5
8211,9,6,clean,stalled,adaptive,NONE,6,45,NONE,True,False,False,False,0
8211,9,6,clean,stalled,deadline-vote,NONE,6,45,NONE,True,False,False,False,0
8211,9,6,clean,stalled,central-deadline,NONE,6,1,NONE,True,False,False,False,0
8211,9,6,clean,stalled,symbolic-deadline,NONE,6,0,NONE,True,False,False,False,0
8211,9,6,copies,late,majority,NONE,2,9,NONE,True,False,False,False,0
8211,9,6,copies,late,fixed-two,NONE,3,18,NONE,True,False,False,False,0
8211,9,6,copies,late,fixed-three,NONE,5,36,NONE,True,False,False,False,0
8211,9,6,copies,late,adaptive,NONE,5,36,NONE,True,False,False,False,0
8211,9,6,copies,late,deadline-vote,NONE,6,45,NONE,True,False,False,False,0
8211,9,6,copies,late,central-deadline,NONE,6,1,NONE,True,False,False,False,0
8211,9,6,copies,late,symbolic-deadline,NONE,6,0,NONE,True,False,False,False,0
8211,9,6,copies,stalled,majority,NONE,2,9,NONE,True,False,False,False,0
8211,9,6,copies,stalled,fixed-two,NONE,3,18,NONE,True,False,False,False,0
8211,9,6,copies,stalled,fixed-three,,6,45,NONE,False,False,True,False,0.5
8211,9,6,copies,stalled,adaptive,NONE,6,45,NONE,True,False,False,False,0
8211,9,6,copies,stalled,deadline-vote,NONE,6,45,NONE,True,False,False,False,0
8211,9,6,copies,stalled,central-deadline,NONE,6,1,NONE,True,False,False,False,0
8211,9,6,copies,stalled,symbolic-deadline,NONE,6,0,NONE,True,False,False,False,0
8211,9,6,early-wrong,late,majority,A,2,9,NONE,False,True,False,False,1
8211,9,6,early-wrong,late,fixed-two,A,3,18,NONE,False,True,False,False,1
8211,9,6,early-wrong,late,fixed-three,,6,45,NONE,False,False,True,False,0.5
8211,9,6,early-wrong,late,adaptive,NONE,6,45,NONE,True,False,False,False,0
8211,9,6,early-wrong,late,deadline-vote,NONE,6,45,NONE,True,False,False,False,0
8211,9,6,early-wrong,late,central-deadline,NONE,6,1,NONE,True,False,False,False,0
8211,9,6,early-wrong,late,symbolic-deadline,NONE,6,0,NONE,True,False,False,False,0
8211,9,6,early-wrong,stalled,majority,A,2,9,NONE,False,True,False,False,1
8211,9,6,early-wrong,stalled,fixed-two,A,3,18,NONE,False,True,False,False,1
8211,9,6,early-wrong,stalled,fixed-three,,6,45,NONE,False,False,True,False,0.5
8211,9,6,early-wrong,stalled,adaptive,A,6,45,NONE,False,True,False,False,1
8211,9,6,early-wrong,stalled,deadline-vote,A,6,45,NONE,False,True,False,False,1
8211,9,6,early-wrong,stalled,central-deadline,A,6,1,NONE,False,True,False,False,1
8211,9,6,early-wrong,stalled,symbolic-deadline,A,6,0,NONE,False,True,False,False,1
8211,9,6,late-wrong,late,majority,NONE,2,9,NONE,True,False,False,False,0
8211,9,6,late-wrong,late,fixed-two,NONE,3,18,NONE,True,False,False,False,0
8211,9,6,late-wrong,late,fixed-three,,6,45,NONE,False,False,True,False,0.5
8211,9,6,late-wrong,late,adaptive,A,6,45,NONE,False,True,False,False,1
8211,9,6,late-wrong,late,deadline-vote,A,6,45,NONE,False,True,False,False,1
8211,9,6,late-wrong,late,central-deadline,A,6,1,NONE,False,True,False,False,1
8211,9,6,late-wrong,late,symbolic-deadline,A,6,0,NONE,False,True,False,False,1
8211,9,6,late-wrong,stalled,majority,NONE,2,9,NONE,True,False,False,False,0
8211,9,6,late-wrong,stalled,fixed-two,NONE,3,18,NONE,True,False,False,False,0
8211,9,6,late-wrong,stalled,fixed-three,,6,45,NONE,False,False,True,False,0.5
8211,9,6,late-wrong,stalled,adaptive,NONE,6,45,NONE,True,False,False,False,0
8211,9,6,late-wrong,stalled,deadline-vote,NONE,6,45,NONE,True,False,False,False,0
8211,9,6,late-wrong,stalled,central-deadline,NONE,6,1,NONE,True,False,False,False,0
8211,9,6,late-wrong,stalled,symbolic-deadline,NONE,6,0,NONE,True,False,False,False,0
