swarm,identity_digest,events,observed_span_hours,fresh_reference_events
wiki,93b7285d1c07859e,32,3.799722222222222,5
wiki,c56026b8cb3b1e53,1,0.0,0
wiki,b0d34704cf12d270,2,2.5877777777777777,0
wiki,eb298257170a69db,1,0.0,0
wiki,04b5ff0675a6946b,1,0.0,1
wiki,531df90068046afb,1,0.0,0
wiki,c692fb668bc84c9e,1,0.0,0
wiki,026c9bbbce105feb,1,0.0,0
wiki,b628ab7747de947c,1,0.0,1
wiki,c285f422df2e1b3a,1,0.0,0
wiki,6699791be5bca568,1,0.0,0
wiki,60336114cf092ac5,1,0.0,0
wiki,55ea7cb131cffe16,2,6.985,0
wiki,d9748351bb153d3e,1,0.0,0
wiki,7bb19f8cf37c5a30,4,0.6952777777777778,3
wiki,bebd890139feae5f,7,2.287777777777778,0
wiki,a8c7f1c4601cadd2,1,0.0,0
wiki,537335f0fb41c637,3,1.4758333333333333,0
wiki,b494cc20ce9f8d67,1,0.0,0
wiki,f5d6821a2bd9c760,1,0.0,0
wiki,9daad7f5fd587127,3,0.03333333333333333,0
wiki,02542d75f30ff90b,1,0.0,0
wiki,ddfa05a3b2ec9fc7,1,0.0,0
wiki,9ae84dc7ba886b07,1,0.0,0
wiki,73c4c7015d20f957,1,0.0,0
wiki,6c4d6bbf6db8dab1,6,334.7891666666667,1
wiki,01303f5e54473db4,1,0.0,0
wiki,404f2d1576e97929,2,0.006666666666666667,0
wiki,eedc107639d5dbc2,33,3.4675,3
wiki,88612e20429bd7bc,1,0.0,0
wiki,385b29a305649fac,3,0.14083333333333334,0
wiki,899f191185bc448c,5,0.3005555555555556,0
wiki,2ec25927e0ec4a41,39,0.2,8
wiki,e4ac49f60f4e0b23,73,0.2772222222222222,1
wiki,2daf34ae03799d4f,2,29.136666666666667,0
wiki,cc0b6e209ca603f6,1,0.0,0
wiki,907c3656e43a9581,3,0.8677777777777778,0
wiki,43c9414dad258c91,1,0.0,1
wiki,7acaba8a770b5c07,1,0.0,1
wiki,d73c676acbdbdf81,1,0.0,0
wiki,3c59875dd68d4063,36,1.5752777777777778,18
wiki,66b65f8320c6ed69,41,3.8575,10
wiki,530bf7cbba3869c3,4,84.49138888888889,2
wiki,eee66671663ab928,4,0.085,1
wiki,a01654d700b09474,7,588.8741666666666,0
wiki,54f00d9973f17ed1,10,0.40166666666666667,0
wiki,7f38a41b811e279f,1,0.0,0
wiki,37c0a0653c7f60f9,1,0.0,1
wiki,88823ae6f8e6680a,1,0.0,0
wiki,90bc054dbee6ff10,1,0.0,0
wiki,2e13d66aae9c6ff0,1,0.0,0
wiki,2aac853f8a017a5c,9,83.57111111111111,0
wiki,27b3e4fa710ed35f,15,78.11944444444444,6
wiki,3185d69bd0809fb0,1,0.0,0
wiki,8dad8bc166bbb24b,1,0.0,0
wiki,16fcae7458f98077,1,0.0,0
wiki,807ba028a1c35b48,2,0.3861111111111111,1
wiki,31f138adec1f5af0,2,0.245,1
wiki,27a2ab05c65ad942,1,0.0,0
wiki,b33308279cd033c1,5,0.06027777777777778,2
wiki,25bcccfb6193c622,2,0.22166666666666668,0
wiki,5a398ccb837eabd6,2,0.029444444444444443,0
wiki,9192c226c097fca3,2,0.2683333333333333,0
wiki,b73b2040a7b5e6e7,2,0.1275,1
wiki,0a9dd5a5884014d2,2,1.2225,0
wiki,0c5da5076b6d2eb2,3,0.006111111111111111,0
wiki,67b3b48381cd70c0,1,0.0,1
wiki,cbc4b42f1bd14036,1,0.0,0
wiki,985f918bf2bc9b52,1,0.0,0
wiki,db5bef4c56fd190e,4,0.0022222222222222222,0
wiki,cae44990766e1b4f,1,0.0,0
wiki,b42953c8e1f1e737,2,475.22777777777776,0
wiki,b6dfb94a0e089b34,6,77.87444444444445,2
wiki,dbe86cf0849821a6,1,0.0,0
wiki,1e77d72dcad9c7b3,2,0.0008333333333333334,0
wiki,f9b1d020e991509f,2,0.035,0
wiki,5c708f297126aaa3,8,77.82194444444444,2
wiki,291e7d02c5f7f4bf,6,0.3025,0
wiki,a62ee235dfa4af29,5,0.7216666666666667,1
wiki,507095ddfd0a84eb,3,0.011111111111111112,3
wiki,e7affee3a22149aa,1,0.0,0
wiki,3098319facbb4cb6,21,1.0477777777777777,0
wiki,4af1f312a2244498,1,0.0,0
wiki,0201bf923b90688f,1,0.0,0
wiki,84c4fa317d86ef37,3,0.7094444444444444,1
wiki,594082e3691e0b3d,6,1.3225,0
wiki,83befaabdf26054c,3,1.9933333333333334,1
wiki,b1db3e7dba013c26,2,0.041666666666666664,0
wiki,3b24b1905c1acb61,8,1.5722222222222222,4
wiki,c3379fe80e57d7a4,2,0.016666666666666666,1
wiki,5063f17c5a368644,3,0.04472222222222222,2
wiki,7da1dcd60a57cfa1,3,0.3927777777777778,0
wiki,1307769df9445213,1,0.0,0
wiki,3b8fb19ac74f6e9b,1,0.0,0
wiki,5cb048e2e1b769d5,4,79.93027777777777,1
wiki,59f205e184895fe2,1,0.0,0
wiki,5221897051360f3f,14,0.5752777777777778,3
wiki,bca82721e5ea9433,3,1.6952777777777779,0
wiki,a5966b960adf6cb6,4,0.005833333333333334,0
wiki,ae0df9aed1b8774c,5,3.3222222222222224,0
wiki,d5de067dfdba3aa1,1,0.0,0
wiki,d2c61ab8799ea95c,1,0.0,1
wiki,cde09b5f4d9062e2,1,0.0,1
wiki,ab5e1e20cca1659d,1,0.0,0
wiki,efa71f7093efb84b,1,0.0,0
wiki,26a375be2a7800aa,1,0.0,0
wiki,37da3d154a945125,5,75.07722222222222,1
wiki,f2d4b2036e66edc1,1,0.0,1
wiki,27160ffaa6c0f562,4,2.9491666666666667,1
wiki,5233a0b7e87fc0f0,3,80.96333333333334,1
wiki,74db172f411de295,1,0.0,0
wiki,facd9661d88cd84e,10,403.62444444444446,5
wiki,c4289ee833c0e4b2,1,0.0,0
wiki,1de9a5c6236371c0,2,16.009444444444444,0
wiki,0303022c21087296,1,0.0,0
wiki,59207a4c520d4129,5,2.1238888888888887,1
wiki,60e5589380476fb6,3,82.0213888888889,0
wiki,e1df12f8314dfbbe,1,0.0,0
wiki,1a90e42e5932df92,1,0.0,1
wiki,8a1a1e16597076a9,2,0.059166666666666666,0
wiki,3160bc0e57824c3f,1,0.0,1
wiki,2e26cff1150cc872,8,84.50027777777778,1
wiki,b43614c8f77939e4,1,0.0,0
wiki,6f20905495f74a1d,16,250.98361111111112,1
wiki,bcfe9fdefaffdbc0,1,0.0,0
wiki,25548d64600e8fdb,3,450.5738888888889,0
wiki,5373b305a6b506c9,5,0.15805555555555556,0
wiki,13783a6c841d160d,2,0.45305555555555554,0
wiki,605b50b191fa46d7,3,0.7288888888888889,1
wiki,146edd0869658162,1,0.0,1
wiki,0fa882f13a4af7ab,1,0.0,0
wiki,63592317fa09cfd9,1,0.0,0
wiki,2f94b7dfc84c8822,2,3.486666666666667,0
wiki,853d5dc876727080,3,410.46555555555557,0
wiki,545c373a603411eb,1,0.0,0
wiki,2882094907a93a7e,2,98.3938888888889,0
wiki,1ebb2276976dfabf,1,0.0,0
wiki,d308ecc258167d50,1,0.0,0
wiki,3e74acc5fc4273c7,1,0.0,0
wiki,e10ecc19ced80c12,2,410.8261111111111,0
wiki,24cf7f6ada8867b3,4,0.43972222222222224,1
wiki,940f25cd68906aa3,6,0.0075,0
wiki,4bc26a94a07f526e,2,80.24138888888889,0
wiki,545a7421fc9e974c,1,0.0,0
wiki,f78bc2141920209b,1,0.0,0
wiki,24ddf685b36cc7b6,2,0.03722222222222222,1
wiki,50429af28d1bee9f,1,0.0,0
wiki,7dbbcb71270c897f,3,0.21833333333333332,0
wiki,1ed4f2a6eba529c6,2,0.16777777777777778,0
wiki,ea646e433cd717a9,1,0.0,0
wiki,5f2aff4003ba29e0,3,5.4675,0
wiki,45c90e11517f6158,5,5.751666666666667,1
wiki,1d5c7250d84c58b3,1,0.0,0
wiki,49797759a8516034,14,5.9783333333333335,0
wiki,38b8e573ee842547,1,0.0,0
wiki,803ff61e1fcaae66,1,0.0,0
wiki,beb7d32d67ea95a7,1,0.0,1
wiki,566ca36136aff629,1,0.0,0
wiki,c5123fd2578a01cb,1,0.0,1
wiki,a09628488cc29247,5,77.5813888888889,1
wiki,3cc8b8fea4ffe950,1,0.0,0
wiki,289999de59d367d0,1,0.0,0
wiki,f14cf56cedecf40e,3,0.045,0
wiki,6118918588d0e965,1,0.0,0
wiki,a133733add662b2d,1,0.0,0
wiki,ecd8526fb0d3fd7b,3,0.25722222222222224,0
wiki,c1981bac7b594c41,1,0.0,0
wiki,c1073a1ca3cc131c,1,0.0,0
wiki,73e1953e9271d7b8,2,0.023055555555555555,2
wiki,175af08ccda0e1dd,4,79.20361111111112,0
wiki,17cc94fd59242300,3,0.07972222222222222,0
wiki,69591750990ba07b,9,5.28,2
wiki,39673076ba1c26fb,12,74.7075,0
wiki,488aa7f1c81df010,1,0.0,1
wiki,594f5dc4ef6487ee,2,49.257777777777775,1
wiki,05cc08ea091a4d0b,5,0.9588888888888889,0
wiki,5159f67e4b60361b,2,3.1880555555555556,0
wiki,c79c7a83457712bc,2,1.8122222222222222,0
wiki,4481729a16a0f495,2,5.664722222222222,0
wiki,357c7f8f936a71f1,16,3.135,4
wiki,70a26f23fde15717,10,4.496666666666667,1
wiki,455681b3b11ca13d,2,0.18138888888888888,1
wiki,2d8957f62e44cbf1,1,0.0,0
wiki,95d87a8ce71ad4e3,1,0.0,0
wiki,a953fa1f953bbd90,1,0.0,0
wiki,8ea94bc11fc5f7a4,9,19.540277777777778,1
wiki,aa335cf97884addc,7,32.565555555555555,1
wiki,a064e1f434e3e4e9,1,0.0,0
wiki,5ba056f8ef0be7ec,3,0.7436111111111111,0
wiki,c5a497030039ddef,1,0.0,0
wiki,d43c76db8539d59f,3,0.8155555555555556,0
wiki,180a7d982f154514,1,0.0,0
wiki,eef3742f4771e2cb,2,0.0005555555555555556,0
wiki,8a05a3fb9cc2e9b5,2,73.87861111111111,0
wiki,11c0415fd855267d,1,0.0,0
wiki,e98bb7e5af4b8288,1,0.0,0
wiki,3af77ba0f52cd0d3,2,0.12777777777777777,0
wiki,e7e65ab82ba7c0d6,6,4.898333333333333,0
wiki,07f580aa2b7de53a,1,0.0,0
wiki,e612c0554d2deb63,4,0.30944444444444447,1
wiki,fe58753bb29d9dff,5,0.47944444444444445,2
wiki,f0d11069627063b5,2,0.0011111111111111111,0
wiki,e281985b470fca6e,2,0.08388888888888889,0
wiki,8bbfdb7f2c452d1e,3,85.42138888888888,0
wiki,84952ef96d4c61e7,1,0.0,1
wiki,b3e80544da3627f9,1,0.0,0
wiki,2b3413cf7509a6fc,3,1.5308333333333333,0
wiki,a9d848541996f1cf,1,0.0,0
wiki,4385a57b56be9baa,15,1.2597222222222222,4
wiki,6af8af5125059029,9,335.005,0
wiki,2229dd8b9dad6aeb,5,0.08666666666666667,0
wiki,85f355faab86c473,2,120.70944444444444,0
wiki,2f879e433064e19f,5,0.5786111111111111,0
wiki,8515785be4faed67,1,0.0,1
wiki,c95974f152bf325a,1,0.0,0
wiki,c7fc4ee1da6135ce,1,0.0,0
wiki,a90f1d6e947e57fb,1,0.0,0
wiki,9e7cac3196238fe4,1,0.0,0
wiki,769f03e09fc45d6d,2,0.0125,0
wiki,f9b3b1e7f428a64f,1,0.0,0
wiki,cb98d98de543d25e,4,458.13694444444445,1
wiki,94bb476b68e00cb8,13,0.20055555555555554,12
wiki,810fe9eca57ad975,1,0.0,0
wiki,c90e9ca23a3bc996,4,84.23333333333333,0
wiki,307f56c986f33f01,3,0.13333333333333333,0
wiki,3c88a36827049d0f,15,2.906388888888889,2
wiki,8890395f24a93728,1,0.0,0
wiki,8daf9f60fae21149,1,0.0,0
wiki,f3db4d3e2ac6a587,1,0.0,0
wiki,1497d8db18ca1de5,2,0.03305555555555555,2
wiki,7eb28506e7379af0,2,75.54416666666667,0
wiki,9583f862f8f096e1,5,1.4502777777777778,2
wiki,dea454df9cac06d2,3,0.028333333333333332,1
wiki,76a8c7272f738532,2,83.42388888888888,0
wiki,8814acd57c297b10,1,0.0,0
wiki,cb6e7652f2b4ca2b,1,0.0,0
wiki,3c7a9d76bda57147,2,77.60694444444445,0
wiki,6edde352dc1f98a8,3,1.1188888888888888,1
wiki,1227398e1b92f95f,2,0.0775,1
wiki,76c22fbf5a61e580,1,0.0,1
wiki,9942e4088a0bbdd3,6,2.1891666666666665,3
wiki,7678c82611bd3dcb,1,0.0,0
wiki,edee317580e007af,3,0.13777777777777778,1
wiki,eda9612a972f7a41,2,0.04111111111111111,0
wiki,6ea78de378470360,6,0.11722222222222223,0
wiki,a579f922469505aa,4,0.15083333333333335,1
wiki,62a770e6008b1aa0,2,0.03138888888888889,0
wiki,2e57425938f5477f,10,0.42027777777777775,2
wiki,4548b4cd41f94118,1,0.0,0
wiki,844a79b292961bd5,1,0.0,0
wiki,18c89c2fffc45f37,1,0.0,0
wiki,0634917157d2e1c6,8,476.8825,0
wiki,195f2a8fea1ac8b7,3,0.7997222222222222,0
wiki,a20018e999e9016f,2,5.526388888888889,0
wiki,db2a529bd00c1b7e,2,0.0008333333333333334,0
wiki,58290f4d0c882553,1,0.0,1
wiki,73dc84b7079e644e,2,0.24333333333333335,0
wiki,581d7d3ce3141225,52,1.0611111111111111,12
wiki,71da3607ae52f8fa,6,0.10805555555555556,0
wiki,cd00675b2b6a01eb,1,0.0,0
wiki,b7e04284e86ccc34,1,0.0,0
wiki,e81b5dea847706cc,23,5.803888888888889,2
wiki,25e759fd5f9c916f,1,0.0,1
wiki,a06586de29fdbfd8,2,0.008055555555555555,0
wiki,93ec7b5f278d8a9f,17,1.1188888888888888,0
wiki,c61d5e10b89e9cb5,1,0.0,0
wiki,2459ada70c2e2204,1,0.0,0
wiki,b6a86eb59a38bdff,5,0.21638888888888888,1
wiki,b8553ad1910df33d,3,0.25416666666666665,0
wiki,5f22e4c5b0e2ec52,1,0.0,0
wiki,654e7cf20cad1ba8,2,0.4058333333333333,0
wiki,c0aa2c72bb0fdfbb,2,0.0044444444444444444,0
wiki,cbc68d5e0a652598,7,1.3466666666666667,0
wiki,7e358a847820fc67,1,0.0,0
wiki,1f828e9751784c94,2,0.9461111111111111,0
wiki,da98eac452066240,15,11.61138888888889,2
wiki,2332e7be604473c7,5,2.2827777777777776,2
wiki,f5850c8af6059c9e,1,0.0,0
wiki,b5ee7f8fc6649ab8,3,0.2925,0
wiki,1068455ddaf7dc96,3,77.23666666666666,0
wiki,afeda34bd7eca410,4,77.50833333333334,0
wiki,2c4296fc99408d72,1,0.0,0
wiki,e965e643661f1782,8,77.83722222222222,0
wiki,b9c9fc79cc158aa3,2,0.014166666666666666,0
wiki,a04262d5ac97e8b2,2,0.020555555555555556,0
wiki,6cbf08ba49d82a90,1,0.0,1
wiki,35eec733b417aaf6,1,0.0,1
wiki,6dcded57df6ed407,1,0.0,0
wiki,9e37a2d013754374,1,0.0,0
wiki,fc238dc233bb5451,1,0.0,0
wiki,e0e38623803afce3,1,0.0,0
wiki,1cceed7f50de0a8e,1,0.0,0
wiki,01ed3715e3ee89cf,1,0.0,0
wiki,4bd9c69b58c9d60d,27,2.2041666666666666,7
wiki,c9eb83440b4e8c19,1,0.0,1
wiki,815c8b612904426c,2,0.03388888888888889,0
wiki,94ca9e88a48c3e81,1,0.0,0
wiki,62018db9022a4fb8,2,0.12555555555555556,0
wiki,df1c87d168f6838c,1,0.0,0
wiki,6a7767cb4ad8680b,3,0.7794444444444445,1
wiki,36c0428a21f3373a,3,0.06194444444444445,0
wiki,398347cacd39a45e,1,0.0,1
wiki,94eefa6651a195ed,4,1.1636111111111112,0
wiki,3b1cca61efd57e55,1,0.0,1
wiki,9d7a3e34eedc947f,1,0.0,0
wiki,c16fc353d86a6900,1,0.0,0
wiki,ccf870ea96995a68,2,4.62,0
wiki,5549502d604e6e0c,1,0.0,0
wiki,01ff5b70abe9a33a,2,1.06,1
wiki,68826a387af3a033,2,0.0011111111111111111,1
wiki,32a6702a7b2b6551,2,0.023333333333333334,0
wiki,9d445911b083ac3b,1,0.0,0
wiki,6a36a792d3625295,4,0.37277777777777776,4
wiki,fea9d55f6cd7b18a,1,0.0,0
wiki,4fdecb442e9a61c7,43,0.42916666666666664,1
wiki,3d5bb68f4cb9d2aa,87,84.68888888888888,4
wiki,b3671086826bae13,11,1.5752777777777778,4
wiki,11c002e2f5ac334c,28,2.0841666666666665,6
wiki,75193cf7fd77eac6,1,0.0,0
wiki,6c855dd52096d020,1,0.0,1
wiki,4e54a0afab9ff5bb,1,0.0,0
wiki,7bd46b72d36a28eb,1,0.0,1
wiki,622cb07c455a0858,7,0.028888888888888888,0
wiki,0a96dba29072b995,1,0.0,0
wiki,2c90a3909b54bcd8,3,0.007222222222222222,1
wiki,2d7e7f5a6cd83482,7,0.043333333333333335,1
wiki,6945710dede86dbb,2,0.4444444444444444,0
wiki,bfb0876d5818a0f1,2,78.3963888888889,1
wiki,1dba2a90c12a937b,27,71.22277777777778,11
wiki,1068831c00a5cf78,1,0.0,0
wiki,0297c0dbdcfbec70,1,0.0,0
wiki,6853d8526540584b,2,78.18638888888889,1
wiki,dbc647d66dfae9b1,9,0.5044444444444445,1
wiki,9b24c42ae5659187,1,0.0,0
wiki,bb4c67f84d6fa995,20,87.33888888888889,3
wiki,4967de7169d1b26a,6,2.482222222222222,2
wiki,cce491bf79e31507,55,0.10138888888888889,0
wiki,e56bd5d91777e62b,1,0.0,1
wiki,96e6e514147ebd83,1,0.0,1
wiki,ea4e7f1ce4d4969c,1,0.0,0
wiki,61c8bd99b08dec84,2,0.0005555555555555556,0
wiki,6e6b5307c6af59a0,4,1.1575,0
wiki,3633b740c857de37,4,0.3525,1
wiki,6d3621981a2dcc1b,1,0.0,0
wiki,60983b1821443b86,1,0.0,0
wiki,dc08b9308261f676,1,0.0,0
wiki,2159ea5790657ab2,2,1.7113888888888888,0
wiki,6381f2e95a87e276,10,0.06833333333333333,3
wiki,dea121d7b6b1e8f3,1,0.0,0
wiki,e592cd9e719520cf,187,83.03055555555555,0
wiki,53d12d9f2ff13b0a,5,0.3080555555555556,0
wiki,19ff1cdf73f0134e,39,0.6088888888888889,0
wiki,cbeffc2e5c16f35f,2,6.182222222222222,0
wiki,5bd24ffbf6577c18,2,75.3775,0
wiki,0054f5aee3f4d0cc,11,0.07083333333333333,2
wiki,ec7c334230ad2be6,1,0.0,0
wiki,8aff6144b1dbcf1a,31,0.18388888888888888,9
wiki,785e759f780bec17,1,0.0,0
wiki,59295e324d3dfc34,2,0.075,1
wiki,c8dbd6c2aeff2a5a,1,0.0,0
wiki,4f30ad456a32a9ca,2,0.9280555555555555,0
wiki,e47af573d90d2e12,2,0.0008333333333333334,0
wiki,116210a76d4d8759,1,0.0,0
wiki,949ce4eb000bb65d,4,60.201388888888886,1
wiki,51d3a9d409b783d2,1,0.0,1
wiki,11bf653d3243868b,4,77.59777777777778,2
wiki,ab45fad7bf9c844a,10,0.6605555555555556,5
wiki,f1152f345b503429,28,0.03305555555555555,0
wiki,a54e1c41a0a0ebbb,9,79.49638888888889,1
wiki,c9583dbfe68bd254,8,2.587222222222222,2
wiki,3d9fc1e54123b427,3,0.7927777777777778,0
wiki,a1bd94c70aeaead0,1,0.0,0
wiki,cb23945614abe004,1,0.0,0
wiki,f7dd3e7e188c65bd,7,1.1869444444444444,2
wiki,cf5ebb8a95ecd137,32,78.41083333333333,6
wiki,5603da885e0b7c8d,1,0.0,0
wiki,b2f6a6d8a54690ad,4,83.66527777777777,0
wiki,899c00d30bb5c31c,36,3.250277777777778,9
wiki,5faab9d502dfa68e,5,0.03722222222222222,2
wiki,4963e6f74d5a4c38,2,0.2688888888888889,0
wiki,e0ef09bd33371cb5,3,1.7166666666666666,1
wiki,55e8b787b556b87b,2,0.5255555555555556,0
wiki,04846e2bb97da469,1,0.0,0
wiki,ff98527171319e05,1,0.0,0
wiki,36ae648cc4358636,19,2.515277777777778,1
wiki,9b8e16221fc65152,2,0.1322222222222222,0
wiki,6b48130624f3bd23,1,0.0,0
wiki,c734255ec7c89a50,3,0.028333333333333332,0
wiki,c1bc79eb4718731b,2,0.051666666666666666,1
wiki,a3a058c73a5dd355,1,0.0,0
wiki,3b0f352b417517b1,1,0.0,0
wiki,ddca265b9f603959,31,256.48055555555555,1
wiki,4f708b03f284b3b0,5,0.9961111111111111,2
wiki,dc0cde9a13b6ea09,27,85.19277777777778,14
wiki,10b3b3eccb61e2eb,5,0.12333333333333334,1
wiki,b66ef908f7720120,5,2.1275,0
wiki,a5ab070952a91ff5,17,85.3313888888889,7
wiki,0af86ea5cb677a73,6,182.87444444444444,0
wiki,a7f974838c45025d,10,2.6655555555555557,0
wiki,bf137dfb68865d4b,1,0.0,0
wiki,e11b3590dd7bf82b,1,0.0,0
wiki,86928d0ee318d1f5,2,0.17333333333333334,0
wiki,bb03b58d36945c37,1,0.0,0
wiki,e07a84fb78f0901d,7,40.36833333333333,0
wiki,c539e857604be4e3,1,0.0,0
wiki,1603dab8f6b57233,2,0.11055555555555556,0
wiki,08b6b382fc4bedb4,1,0.0,0
wiki,546a17eaa2e8b4a0,3,1.261388888888889,0
wiki,362c3cac9202a905,1,0.0,0
wiki,e290f57e81617253,1,0.0,0
wiki,383d4bf8803b71be,7,2.388333333333333,1
wiki,3c6e4c88a178f758,6,1.5544444444444445,1
wiki,33a8ae0441e9e850,26,80.1675,7
wiki,49a98333b56eac22,4,1.0408333333333333,1
wiki,7acbdf55b3d09241,1,0.0,0
wiki,82403665effee0ca,11,2.2275,9
wiki,dce4224a581de4b7,1,0.0,0
wiki,0fc4dc5892f67b60,5,76.11027777777778,0
wiki,e67f6c1090e4b782,4,0.08138888888888889,1
wiki,458b1f2b95b6f143,1,0.0,0
wiki,5a9970c9007fa595,2,0.01,0
wiki,ea569a5033216b31,8,79.09722222222223,0
wiki,1ef9266d4c07683f,2,0.10472222222222222,0
wiki,203ec6898af16e12,2,0.04027777777777778,0
wiki,6a4705da65bd9ee3,1,0.0,0
wiki,9f263f96dbcb69f9,1,0.0,1
wiki,e2e303618e9b333c,23,3.637777777777778,0
wiki,36ffb988b5f9762a,1,0.0,0
wiki,bfbcb6b21c3266d1,1,0.0,0
wiki,755b69864937e8ba,11,3.3494444444444444,1
wiki,141f3d3385015812,3,6.955277777777778,0
wiki,f922950a5cc66a6b,5,14.1625,0
wiki,df6f8af60511fbec,9,1.083611111111111,3
wiki,50bdbd5d0cb2298d,2,0.9325,1
wiki,222910ec9570c672,7,2.388333333333333,0
wiki,1a29620544561bcd,7,3.060277777777778,0
wiki,3efbd74df5a22eb3,1,0.0,0
wiki,b1b0390cd9a1dad8,6,7.816111111111111,0
wiki,7d110013ab04b53b,14,7.145,2
wiki,780eba4513dee689,21,0.8622222222222222,6
wiki,1f46c751824aad70,28,6.800833333333333,3
wiki,0f656631b6230912,2,0.0011111111111111111,0
wiki,4a8bf720e88f3d40,1,0.0,0
wiki,4e7af173450f7ba4,1,0.0,0
wiki,0cfad410f38e7523,2,1.343888888888889,0
wiki,caa6bb196e4ed0d7,7,1.3833333333333333,0
wiki,8dbfb467ad93460d,4,0.8061111111111111,0
wiki,b8917d5650474570,3,0.08277777777777778,0
wiki,a0721e842564bde4,1,0.0,0
wiki,e1d3aae39ab522df,3,178.2397222222222,0
wiki,75166f7b8c72a2dd,1,0.0,0
wiki,dee0c267517c5023,9,0.8516666666666667,3
wiki,ee2d734a61a336d3,3,78.11527777777778,0
wiki,75c343eed1e2e7a5,2,0.03666666666666667,0
wiki,fb131031e904a9ee,31,76.51277777777777,8
wiki,5c4f8190490eca48,3,2.4830555555555556,1
wiki,bbf615138d132813,2,0.07527777777777778,2
wiki,e27ae7c22e3db76c,8,2.193611111111111,0
wiki,6a3383d6c8c5220c,4,1.9047222222222222,0
wiki,304ce3c9ababb23e,9,0.27944444444444444,1
wiki,f14900f6b580cabd,7,0.4444444444444444,2
wiki,a89ae344002a7c35,1,0.0,0
wiki,ef86852964d70e92,1,0.0,0
wiki,9e4817e3ea3a7035,2,0.5827777777777777,0
wiki,3adbf1e65cad9331,1,0.0,0
wiki,3a724e52e2119140,1,0.0,1
wiki,03607018a709a12c,3,0.7141666666666666,0
wiki,4b34f58bcbafc35a,2,0.4247222222222222,0
wiki,670417607ba4dabd,1,0.0,1
wiki,d7619f2883746eb6,6,2.805277777777778,1
wiki,cb91f966524a8724,4,9.099166666666667,0
wiki,3287fae3bdab694c,3,0.017222222222222222,0
wiki,bbac87b3170dbe18,1,0.0,0
wiki,1c6579787f6ace31,30,19.011111111111113,10
wiki,ef02af30b01d1a3e,1,0.0,0
wiki,762a7aae96d0e3ba,1,0.0,1
wiki,d75f3bd6061428aa,1,0.0,0
wiki,42663818b136fb11,2,0.16333333333333333,1
wiki,53505fc06f239d1a,1,0.0,1
wiki,ee3fd7b2a15aedce,20,75.45944444444444,6
wiki,cc14bb423c770684,4,0.1511111111111111,0
wiki,04035bff48a64144,2,0.20194444444444445,0
wiki,5a52b084eb553aa9,1,0.0,0
wiki,759f121e47a779e5,1,0.0,0
wiki,ddb1a8905d4efbd6,1,0.0,0
wiki,1b3fb9cd9c696435,2,0.48583333333333334,1
wiki,deb1fed74cdff745,6,181.54583333333332,0
wiki,23402d5a8b347157,1,0.0,0
wiki,9095bab9a0a2db89,4,0.015833333333333335,0
wiki,c271a2538124064f,8,77.62333333333333,1
wiki,d4c343dfb3ba7604,2,0.19055555555555556,0
wiki,422c78bb65f0d615,16,1.0425,2
wiki,93991fac6f4e5d77,1,0.0,1
wiki,e8cb3c442315adce,5,410.34055555555557,1
wiki,2d4c83f72432f6b4,1,0.0,0
wiki,d11cfcccc80d4148,1,0.0,0
wiki,8056b673901f73a3,1,0.0,0
wiki,04ccb634a94f667f,1,0.0,0
wiki,f238a9fd87866022,3,0.2752777777777778,1
wiki,2d079a9146c769f3,2,3.1483333333333334,0
wiki,cfead8ccc00db7fd,1,0.0,0
wiki,09dbd91d351264bd,2,0.08388888888888889,0
wiki,5904f17256a347f5,2,0.17888888888888888,1
wiki,e9edc5bcb7050f4f,2,2.5644444444444443,0
wiki,47edb4a1be44a3a8,1,0.0,0
wiki,44f6c64af87d97af,3,2.701111111111111,0
wiki,0d0b6c89bf396005,1,0.0,0
wiki,2a3b4eb625a6f04f,1,0.0,0
wiki,a82cf20eeb899584,2,0.8780555555555556,0
wiki,c79b2c7d896814ef,2,2.5875,0
wiki,b1fbf426f0919569,1,0.0,0
wiki,031a98a4bfbe8097,1,0.0,0
wiki,ec712d1a123af410,8,5.675,0
wiki,8c84b98655289d37,1,0.0,0
wiki,06688a6e51a7da88,1,0.0,0
wiki,189ecef634b9ab6f,3,1.37,1
wiki,7acdfbbd4a44397f,1,0.0,0
wiki,0a696401674d8313,2,0.6788888888888889,0
wiki,2549ebdab658a679,1,0.0,0
wiki,e410401f02ad89c9,317,78.49472222222222,158
wiki,0feeaf4c56044c1a,10,0.027777777777777776,0
wiki,52d3592508130920,8,0.1386111111111111,2
wiki,8ffce8c3152674e5,1,0.0,0
wiki,4623dca3415f156d,7,560.7608333333334,1
wiki,dd19eb5a226838d0,1,0.0,0
wiki,a1adc910d1d220bd,1,0.0,1
wiki,7dbd8529a603d2c3,2,0.06027777777777778,2
wiki,134ab677e2cf26c4,6,0.6669444444444445,3
wiki,d98bb97c6d5780a6,1,0.0,0
wiki,1350759c8bee54e2,6,0.3308333333333333,0
wiki,21ae654def3abdff,3,0.8372222222222222,1
wiki,f03b5124888c3647,3,1.1152777777777778,0
wiki,ee6d28245d0ed765,47,1.091388888888889,7
wiki,8b252ba000511d3a,1,0.0,0
wiki,c98d27f604799f59,11,6.901388888888889,1
wiki,7929f1a41c326c94,3,0.010833333333333334,0
wiki,e466d96c6847ce89,2,2.6975,1
wiki,dbb0b7ab4b5ab1bc,32,186.9311111111111,3
wiki,7775080c435217d5,1,0.0,0
wiki,299bd5faf76d89e7,1,0.0,0
wiki,7e9c6d4fcb2bd4d4,1,0.0,0
wiki,95e9e763856e8b9a,1,0.0,0
wiki,ea6df990b7f69979,1,0.0,0
wiki,5bca83ced1f5d357,1,0.0,1
wiki,ccc6c524a63e01c3,1,0.0,0
wiki,dcaf9365139a3985,1,0.0,0
wiki,ad6369392d3b8353,1,0.0,0
wiki,33c5a816567b4899,1,0.0,0
wiki,ccacdc344a0570c9,2,31.761944444444445,0
wiki,59c26d504135248d,12,1.5997222222222223,5
wiki,21bf8eae82768519,1,0.0,0
wiki,5c85ff81be85b230,1,0.0,1
wiki,10e0a34e5d0caa7e,1,0.0,0
wiki,4b6233b843bfd0ce,1,0.0,0
wiki,bc45ddc832c6ebd0,3,0.16944444444444445,0
wiki,8ff49b9c68f66c0b,1,0.0,0
wiki,597a748408b58b5a,11,79.35111111111111,2
wiki,992504103aca1466,4,0.4113888888888889,4
wiki,38675dd2c7305d35,5,0.5855555555555556,2
wiki,245fd25125d6d71f,1,0.0,0
wiki,4c28b128a6767263,2,0.04027777777777778,2
wiki,f2fbaacf4e5b84ef,2,2.4702777777777776,2
wiki,99c16a4971c0eca1,1,0.0,1
wiki,660ac283233ea389,1,0.0,0
wiki,c8e821f8af70e925,2,0.10666666666666667,0
wiki,5352ea3ff129ea30,1,0.0,0
wiki,4d02f87a46fd7f10,1,0.0,0
wiki,e86b51c3ad276019,5,0.03611111111111111,0
wiki,f7a183c2006247ed,3,0.38916666666666666,0
wiki,55dc57bb08683e26,1,0.0,0
wiki,d97f5a5b6ea88970,1,0.0,0
wiki,7ffd9907c2fde38e,4,78.36805555555556,0
wiki,0c7181e5672fcfb4,17,74.53055555555555,7
wiki,df4651d6a1f46706,10,0.5283333333333333,1
wiki,0398e820a8aa733b,7,20.779166666666665,1
wiki,c0f7bd8a520fdd6c,1,0.0,1
wiki,7925cbbbe61991f3,1,0.0,0
wiki,7d17c61d4cdeadba,5,6.385833333333333,0
wiki,14bbfb1db5182100,1,0.0,0
wiki,12370f4337620722,32,559.6927777777778,7
wiki,2b70933d28879063,15,1.8027777777777778,4
wiki,c2f3d92a8c3cf5dd,2,0.08833333333333333,0
wiki,32921af1b4406e5e,1,0.0,0
wiki,0d379926ca19099e,22,16.29083333333333,4
wiki,925a950a0ef5f6d2,3,0.11333333333333333,0
wiki,16b4f5fe74af9731,2,4.941388888888889,0
wiki,9edbd22bbd8b657f,1,0.0,0
wiki,ad06f69f70d1bb12,7,67.63444444444444,0
wiki,fad361fbb15865b1,9,7.057222222222222,2
wiki,9f23e25d0eb60451,2,0.06555555555555556,0
wiki,e4cbcf2fcdaf7a54,1,0.0,0
wiki,3ed6f807c7bb4b20,10,12.042777777777777,1
wiki,d4798f3fda2c1171,1,0.0,0
wiki,ebc07daed5dccefe,1,0.0,1
wiki,af5631b108ed19aa,3,0.02388888888888889,0
wiki,61d42216855b122c,1,0.0,0
wiki,2bae1c7d6122a966,2,3.9427777777777777,0
wiki,7bd8295fe74e288b,6,1.823888888888889,3
wiki,5aedaf1dff4ea5ba,5,171.9963888888889,2
wiki,b4ca36c800ba31ad,2,166.85944444444445,0
wiki,ad25415a465a9651,2,168.60833333333332,0
wiki,e6bfd6810b0e1ad5,8,178.91194444444446,0
wiki,a52c04ea9a0d0116,1,0.0,0
wiki,4d5d0f54a3687871,4,0.16944444444444445,0
wiki,3f081f4e55fd335d,5,0.14222222222222222,1
wiki,864d6339298afa5b,56,87.91,5
wiki,a71472bd521bd7bf,3,0.12,0
wiki,4610c14465c9f548,4,0.058055555555555555,0
wiki,f2754783c409bc9b,9,0.04555555555555556,1
wiki,a3d44a66c2211f93,4,83.10777777777778,1
wiki,90f84a539aa976a2,7,0.041944444444444444,0
wiki,f7a03e2d6a2a1aa2,2,0.012777777777777779,1
wiki,4caeab7acd91321f,1,0.0,0
wiki,9c066337f0196041,3,0.005833333333333334,2
wiki,e2e7694cdceebdae,7,0.022222222222222223,3
wiki,81b7745d6309e6c1,4,1.8602777777777777,0
wiki,e7419292f24ae765,3,0.008611111111111111,0
wiki,59ddff6947559c3d,4,0.0025,0
wiki,ebb586936bc4556e,4,84.02111111111111,0
wiki,e074e9c0ae45e9fd,3,0.37444444444444447,0
wiki,03e9ce8c2ddec47f,2,0.37222222222222223,0
wiki,ed2dde785d388116,1,0.0,0
wiki,668f2fff12769fac,9,3.0616666666666665,4
wiki,42f4791bf5e96845,1,0.0,0
wiki,b83a9693e4dff583,1,0.0,1
wiki,6e81e59e9e608c70,1,0.0,0
wiki,f6ddb749c7249c4c,11,2.008611111111111,0
wiki,3a8d102866161afd,6,1.7122222222222223,0
wiki,fad6bfa6e14443fd,2,0.7019444444444445,0
wiki,75ea587246c54627,12,0.07416666666666667,2
wiki,18561d00c42335c7,1,0.0,0
wiki,01c057009a2a7f80,5,0.7502777777777778,0
wiki,04ead8b8ab9ee394,3,0.10194444444444445,3
wiki,fd489d62203ef10f,1,0.0,0
wiki,48563876a6fd12d3,3,0.09805555555555556,0
wiki,6ec0408008604517,1,0.0,0
wiki,25e6cad9c7d702a4,1,0.0,1
wiki,97f192e99958e0af,3,0.6513888888888889,2
wiki,3bb0f839e55eb7e8,1,0.0,0
wiki,c862d5777a6bd5c4,3,59.49527777777778,0
wiki,871a6cb7ff2fa8dc,5,0.2311111111111111,0
wiki,3793ec2ab310b29d,3,0.06583333333333333,1
wiki,79d5fb2575524717,7,0.0475,2
wiki,27cdcfb9d7c3587b,4,0.37527777777777777,0
wiki,460f936247e7b062,1,0.0,0
wiki,afb846df3233c1c2,3,0.05138888888888889,2
wiki,da4ce538bfdda01f,1,0.0,0
wiki,dc87064f4f46f5fb,5,177.14083333333335,0
wiki,5f1df86b9b06513f,7,0.19166666666666668,0
wiki,a8e7aabe6d51e92b,2,0.021666666666666667,1
wiki,9f93bbdda413c355,1,0.0,0
wiki,fa38ff8ab99f8271,3,63.44972222222222,0
wiki,85b6ea73e612ca91,1,0.0,0
wiki,f9701b82eef14bd6,1,0.0,0
wiki,f37a149716a19f76,3,0.11583333333333333,0
wiki,e38e3930bae62f25,1,0.0,1
wiki,a263c5059dab6cc5,1,0.0,0
wiki,31f205a202cdfa1a,1,0.0,0
wiki,969c9b205ed4a996,1,0.0,0
wiki,b4fa80fdcbfdec8c,1,0.0,0
wiki,a74cacf1593d63f5,2,0.4816666666666667,0
wiki,3bcf4ea4c615e958,10,4.287222222222222,3
wiki,c076d874422ab7d3,4,5.272777777777778,0
wiki,b2077b0e2f077ac9,3,1.0322222222222222,2
wiki,f2f1798ffb90dbe1,1,0.0,0
wiki,24fe06046033b8a7,1,0.0,0
wiki,4eee49869457a79e,3,7.013888888888889,0
wiki,ca063eacd24b623b,1,0.0,0
wiki,16e2ab53d1a03db2,130,87.74777777777778,18
wiki,1cfdee376cd77105,2,0.7036111111111111,0
wiki,217fe286b24abbeb,1,0.0,0
wiki,ce89a843f552038c,1,0.0,0
wiki,102f4d1735abf9e2,1,0.0,0
wiki,1888f65d7d1d2cd5,4,35.891666666666666,0
wiki,006f7336a43278c2,3,3.0919444444444446,3
wiki,29af37971a1b98cd,4,0.2575,1
wiki,8c860b1e59a990b3,28,6.556388888888889,5
wiki,c877c013c343f0bb,1,0.0,0
wiki,d615d9a5da95988a,2,36.42472222222222,1
wiki,5b08a1a9b4fe631c,7,2.1633333333333336,1
wiki,d5eea5a2e5ac023d,2,0.1175,0
wiki,5024941b5ca26287,10,0.4086111111111111,2
wiki,7c82bb29b0c32609,1,0.0,1
wiki,d731ad688138b45f,1,0.0,0
wiki,a671a2fd0ea611c8,2,0.12555555555555556,1
wiki,af9304d4d2785889,1,0.0,1
wiki,cfbb1591ebf0fb19,1,0.0,0
wiki,897dfe39ea18c57f,1,0.0,1
wiki,3d41db0fc151660a,1,0.0,0
wiki,5341d743e5627108,30,85.63194444444444,14
wiki,da2bc7317dc2c7ff,1,0.0,0
wiki,af407bc74660a158,2,0.03,1
wiki,22ec9e7e474408e2,8,1.31,0
wiki,8a7a0835595c3b6c,1,0.0,0
wiki,b9c887fbbe8448e8,8,81.92361111111111,1
wiki,527c8bb2159c0f71,14,3.855277777777778,3
wiki,59e313177f4900fc,2,0.0005555555555555556,0
wiki,ba6674963be6c548,1,0.0,0
wiki,1f06fdbcecb20fa1,2,12.514722222222222,0
wiki,85243ecab32f4004,1,0.0,0
wiki,0295bf8a737293a9,4,86.11916666666667,3
wiki,d053039a88be2b7d,1,0.0,0
wiki,25af1b41d523a593,1,0.0,1
wiki,47ef8257404b3b3f,2,0.4305555555555556,0
wiki,8e0fdc83dc301b8b,1,0.0,0
wiki,f0ef68e67d4c0b1a,7,0.0225,4
wiki,6373c0fc02dc67b1,1,0.0,0
wiki,984a4ac434c5e1be,2,0.0044444444444444444,1
wiki,13264fc0be302408,3,0.11527777777777778,0
wiki,469cb033e2a8d19b,3,0.1922222222222222,1
wiki,eabde9424347b04b,1,0.0,1
wiki,fb541fc0adbe7e9e,2,0.2777777777777778,2
wiki,54fdbd22ccdae4c3,1,0.0,1
wiki,0379861d06adb482,3,0.99,2
wiki,ae32bcab3e53128a,1,0.0,0
wiki,98f51a3edbd3ab87,2,0.0008333333333333334,0
wiki,07eb266b0c565379,3,1.985,0
wiki,4b97e4fc2b2b85b1,1,0.0,0
wiki,3a161e54423c300b,1,0.0,0
wiki,89bf7945f04525b2,2,0.8122222222222222,1
wiki,23b9b2dc73102e2c,3,0.36666666666666664,0
wiki,242bb52daec639c8,1,0.0,0
wiki,9fe9cf10f90407b5,18,74.90277777777777,3
wiki,05fd719ad0837e86,15,261.1952777777778,3
wiki,a033a73cc76a8b31,1,0.0,0
wiki,42404ba971d9b63d,1,0.0,0
wiki,53ca6ffb252acdcd,1,0.0,0
wiki,c20597366ec5839c,1,0.0,1
wiki,609b6a7c88037c14,14,640.6236111111111,3
wiki,835fae7e6a8a51bc,18,560.1486111111111,1
wiki,e84ab01df357a327,4,643.4888888888889,1
wiki,2640009e7dbc9594,10,1.933888888888889,0
wiki,a38676afd493ea33,2,0.8152777777777778,0
wiki,94074438cd59247b,6,2.1863888888888887,1
wiki,bf638fb8f3aa0fb8,2,67.19194444444445,0
wiki,a723e8545d7a09e0,2,4.249722222222222,0
wiki,8dc5c53c453b75d1,2,66.68805555555555,0
wiki,6a80889f5c1e3694,3,0.7625,1
wiki,1bbeb768cfddbd6e,2,1.0355555555555556,0
wiki,c656f4312801b28b,2,0.24888888888888888,0
wiki,9650d5fa5403f5de,1,0.0,0
wiki,e71e21ad01cd2f45,2,0.10555555555555556,0
wiki,7804f27cd30efe94,1,0.0,0
wiki,4fff0b4cb1e1dcc8,3,0.6755555555555556,0
wiki,8c3369a360e2c3bc,1,0.0,0
wiki,2074f137ed40857c,1,0.0,0
wiki,d2681b5dbf5e4c7c,1,0.0,0
wiki,30a24a29db40c53e,4,0.5291666666666667,2
wiki,21e824b577fcdab7,1,0.0,0
wiki,931a4152c5a3d4c4,1,0.0,0
wiki,7606f652334412e2,2,0.006111111111111111,0
wiki,83fa3c4f93d033f9,7,0.07,2
wiki,f49a67a8507c8487,1,0.0,0
wiki,50f12d2375236218,2,0.03833333333333333,0
wiki,bc35e9ebb9e78d07,1,0.0,0
wiki,7c437585c6e4160a,3,0.08583333333333333,0
wiki,ed3a8079bb9c5403,1,0.0,0
wiki,e7a0d5561c5b7a9b,1,0.0,0
wiki,9a64bc11a17776f4,1,0.0,0
wiki,c3832a64a429dc7f,5,0.075,0
wiki,8bf38f6f53747122,1,0.0,0
wiki,7b231d3cea5307f7,5,5.891111111111111,0
wiki,6959996127950540,1,0.0,1
wiki,5cc58663b7e75c05,11,83.8711111111111,4
wiki,f72e117e1c3783f3,2,5.326944444444444,0
wiki,190a704f47fc0c4a,2,2.048888888888889,0
wiki,33663ef3bc62df6b,1,0.0,0
wiki,150500f660c62ddc,8,65.03305555555555,2
wiki,4b802ef3b4861a0e,1,0.0,0
wiki,8fd715af88de82f3,3,0.08805555555555555,0
wiki,29d00ecbc8eb3176,17,555.3638888888889,1
wiki,36acae2133405b59,5,0.003611111111111111,0
wiki,43a6395a3efa90c8,1,0.0,0
wiki,739233974a3c9f3c,1,0.0,0
wiki,026502940a0b7053,1,0.0,1
wiki,f11d62667e253644,2,0.5069444444444444,0
wiki,8e62804594e97e96,1,0.0,0
wiki,215e3533ef17b5d8,1,0.0,0
wiki,ef993cfd62c2902b,1,0.0,0
wiki,b0c580a943a57592,18,2.471388888888889,2
wiki,c4a4f38054d25389,1,0.0,0
wiki,5584047e2c757308,2,0.18194444444444444,0
wiki,775494b5124bce63,1,0.0,0
wiki,da0733914d7ffaf3,1,0.0,1
wiki,c2c4c2bfe087800b,2,0.3352777777777778,0
wiki,ca20b5a14080c95e,2,3.0394444444444444,0
wiki,67eade06f3d38124,7,9.92388888888889,0
wiki,086c0bb241167833,1,0.0,0
wiki,65d41cc899ef1d81,1,0.0,0
wiki,feed9c26fb5252b2,2,19.86111111111111,0
wiki,85a9cdc9dbab13b7,5,5.469444444444444,0
wiki,e7b7f5bebc89c89b,6,2.2855555555555553,0
wiki,d0d4bcf24fa23ba2,5,0.0475,0
wiki,e0b5293276bef1d2,2,0.03611111111111111,1
wiki,8166dca8b83c6ff5,1,0.0,0
wiki,8abbb545da21cd16,1,0.0,0
wiki,533806dbdc0fd85b,1,0.0,0
wiki,f4f018942758c870,1,0.0,0
wiki,d7fe130ae6976044,1,0.0,0
wiki,e6bd8b95954389cc,1,0.0,0
wiki,046da59892e577e5,1,0.0,0
wiki,1f0549fca19d948e,1,0.0,0
wiki,21b770698811be4c,1,0.0,1
wiki,03b2650f401e021e,1,0.0,0
wiki,388a06229c1f2b90,1,0.0,0
wiki,9a0d606ac752ad2c,1,0.0,0
wiki,c0f00488c666f656,1,0.0,0
wiki,1757528e090ed594,1,0.0,0
wiki,b9f99c97edb97c94,24,17.289722222222224,1
wiki,a42d4d688ee7d7fd,1,0.0,0
wiki,a386289a2c6d87d2,1,0.0,0
wiki,5832ff7fdfc3ad9d,1,0.0,1
wiki,fbc4e4a395c357da,1,0.0,1
wiki,46263d7bf0d08e0b,1,0.0,0
wiki,3bdd81991c1bfc92,1,0.0,0
wiki,b0a122c7814f0970,2,0.30833333333333335,0
wiki,17a7cec4f7fa08d8,2,40.39361111111111,0
wiki,ec4e75bda14e8adc,4,178.8072222222222,1
wiki,b070fd50cb079911,4,4.9863888888888885,0
wiki,bdabaf939896a2b7,5,0.2980555555555556,0
wiki,a48dbd2ffb9ad70d,2,507.38972222222225,0
wiki,d82d9fb133746eb0,1,0.0,1
wiki,a8f441195e36181a,3,0.24861111111111112,1
wiki,360a49ca6c0aee16,1,0.0,0
wiki,4145f2ceb56b0953,1,0.0,0
wiki,991d7b16f0e46549,4,64.62027777777777,0
wiki,04f88d7e6ee6f96c,2,33.03194444444444,0
wiki,76c94f085ba94708,1,0.0,0
wiki,5a3a5b7270943098,1,0.0,1
wiki,1c0a493fca081a4f,2,0.5494444444444444,0
wiki,86e951570d30dc09,1,0.0,0
wiki,26ebab3322ee3fc7,2,95.4636111111111,0
wiki,0f781d2412c72168,1,0.0,1
wiki,c73d91d702cd5a15,1,0.0,0
wiki,16d5d6de61076445,2,0.26055555555555554,1
wiki,6296bb9148517da8,1,0.0,1
wiki,e83eab36042cf34c,1,0.0,0
wiki,a104eb39cee9e230,1,0.0,1
wiki,5f11fa778a9d322b,1,0.0,0
wiki,4b2aa970dc2e56e3,3,0.014722222222222222,0
wiki,fbde072e387693c4,2,3.8419444444444446,1
wiki,af5333885ebe66e3,3,0.16833333333333333,0
wiki,53d59a4377ba7e12,1,0.0,0
wiki,3a8f38777209807a,2,6.340833333333333,1
wiki,af7c505427222d58,2,3.082222222222222,1
wiki,e5d391fbac2ca427,1,0.0,0
wiki,f51049a11c87b123,1,0.0,0
wiki,58be204704d43d29,1,0.0,0
wiki,099476c1625d446d,3,0.5388888888888889,0
wiki,6a9485e9cb11cb83,1,0.0,1
wiki,d3752b39c624ceed,1,0.0,0
wiki,e85be2b679d0e587,1,0.0,1
wiki,e1a2fde8f892a505,1,0.0,0
wiki,dc5f99c0a4f9849d,1,0.0,0
wiki,6322f656a23f65e9,1,0.0,0
wiki,e864e649fb65150f,1,0.0,0
wiki,ca4a1648c3292f97,3,170.80055555555555,2
wiki,86654465aae52ca2,1,0.0,0
wiki,b12a1fc2135704f2,3,0.8236111111111111,0
wiki,f122afe1f1670147,1,0.0,0
wiki,82b9240150d0e9fb,1,0.0,0
wiki,b1c881cb8d4c466a,4,1.3841666666666668,2
wiki,ba42b5374566b63e,1,0.0,0
wiki,006595e2b42a5710,2,4.96,1
wiki,af48c81ee0d0b99f,12,10.401111111111112,2
wiki,dd7350eb98908625,1,0.0,1
wiki,abbb549eccad9066,1,0.0,0
wiki,da92342b60ca57ad,1,0.0,0
wiki,0281fbddab691873,6,70.85027777777778,0
wiki,29e4ed2de50719e6,1,0.0,0
wiki,ffac39e9ee1189d4,2,0.017222222222222222,1
wiki,c3d1e000257a35c6,1,0.0,0
wiki,fdb7bf91f8bc4773,2,0.9980555555555556,2
wiki,5536c6baf6db8803,2,0.23194444444444445,0
wiki,46eaf6cbe1a2a896,1,0.0,0
wiki,2406aa19828df70c,1,0.0,0
wiki,603f9d3b87370957,1,0.0,0
wiki,5390f58dc0183837,2,0.02277777777777778,1
wiki,bb6f590c00bd1fd7,2,0.22583333333333333,0
wiki,c02dd7c90e5fe814,2,0.06027777777777778,0
wiki,5a1b25e95d7aa1f2,2,0.8688888888888889,0
wiki,8b5ea97dedb0d3f8,1,0.0,1
wiki,51da436b9f3b3491,1,0.0,0
wiki,cb3b1f11ad6a9afe,1,0.0,0
wiki,b8501722bbbe45a9,8,407.1327777777778,0
wiki,2a443beb33bc6016,1,0.0,0
wiki,b02213219b640cf7,6,7.509166666666666,4
wiki,fd0848987d2cc182,2,2.5416666666666665,1
wiki,68de17f92bbe6b22,1,0.0,0
wiki,ca63a4de4da42549,1,0.0,0
wiki,84d0145e15a8c9eb,5,3.660833333333333,2
wiki,a2f173eaf2cf29d9,3,1.7983333333333333,0
wiki,bb09f5d1c6af5a31,9,3.152222222222222,0
wiki,3a43a36d9376c3e8,1,0.0,0
wiki,2c7447d542bb0b03,3,0.29,0
wiki,624092b904d6e5b9,9,1.4,0
wiki,6a42d67d47bff04a,8,4.364722222222222,1
wiki,dea4f0e0866ff7e8,6,11.148333333333333,0
wiki,42cc2d8e775f3e74,3,0.33666666666666667,1
wiki,f367c7861b97e6cb,9,10.511388888888888,2
wiki,0381723bb4282502,2,0.0008333333333333334,0
wiki,e12d89e4448116ad,3,1.3680555555555556,0
wiki,39b960d2156957f3,1,0.0,0
wiki,a38c7e83480f6f95,1,0.0,0
wiki,0d80e08e1324e03f,1,0.0,0
wiki,d4c99c628fc97f35,1,0.0,0
wiki,21806ed6404ffa8a,15,378.7536111111111,0
wiki,ba70f077ec6af0b4,18,556.6169444444445,2
wiki,c1a86aa629695ab6,1,0.0,0
wiki,f3035ab0b502aa82,4,0.14916666666666667,0
wiki,b7ded0f62b7f8633,1,0.0,0
wiki,c74a34df0e168c3f,1,0.0,0
wiki,f9e233b1f0368bb8,1,0.0,0
wiki,1e711c490922b940,2,0.06333333333333334,0
wiki,b976d7d93e9aefd0,4,1.3452777777777778,2
wiki,c315f533bdc9b606,2,0.5308333333333334,1
wiki,f2a1128f6e41d5d2,1,0.0,1
wiki,ac357fa6811542aa,1,0.0,1
wiki,9d1188cff5e5493f,1,0.0,0
wiki,333a635a41215b8f,1,0.0,1
wiki,1ca0bd409c21135b,2,0.003611111111111111,0
wiki,30caa13d2f528a57,1,0.0,0
wiki,366425e0b9f09edf,2,0.30833333333333335,0
wiki,656e00ea1ca947ed,39,0.041944444444444444,1
wiki,b29eb048f651127d,2,0.058888888888888886,0
wiki,f869504bc4225046,1,0.0,0
wiki,2bc0e26eb791e00b,1,0.0,0
wiki,00cba36bafb8d0aa,1,0.0,0
wiki,4a7790a3a77e90ec,1,0.0,0
wiki,95cd8ca628d7aeed,1,0.0,0
wiki,b9ddcd9fe8b2b2d4,3,0.5858333333333333,0
wiki,ff57e7f738c862f7,2,0.0022222222222222222,0
wiki,9abb8094352d76e7,2,1.045,1
wiki,89565119413f300b,10,2.1261111111111113,0
wiki,fe5df0c5135329ff,6,0.545,0
wiki,4366dee4b9a8aeb1,1,0.0,0
wiki,efca58923b2e0aa7,3,0.16194444444444445,2
wiki,475ca416628bee1e,6,0.24027777777777778,1
wiki,227fb82f8de3206e,1,0.0,0
wiki,55054039c51ee5c2,1,0.0,0
wiki,b2b81216f155c905,1,0.0,0
wiki,917596357b2e39e3,1,0.0,0
wiki,3473696f5ce27387,1,0.0,0
wiki,eacd0d83ddc81d66,1,0.0,0
wiki,420c3a7e3ad638e2,2,0.0625,0
wiki,1af1a7ececc9e11c,1,0.0,0
wiki,7878bf948f5f1a54,1,0.0,0
wiki,aaebb19430bba2c1,1,0.0,0
wiki,e35dd4c9958fb243,3,2.9494444444444445,0
wiki,b139b02d3fcc2036,1,0.0,0
wiki,9a69b101e78aef08,1,0.0,0
wiki,6bdf6585f9e7fafb,1,0.0,0
wiki,8ae6da0c9fbf63d1,3,0.3194444444444444,0
wiki,6c284da40120d41f,1,0.0,0
wiki,660979d6877a04af,1,0.0,0
wiki,e8d145bae437ea13,7,0.2411111111111111,0
wiki,628ec09aba3ae953,1,0.0,0
wiki,83f1716d3bdd4e10,4,556.5711111111111,1
wiki,10a0aabca4787ac1,6,535.1511111111112,2
wiki,5a2714f8aa52ee1f,1,0.0,0
wiki,42e27326c0aa3568,1,0.0,0
wiki,2e2780f2d984146a,8,4.711944444444445,5
wiki,afa163fd4b4e009c,5,0.5116666666666667,0
wiki,151a625457efa824,1,0.0,0
wiki,112b0faf4e1a9840,1,0.0,1
wiki,f2e78311d4054f5e,3,0.2288888888888889,0
wiki,1a17dc7b135ad98f,6,80.83416666666666,1
wiki,cb8cd9acaf8270e2,2,0.07055555555555555,0
wiki,465e5bb670f18967,2,30.130555555555556,0
wiki,adf42fdd451a8a7e,1,0.0,0
wiki,c0fa987af638e230,21,1.8944444444444444,13
wiki,788a64d58134832a,1,0.0,0
wiki,1293bd2403622eca,6,1.6591666666666667,0
wiki,287be3e8143fedb2,1,0.0,0
wiki,6c1d4a2098ffe682,1,0.0,0
wiki,bf26e534cc7af19d,2,0.017222222222222222,0
wiki,07a616661d8f392b,7,3.6191666666666666,0
wiki,439d78bec4eec18e,17,14.19111111111111,5
wiki,04ed3869a25ffc73,7,4.872777777777777,2
wiki,2206bf53c4701bd7,1,0.0,0
wiki,ccbe79a6a8a67008,16,8.214722222222223,3
wiki,acc25e4a19102e22,5,1.27,0
wiki,967c656c523dc5fe,7,0.37916666666666665,0
wiki,6b7a9fd13bb374fd,2,0.20333333333333334,1
wiki,4ec68edeb6a04d94,3,0.1986111111111111,0
wiki,0579b5e820d999eb,8,2.7736111111111112,1
wiki,2149d225ff3090d1,8,0.6288888888888889,0
wiki,295e9eb6fc34a277,8,5.467777777777778,0
wiki,7d580b33f99231a9,2,0.04611111111111111,1
wiki,4c84251778e89edf,1,0.0,0
wiki,f87098ae36b457bc,1,0.0,0
wiki,ae52e15d74cc6fd9,7,10.270555555555555,1
wiki,3a380c0350e810f5,2,0.052222222222222225,0
wiki,48b04cf8ba8d38bf,5,11.177222222222222,0
wiki,7cab8ca7adea51af,11,6.935555555555555,3
wiki,ce78f28b5aba3f6b,17,54.44555555555556,2
wiki,32d9e82bcd056334,22,16.836111111111112,3
wiki,eada90998b781738,3,0.1875,0
wiki,2fb20aabd47a538a,6,0.8841666666666667,0
wiki,1f8ab51c4002db87,1,0.0,0
wiki,235f375fc6d8c073,3,0.4127777777777778,2
wiki,6324972eda880691,22,11.497222222222222,2
wiki,92222c29dc6a82eb,2,0.2813888888888889,0
wiki,35dc1a4170ec42a5,1,0.0,1
wiki,6b2e0e015d3906b1,2,0.03833333333333333,0
wiki,90fcbbb021039a70,4,31.08277777777778,1
wiki,efe5af79c812d796,1,0.0,0
wiki,0bb7e9ccc6bf964b,1,0.0,0
wiki,b384997326db2cae,3,0.28444444444444444,0
wiki,6d5c4b4dabf376cf,1,0.0,1
wiki,7486f28b68aa3035,2,0.0016666666666666668,1
wiki,1010811a00c726b8,9,600.0625,0
wiki,d6a4e973acd085b2,1,0.0,1
wiki,ba4b33527612840a,7,78.52055555555556,1
wiki,6b3e94ce08cfa13f,2,172.69694444444445,0
wiki,3cdf63a58ef02eb7,1,0.0,0
wiki,b14ff7d6e8674766,2,0.0008333333333333334,0
wiki,c7151a13e1bb073f,3,0.06666666666666667,0
wiki,d65629338efccebe,22,1.1930555555555555,5
wiki,c344bc278cf4740f,9,5.073333333333333,0
wiki,2ec4644cd14a4a73,1,0.0,0
wiki,16a5576a6399fa35,1,0.0,0
wiki,460ac3c8c37fbd84,1,0.0,0
wiki,88398f11370b37bb,1,0.0,0
wiki,a196e1b3ede3f2ea,4,198.7175,0
wiki,dd4e7a245261a0e1,1,0.0,0
wiki,d110e3b1afb173c8,1,0.0,0
wiki,93ef76a5c54f5e38,2,0.5625,0
wiki,aa7e3610d27f7ca9,1,0.0,0
wiki,55bc9afef1140bed,1,0.0,0
wiki,a652e4f970249829,5,0.19777777777777777,0
wiki,9f0b3cfc95c8e289,2,0.0008333333333333334,0
wiki,602800ff74c631f7,2,0.2247222222222222,1
wiki,7b96a7b54df8520e,1,0.0,0
wiki,c7fe52bfc949d705,4,411.8352777777778,1
wiki,5a7926b8bd9b47be,1,0.0,0
wiki,9697090f003a0d7b,2,0.0030555555555555557,0
wiki,e6bae73d474e412c,4,0.03611111111111111,0
wiki,e265577d73bd7d5e,1,0.0,0
wiki,e7607336aa44c405,2,232.78305555555556,0
wiki,56c2c435dd31ba6a,1,0.0,0
wiki,4f742bfe72dd12c4,2,410.3025,0
wiki,1fbc24a8c5ae98e2,1,0.0,0
wiki,855fc6f2b59ad25b,1,0.0,0
wiki,98c4f836dc9401e5,1,0.0,0
wiki,942485bc6966c2d3,2,0.03361111111111111,0
wiki,aa1b88874bdd5a86,1,0.0,0
wiki,4247e2d630904a72,1,0.0,0
wiki,00c5e3b705bb4532,6,9.238888888888889,0
wiki,3df8c6aa254a1925,2,1.2825,0
wiki,75a8a74f00b3417b,15,83.86111111111111,1
wiki,77aadc04872f4e44,2,0.0033333333333333335,0
wiki,f79110cd1c6e8965,1,0.0,0
wiki,edc5ed55f6a9acc7,3,0.5644444444444444,1
wiki,ed022430a6a0a163,1,0.0,0
wiki,3a62d8140c2d7b10,4,4.160555555555556,1
wiki,7440211164083acf,1,0.0,0
wiki,853169b3898e6a9d,2,0.022222222222222223,0
wiki,4dee9a69a2266967,3,5.3375,0
wiki,e895c32b0c818d93,1,0.0,0
wiki,e2fcbc3c7ea48076,1,0.0,0
wiki,f1685a358ade78b8,2,0.2644444444444444,0
wiki,31aa9946b199dc70,13,0.22055555555555556,1
wiki,e8f4434d4c1e1ab5,1,0.0,0
wiki,71e8933d000f9233,3,0.25833333333333336,0
wiki,8cebe1eb65cc421d,1,0.0,0
wiki,3b3dfce242181abd,1,0.0,0
wiki,f455b405ae36263a,3,5.230555555555555,0
wiki,16a8d8a9f5924560,1,0.0,0
wiki,88c9e1b19016c89e,2,0.06888888888888889,0
wiki,ce17c3fddae86ae8,1,0.0,0
wiki,21dec691a302415d,3,8.742222222222223,0
wiki,2687ecac6c20f503,11,0.12083333333333333,0
wiki,24d4273f4a496968,14,2.2555555555555555,1
wiki,d5240cf9bb38e20b,1,0.0,0
wiki,0d41d8b30b447bf6,1,0.0,0
wiki,e82d1e46e5b46283,1,0.0,0
wiki,1de26afd90054b0b,1,0.0,0
wiki,e338f8e475343edf,1,0.0,0
wiki,6c614437cc0ed92b,1,0.0,0
wiki,2c8278b1e28659f5,2,0.028888888888888888,0
wiki,fd7c7cfc9a84bc42,1,0.0,0
wiki,b0dc611a48589c3c,1,0.0,0
wiki,2138c3238a8b3d39,2,5.875277777777778,0
wiki,dacc7fa7048e679f,1,0.0,0
wiki,9855a648530f142b,1,0.0,0
wiki,bc2cf7c00c778b8c,2,2.172222222222222,0
wiki,ec2a01e9bb240c1b,1,0.0,0
wiki,e9fc874aba475640,1,0.0,0
wiki,fb9a16b278ab9d09,1,0.0,0
wiki,4a3b7c6f04ba2e1e,4,0.3491666666666667,0
wiki,315da032673f1f42,1,0.0,0
wiki,a15a8349a9b9d3de,2,0.03388888888888889,0
wiki,eac77c05271fcf9e,9,0.6244444444444445,0
wiki,0236b2aee669d582,2,0.19083333333333333,0
wiki,5049978b78acf3ea,1,0.0,0
wiki,66a7603d4276be4f,1,0.0,0
wiki,02fa532394afa45d,15,2.5719444444444446,0
wiki,a680d9df8c388668,1,0.0,0
wiki,e60f971547f59edd,2,0.055,0
wiki,d6e1eccdc6ec8f6b,1,0.0,0
wiki,b91603bed2a1381b,14,8.011666666666667,0
wiki,9c50d14e61963af7,1,0.0,0
wiki,e7e54e997413f5f0,6,6.044444444444444,0
wiki,036eb90e0452916a,2,0.13777777777777778,0
wiki,d4fe4876b88d6fe3,4,0.10444444444444445,0
wiki,5702d42306c0646e,1,0.0,0
wiki,d5feeccff1efd545,1,0.0,0
wiki,e02a2d44f3a46d94,1,0.0,0
wiki,ec388db2a8c84495,8,0.0913888888888889,1
wiki,e3dcba9aba96a504,4,5.5175,0
wiki,709c71fad29bed99,9,5.368611111111111,0
wiki,4018ee8181a573a9,1,0.0,0
wiki,cd933cb9f40f668a,1,0.0,0
wiki,2f60cd192596be88,1,0.0,1
wiki,0039710ec8c8b64c,5,5.7652777777777775,1
wiki,7a7aceac10f91315,1,0.0,0
wiki,10cd2e4ca6b45739,1,0.0,0
wiki,c65da84472715137,1,0.0,0
wiki,23ee87c422d79424,1,0.0,0
wiki,3017310135f1909c,56,0.6802777777777778,1
wiki,3d2d06d737579e1f,5,2.2713888888888887,1
wiki,d7b0cccc90b9b29e,1,0.0,0
wiki,74a7a28621c9da60,1,0.0,0
wiki,f960ed7c1162b181,3,0.8652777777777778,0
wiki,82cb5a6305a81ff2,5,80.42194444444445,0
wiki,9d033ebe63eab79b,4,81.89888888888889,1
wiki,9229cd0e0ee5ac8c,2,0.08555555555555555,0
wiki,59f649b3ef777218,6,2.1983333333333333,2
wiki,a0849321515c12d0,21,59.574444444444445,0
wiki,a8b3e557ac7f2e82,19,77.87972222222223,0
wiki,02e7bba9a0872881,1,0.0,0
wiki,ea8afe4de11c3126,1,0.0,0
wiki,f63f19fe749b816b,1,0.0,0
wiki,5e80e5e701830903,3,0.26666666666666666,3
wiki,ec43f89700d3b78e,1,0.0,0
wiki,c6aa0e86b2f4744d,1,0.0,0
wiki,ca40cd43c0a15597,1,0.0,0
wiki,66bb9d2d08f15776,1,0.0,0
wiki,4bd5905f9dad5ad2,3,634.0141666666667,2
wiki,04dc76fa9ed3007f,3,4.220555555555555,0
wiki,a3c9890d3dacaf48,1,0.0,0
wiki,4e7a6b3f8d239a9e,2,0.08277777777777778,1
wiki,71cc387834efef96,1,0.0,0
wiki,a43cf7cdff0af238,1,0.0,0
wiki,8d1e6907dedbb295,1,0.0,1
wiki,fba7de63e28f2c73,1,0.0,0
wiki,a12743bc7f9e5ae1,2,0.0275,0
wiki,e2f7c7ada7271443,1,0.0,1
wiki,d43dc717d2618b5a,14,1.9122222222222223,1
wiki,debb06274c481cab,3,0.23333333333333334,0
wiki,22df32f668169a81,2,0.21333333333333335,0
wiki,174a5107fc160a46,1,0.0,0
wiki,99be9dff31b129c9,1,0.0,0
wiki,3df4cb6bba4aae31,3,424.40055555555557,0
wiki,33930b6222abada1,3,0.0125,0
wiki,9e110709a41d79af,1,0.0,0
wiki,e395b8ac4b645e0a,2,0.22277777777777777,0
wiki,58c88de433052cf8,1,0.0,0
wiki,67e3a3f41df519c6,1,0.0,1
wiki,851768ba85b350d6,1,0.0,0
wiki,7d2f9def8a5749f8,1,0.0,0
wiki,7a0773e6d3d28dd3,1,0.0,0
wiki,6fec65157c92abaa,1,0.0,0
wiki,c630ca169f7c1e4a,1,0.0,0
wiki,04d70852921490f0,1,0.0,0
wiki,743c282d3a8ac23e,1,0.0,0
wiki,a114e3877f9e327b,1,0.0,0
wiki,34eae5ff384badf8,3,0.8980555555555556,0
wiki,4df841811de51773,3,0.1063888888888889,0
wiki,a1adc25dec2d2de9,2,3.725277777777778,0
wiki,7483bcb387349692,1,0.0,0
wiki,6f781fcf80e550c5,2,0.16833333333333333,2
wiki,853a3b540ad354c1,2,5.066944444444444,0
wiki,a6719273ea9faeb1,1,0.0,0
wiki,271e1a4e7c6e5258,1,0.0,0
wiki,317c63d5f78d0132,3,498.8161111111111,0
wiki,d588c9896613692c,1,0.0,0
wiki,c8cc05e68c4ea645,1,0.0,0
wiki,365ba856e4aa8e17,3,24.950277777777778,0
wiki,c38c61f6a1ecd33d,1,0.0,0
wiki,fc48045d76e37496,1,0.0,0
wiki,95cb1280cee22337,1,0.0,0
wiki,506ed3defd188e35,1,0.0,0
wiki,5adf4c76ff77af0a,4,500.90555555555557,1
wiki,349200dc0895970a,2,21.836944444444445,0
wiki,8ab9493d605ba64a,1,0.0,0
wiki,bc538c53583fe57b,1,0.0,0
wiki,ca5f5c79f271e15b,1,0.0,0
wiki,1204a6a740dae715,1,0.0,0
wiki,3005ba4ad0b4e97f,3,500.94694444444445,1
wiki,afbbf3761db60c78,3,47.46861111111111,1
wiki,32131a824deb753b,3,0.2588888888888889,0
wiki,1bf7aea83f82f2d8,8,4.670277777777778,1
wiki,f7a5622d71dc624c,1,0.0,0
wiki,df9cad1dcc0caea8,35,81.20777777777778,5
wiki,7ea8bb763a2af5c9,3,269.4916666666667,0
wiki,aa78fdaaeaa55ce3,1,0.0,0
wiki,fbcf2efbe7343cd6,26,1.1177777777777778,4
wiki,087b9994c490c31c,30,129.7111111111111,2
wiki,5db00bb425ec8dbd,1,0.0,0
wiki,f842474821662952,1,0.0,0
wiki,a2f9c3251cf19ef4,1,0.0,0
wiki,7fa1b651d23b47e3,3,0.03722222222222222,1
wiki,d98c3b48f26b030b,3,0.9602777777777778,0
wiki,b8bb44c265036c4f,14,50.63638888888889,3
wiki,26d4ac840a838f27,1,0.0,0
wiki,f749c7d6ec75edaa,1,0.0,0
wiki,1856d330668fed7f,20,3.2258333333333336,4
wiki,f6b1cda6efb11c59,1,0.0,0
wiki,f3666dd743394bbb,3,5.440555555555555,0
wiki,3f35b693945621b7,2,35.393055555555556,0
wiki,f97871c0a9bc2f6e,20,640.1811111111111,0
wiki,85a675e9a3bcc3cc,8,0.7675,1
wiki,2b607ea419b3d17a,1,0.0,0
wiki,b7df93eba2337b69,1,0.0,0
wiki,017f95c5edb0244f,1,0.0,0
wiki,32f08486e9fad382,1,0.0,0
wiki,a5a998d0643983a5,1,0.0,0
wiki,a74a5b51546673ce,1,0.0,0
wiki,cec0d662bae7ee2f,1,0.0,0
wiki,e58795e9e0593653,16,0.11861111111111111,1
wiki,987c81a1b1bb2b0e,1,0.0,0
wiki,7d3828c583f82f78,2,0.0,1
wiki,343f8ce3cc442a43,2,0.03388888888888889,0
wiki,994d80add4b76099,1,0.0,0
wiki,893c14927a406e6a,4,0.7427777777777778,0
wiki,3921e9dddedd3886,1,0.0,0
wiki,5589d91fa721a4c5,3,5.616666666666666,0
wiki,deaa34999b765832,1,0.0,0
wiki,1e3e291fe15086cc,1,0.0,0
wiki,4df090fa0af71ee2,1,0.0,0
wiki,1671818ca409541c,2,0.11777777777777777,1
wiki,72c3b94cbaf07935,1,0.0,0
wiki,78df59bfdde8e4a7,1,0.0,0
wiki,6c1fa47ca72384e5,2,0.05444444444444444,0
wiki,f5a621ce1cdd07d8,1,0.0,0
wiki,0c0fa96cb3240496,1,0.0,0
wiki,5052245ce4dc354b,1,0.0,0
wiki,af72b44431c58705,1,0.0,0
wiki,b9dab16c78ac1318,1,0.0,0
wiki,f4904c7d43305c95,1,0.0,0
wiki,6fab6cd9dd56b2c3,1,0.0,0
wiki,5cc1564107db2fa6,1,0.0,0
wiki,802d7288a402d92a,1,0.0,0
wiki,c961d9147cfd48b1,1,0.0,0
wiki,2d68af72c2846929,3,1.3002777777777779,1
wiki,fab5b53a6e34916c,1,0.0,0
wiki,2798536a74cdec24,19,14.743333333333334,6
wiki,9d203f47d217cec0,1,0.0,0
wiki,133957de98e44bea,3,0.2863888888888889,0
wiki,f838c9e083f1d331,1,0.0,0
wiki,8431a00f489ae764,1,0.0,0
wiki,3cf122842e26738a,2,299.8961111111111,0
wiki,4b4408e24c0f98e6,1,0.0,1
wiki,a794902c726b694e,2,0.20805555555555555,0
wiki,095cac9fd1817cfe,1,0.0,0
wiki,d826c5c54872442a,4,169.0975,1
wiki,337cb48c842e06fb,3,0.03611111111111111,1
wiki,bd578a01503f347b,2,31.795,0
wiki,a911c309ac9b1388,1,0.0,1
wiki,71ad45d2ce69f30b,3,1.5969444444444445,0
wiki,e8733b6cef92b163,1,0.0,0
wiki,4bee9fed78a46a56,2,8.14638888888889,1
wiki,618d650d051c072e,3,0.012222222222222223,0
wiki,a07df966bf3ca335,4,5.402222222222222,0
wiki,840ee59cadee7ac1,11,5.888333333333334,2
wiki,f5c7ce706873c79d,7,0.6527777777777778,0
wiki,1c598dc985cdccdd,2,0.0044444444444444444,0
wiki,ab32b8f01f226154,2,0.3352777777777778,0
wiki,fea8635ed4be8b3e,3,3.1708333333333334,1
wiki,4b38bdbc0c5a0a22,8,0.5758333333333333,0
wiki,f3f3981a8b252178,1,0.0,0
wiki,b063672c5d94e6a5,1,0.0,0
wiki,7fa266283bd42acc,1,0.0,0
wiki,fcfd71c143859e8b,1,0.0,0
wiki,a512f8fe1d595fe7,3,6.105277777777777,0
wiki,2ebb41b1d7075bc0,6,0.10805555555555556,1
wiki,122ec74bcbccb175,1,0.0,1
wiki,0067dae435e8e114,15,260.00166666666667,2
wiki,01bd2a24bf38fcb9,3,0.09194444444444444,0
wiki,001ae5ae400e1f8e,1,0.0,0
wiki,848e51d63a047e1d,3,410.29583333333335,0
wiki,44ed902dbd55df72,2,0.029166666666666667,1
wiki,e2490f44aea8c072,3,0.06,0
wiki,ffa10d72fc6b8081,2,0.04555555555555556,0
wiki,f18c9cbc2ff38600,2,0.23222222222222222,0
wiki,f48747c7ef4a80c2,1,0.0,0
wiki,175e215ff4bb0426,1,0.0,0
wiki,e1cf6e9e74fdbe73,3,0.18166666666666667,0
wiki,60ab2b4d7dcc4bbc,9,417.8980555555556,0
wiki,cfcfd48591f38501,1,0.0,0
wiki,63253a2ee5e981d6,1,0.0,0
wiki,d4c683ebd62bcb0a,1,0.0,0
wiki,7b0671e537019081,1,0.0,1
wiki,590f8e62548137e9,1,0.0,0
wiki,c855f5ea7446d537,2,86.79805555555555,0
wiki,096d7275843d1420,1,0.0,0
wiki,a19d3d38bea8e25f,1,0.0,0
wiki,eb3b1e13b377bf75,1,0.0,0
wiki,3d83f6bea1451e36,1,0.0,0
wiki,6488eb4c20fdcc92,1,0.0,0
wiki,aba67dc68ae05d4f,4,2.6286111111111112,1
wiki,306aa3b5d32a8521,1,0.0,0
wiki,083191b3480dadc7,2,0.31194444444444447,0
wiki,f8b55af6e90dc3e9,1,0.0,0
wiki,dfe363c665ec9a55,2,17.23111111111111,0
wiki,ec9bb22f6b5b09dd,1,0.0,0
wiki,c8d73f8ee874d645,6,4.463611111111111,1
wiki,590eb94215574ffe,1,0.0,1
wiki,159fb48bb1e05088,3,2.6580555555555554,0
wiki,f7ae660e79b1a3b7,5,0.6736111111111112,0
wiki,28936462a81cbe5b,1,0.0,1
wiki,178afee2b45a0066,1,0.0,0
wiki,78c0896ea708ba35,7,9.991666666666667,0
wiki,f3ca1151dfd19080,1,0.0,0
wiki,5d732f287e575f32,1,0.0,0
wiki,75fd661a74534779,1,0.0,0
wiki,cacab58b9c40f72e,6,1.0972222222222223,0
wiki,7e4d898e2c1f455e,1,0.0,0
wiki,de4f7722da2129b1,2,6.753333333333333,0
wiki,acc26e834ba52e0f,3,1.0080555555555555,0
wiki,127af5b8d9e6d0f3,6,0.08277777777777778,1
wiki,34515aaa3882da45,5,78.6613888888889,1
wiki,df277274f339ab3c,1,0.0,0
wiki,dda5a76ece79fd8d,2,0.0008333333333333334,1
wiki,436174ffb6577841,2,81.83722222222222,0
wiki,736bd4bc8d0ea203,3,4.338888888888889,0
wiki,67a2526925c92c7b,3,0.0038888888888888888,0
wiki,f0b42f9121ab1220,6,0.26472222222222225,1
wiki,a3ef3c891448cf4b,4,77.82833333333333,1
wiki,578f89a0f3b88ffb,36,0.07055555555555555,0
wiki,4654313a4bda6af5,2,0.2875,1
wiki,b4114075f1d7fcde,1,0.0,0
wiki,30756cae1f4b258b,6,181.66972222222222,0
wiki,40a98ddcbceec98a,1,0.0,0
wiki,eb360f13676929dc,2,0.060833333333333336,0
wiki,49bec07941db6bbc,1,0.0,0
wiki,afd5cc8ded1fe1de,2,0.014722222222222222,1
wiki,5a0fe6a2e914e7ac,3,0.5191666666666667,0
wiki,9eaa3b3f72331af0,9,0.5325,0
wiki,cab0c455df53fc0c,3,83.67222222222222,1
wiki,b8a41d098c0289c7,2,0.04694444444444444,0
wiki,842d6bce7af561a8,16,37.114444444444445,0
wiki,610214aaf13460e9,2,536.2911111111111,0
wiki,831591c185971857,1,0.0,0
wiki,79e2daab13c7b444,4,0.11027777777777778,3
wiki,bd81fdfc5a070a62,1,0.0,0
wiki,0eb1f28ac0f9f249,4,0.0475,1
wiki,a4b00ef9bc8b3b54,35,79.73083333333334,2
wiki,cbe23905a2d44329,3,77.96472222222222,0
wiki,d292f3c7d545cb9c,1,0.0,1
wiki,03bbe4298ec29e81,4,0.29944444444444446,1
wiki,8e624383e86b1378,24,79.30277777777778,5
wiki,cfb32acaa6894bb4,2,0.9880555555555556,0
wiki,5d4ed3b8f2a10a37,1,0.0,0
wiki,40eaf95762e24eeb,1,0.0,0
wiki,cd3fbd89c73f3924,1,0.0,0
wiki,e716bbd1881242ff,6,24.125,3
wiki,69496a73186cef95,3,0.9930555555555556,1
wiki,08e3a27ab0d080f3,1,0.0,1
wiki,27868c5533a5026f,3,1.3944444444444444,0
wiki,67990656c63a4d18,2,0.001388888888888889,0
wiki,2503336f2126374e,11,0.6638888888888889,1
wiki,619523da28e37057,1,0.0,0
wiki,9b561e39f857b22f,3,0.37472222222222223,2
wiki,760bedf0ca59ed16,3,0.03111111111111111,2
wiki,1dfff435c615618a,1,0.0,1
wiki,e16b257d53923369,31,79.22111111111111,5
wiki,fef51e99141a57b4,2,0.535,0
wiki,5b5cf148496359f8,1,0.0,0
wiki,703827e6274a1f6d,2,0.030555555555555555,0
wiki,8e79d8d8ebc013a3,12,7.275555555555556,3
wiki,3d97d338cf35e3d3,3,1.6627777777777777,1
wiki,21757e9420fdbe80,3,10.505277777777778,1
wiki,e6de833cf02ba63d,3,0.8969444444444444,0
wiki,5b2422ef7e144848,3,1.7297222222222222,0
wiki,95091af895a3e655,2,0.2594444444444444,0
wiki,3b429fedc4db1d97,1,0.0,0
wiki,e9f9a123c933387c,8,8.37138888888889,0
wiki,d4d92c53eecd5c7c,7,1.0425,0
wiki,fbc14cdebb5496db,2,0.005277777777777778,0
wiki,82cb25ee2df730ef,2,0.22555555555555556,1
wiki,93617b941a3722f3,4,5.973055555555556,2
wiki,1e81faefed9313ab,1,0.0,1
wiki,f689897ea6ea14ee,4,0.10805555555555556,0
wiki,d10a01ce6d9f32bd,3,1.3130555555555556,0
wiki,506e84dfe156b3b6,8,10.679722222222223,0
wiki,a94cbff1e1c40f53,8,7.770833333333333,2
wiki,83d154e84295826f,2,0.37194444444444447,0
wiki,c94dcedb5e99eb93,9,9.891388888888889,2
wiki,8ffc3297bd79024e,1,0.0,1
wiki,c9fddaefd8205840,4,1.2113888888888888,2
wiki,8ea268468e4f7268,2,0.07388888888888889,2
wiki,6d05f9171bcef2c4,1,0.0,0
wiki,da373850d5dbbada,4,0.2791666666666667,1
wiki,5521c57738d6cfc3,1,0.0,0
wiki,2959ade2237c8c6e,1,0.0,0
wiki,a42b20da828c91f5,3,0.32861111111111113,0
wiki,36d4b3e64bc62153,2,7.060833333333333,0
wiki,1eaad2a6206de5db,1,0.0,1
wiki,4347cd7a605e3caa,3,0.07472222222222222,3
wiki,0c4cef83cfef5a8a,1,0.0,1
wiki,928f1a303160caff,1,0.0,0
wiki,ce794557a8aaf4b2,1,0.0,0
wiki,411a2648c5feb1b3,1,0.0,0
wiki,6fce597e5a96e412,2,0.05333333333333334,0
wiki,03ecd33202ed5166,3,2.3872222222222224,0
wiki,efb1fd8b50415593,4,0.3347222222222222,0
wiki,a58dd32d50d1a894,5,5.127222222222223,0
wiki,8e9c394a5da107f0,4,7.474722222222222,1
wiki,a7994f91d8b255ce,2,0.09083333333333334,1
wiki,0387f5de3f21ffc5,7,0.7869444444444444,0
wiki,ce2058ee4876e97c,5,4.146111111111111,1
wiki,845890c49bc80800,12,4.006944444444445,1
wiki,e7f199a745c1923a,12,11.643611111111111,2
wiki,c09b52b96e9c03fc,1,0.0,0
wiki,801a022fff241060,1,0.0,0
wiki,849866a89385f7cb,15,1.4780555555555555,4
wiki,76136141d93e6487,4,0.4091666666666667,1
wiki,b7c119a59965f631,3,0.17833333333333334,2
wiki,6aa24a344e778fc4,1,0.0,1
wiki,07fdd81cf46ce806,1,0.0,0
wiki,95c72d97f2fa688a,9,0.7194444444444444,1
wiki,c9ea3676e86a5672,7,2.213611111111111,1
wiki,1e4fdd2f9184d5c4,2,75.66444444444444,0
wiki,469cc468454879e8,6,83.94,0
wiki,afce68c3d1281619,1,0.0,0
wiki,c93756aeae19a652,1,0.0,0
wiki,7189f54908571f34,5,78.50166666666667,0
wiki,b303642448555197,2,0.0025,0
wiki,5e36632bdc991898,1,0.0,0
wiki,72d10b265db00c92,1,0.0,0
wiki,ba8784cffadce511,2,0.029166666666666667,1
wiki,8f86782c509c23ad,5,0.4013888888888889,1
wiki,dec900ba8ce7d3f6,1,0.0,0
wiki,bca5c55fd9dda9d7,1,0.0,1
wiki,4b8ce6909418194c,1,0.0,0
wiki,637d06f374f49612,1,0.0,1
wiki,bfaded45a3f0efcc,1,0.0,0
wiki,1844818d06cd29a6,1,0.0,1
wiki,961f520430b4eca9,2,2.6341666666666668,0
wiki,71d5e2f626e0e5d7,8,0.08388888888888889,0
wiki,4eadae156e7a2626,3,50.196666666666665,2
wiki,9ce4e07434d45098,1,0.0,1
wiki,a5845d7e4cc4931b,1,0.0,0
wiki,cc9d0cd09ea3ef60,61,2.4225,4
wiki,85ad1863f882cf7f,1,0.0,0
wiki,e6d6e86e6803cfd3,2,0.8575,1
wiki,286d3b824087cfcf,2,0.013055555555555556,1
wiki,b2ea707f6589be4a,9,0.14777777777777779,2
wiki,e1a5a73f142e498b,1,0.0,0
wiki,97e009e21b04cf5c,1,0.0,0
wiki,d1093c74031cc69c,4,85.01388888888889,1
wiki,0d551d1236960f2c,1,0.0,0
wiki,8951c8916eb705fd,5,2.546111111111111,0
wiki,853aa949d816a445,1,0.0,1
wiki,b167f9293dcafd9e,1,0.0,0
wiki,7faf66a688325d0e,1,0.0,0
wiki,5a41605a13994b4f,1,0.0,0
wiki,ab5c419b5277fe5a,7,1.3111111111111111,1
wiki,3383075fb739cbb0,1,0.0,0
wiki,ae3b81fe7d390b9c,2,0.065,1
wiki,e80b03598e7679bb,7,0.036944444444444446,5
wiki,a88f6bfae9a94014,5,0.011111111111111112,2
wiki,9ec2dd3b271ae152,9,0.05361111111111111,4
wiki,a4040afbf3e2bbd9,5,0.9027777777777778,0
wiki,c58de16e1c998048,7,1.1852777777777779,0
wiki,2a47f55146cb70a0,2,1.0244444444444445,0
wiki,33feed10003a76e3,2,0.07916666666666666,0
wiki,77656e3e3c0d6c0b,1,0.0,0
wiki,06eba51b4ba3e2c9,5,0.3711111111111111,0
wiki,c6c99e0002c97975,1,0.0,0
wiki,3a171843fc2e5c47,1,0.0,0
wiki,f224c7dea47a99b0,4,0.15444444444444444,1
wiki,25cae89255b585d1,8,1.1736111111111112,2
wiki,69ceb3ad8b6e0272,1,0.0,0
wiki,cea523b0b21bb780,1,0.0,0
wiki,403ca93482217f5b,3,0.10138888888888889,0
wiki,b7fdb59db563b898,1,0.0,0
wiki,19ca4e52b63d9843,6,0.2477777777777778,1
wiki,ba37cb5193068556,1,0.0,0
wiki,ff21ebc28ca0b15c,2,1.3894444444444445,0
wiki,f9661ff151fd7fcb,1,0.0,0
wiki,ea1c5ab05130b6cb,1,0.0,0
wiki,6f7d401db4ad0904,1,0.0,0
wiki,1030f51b96b641fd,3,0.025833333333333333,1
wiki,b151b1cedbbf2176,12,51.12111111111111,0
wiki,f942f98d12704579,1,0.0,0
wiki,f93d1467bc3f4472,4,0.4975,0
wiki,807bde68d50558db,1,0.0,0
wiki,601212f4aa02f829,1,0.0,0
wiki,02886c69664f60c3,5,2.366388888888889,1
wiki,e1e72d9b039cea9f,2,0.3975,0
wiki,0ba589983209e955,7,80.68083333333334,1
wiki,f04d597775719e3d,4,0.18166666666666667,0
wiki,2db281936860b4ac,1,0.0,0
wiki,7b580025d1c16cd9,1,0.0,0
wiki,7abdaca50b053c22,8,0.09694444444444444,1
wiki,be25ef3691fe557a,1,0.0,0
wiki,00ebca148c371cc5,2,0.8988888888888888,0
wiki,da7199ef983d72a7,2,0.0011111111111111111,0
wiki,6fba9ab28a83e92f,2,86.95777777777778,1
wiki,2c971a3e25149f48,26,2.158888888888889,8
wiki,7bad83a58a85290d,1,0.0,1
wiki,2c773ff56a7e724e,6,0.14694444444444443,0
wiki,39d52801dc92408e,2,0.009444444444444445,0
wiki,7a0d0505656eaf5e,1,0.0,0
wiki,87be9f5b981e876b,1,0.0,0
wiki,29f69d7ab8e22ce6,2,0.001388888888888889,0
wiki,6e67a9f9ebf44769,1,0.0,0
wiki,12ded31ccc51acb2,1,0.0,0
wiki,6357c2ca445b06ea,1,0.0,0
wiki,50642f72fb5ca55c,1,0.0,0
wiki,bebdf417ef719f98,1,0.0,1
wiki,d2341f599332b673,1,0.0,0
wiki,e1105d0998ec2868,1,0.0,1
wiki,6e58d1873a5cacba,5,0.009166666666666667,0
wiki,d0ed39312ca49a6f,1,0.0,0
wiki,79fbe71337f31cd0,14,49.234722222222224,0
wiki,d2129db4af39e5ce,1,0.0,0
wiki,6abbffbad31118ac,13,15.109444444444444,1
wiki,9019cfe699a03b50,4,1.7119444444444445,0
wiki,70c6d4d9b96f246e,2,1.981111111111111,0
wiki,bb0a0c391b18e66e,1,0.0,1
wiki,abb1a7f12255d74f,1,0.0,0
wiki,5444c5aa89326efd,1,0.0,0
wiki,a7db61edc6c22027,6,10.41,1
wiki,23373ad986bd04d1,1,0.0,1
wiki,de461b1dc63a3edb,1,0.0,0
wiki,a5362b37057860f5,7,3.158888888888889,0
wiki,c46795749e9bf5e2,1,0.0,0
wiki,3814418f3ed24050,6,9.581666666666667,2
wiki,66fb1d8c4199c93e,1,0.0,0
wiki,3bb34e358373ac4a,3,0.23666666666666666,0
wiki,104c83b48f97edb5,2,0.05138888888888889,1
wiki,eb8b889176ffdacc,4,4.260555555555555,0
wiki,3b822841c8666af5,2,0.12083333333333333,0
wiki,8512f9013b2dad14,3,0.7622222222222222,0
wiki,51e9a84da63dc2e0,9,4.187777777777778,1
wiki,9f14c5193e3fe223,1,0.0,0
wiki,7f992ac185833c0d,2,0.3333333333333333,1
wiki,d65d66fb64d04e2d,1,0.0,0
wiki,48f5cfb3b6a5391f,2,0.10555555555555556,1
wiki,865f8af2be7117d1,3,2.588611111111111,0
wiki,562991064c66bef7,8,8.483611111111111,0
wiki,b2b5d0c44c735042,14,3.556388888888889,2
wiki,b4474a7bdd8fa5d2,4,0.5841666666666666,0
wiki,cd84886b8319ab84,2,0.645,0
wiki,b4c4939ffc1029b6,1,0.0,0
wiki,167155db292871a6,6,2.8986111111111112,0
wiki,b349b24a10acedfa,4,2.004166666666667,0
wiki,53003dfd81ffbf4b,4,1.9266666666666667,4
wiki,eff18abf633c984e,6,23.601111111111113,2
wiki,1239bab729ca811f,1,0.0,1
wiki,b39d6b774c36fff6,5,6.3469444444444445,0
wiki,9c001a65299fce45,1,0.0,1
wiki,4a9b31c56d24a88f,1,0.0,1
wiki,6feb9c385590aa27,1,0.0,0
wiki,e1a5345ea5025a0d,8,3.6755555555555555,0
wiki,720ec5fea308b55f,2,0.03222222222222222,0
wiki,0da84f3688ab53e7,1,0.0,0
wiki,1d6cc9f6ac2d8e6b,41,8.49638888888889,7
wiki,ae183468050cf4a1,1,0.0,0
wiki,0cbaba9b026e5fb1,18,57.786944444444444,3
wiki,e36eea8713480e6f,6,508.1163888888889,1
wiki,b3ed6f0c5f0acd73,2,30.059166666666666,0
wiki,484f64b3d2c5a504,1,0.0,0
wiki,98497c9ca83c2b12,8,557.6219444444445,0
wiki,51d8e9ea17b00941,176,77.76916666666666,3
wiki,9c8ac60c8c56bda1,2,0.05,0
wiki,eb049718c46ee7c4,2,171.3563888888889,0
wiki,458cf80e7c62941a,1,0.0,0
wiki,07e75bfee8268708,2,2.3536111111111113,0
wiki,c13a1a7aa262b87a,1,0.0,0
wiki,78174bb770a8ba63,2,0.005277777777777778,1
wiki,63e9e7742d26b576,1,0.0,0
wiki,882e4a60db98a639,1,0.0,0
wiki,de33a7c65935aa8c,18,0.1502777777777778,0
wiki,173be19c36627357,2,171.64027777777778,1
wiki,c5dfb1b4b865716e,19,0.30416666666666664,4
wiki,5efc96a2282f46f5,1,0.0,0
wiki,1234924750f057e5,1,0.0,0
wiki,b9252fbab9145757,1,0.0,0
wiki,0a03c7cb41439574,1,0.0,0
wiki,dcb2f686b2f6367d,1,0.0,0
wiki,dfcb4a4bae08fad7,2,0.25222222222222224,0
wiki,7eac2019ac4c2a4f,1,0.0,0
wiki,467756282431d224,2,0.16527777777777777,0
wiki,15375af3e9413677,2,0.041666666666666664,1
wiki,a852e8bd1dab6504,9,0.6869444444444445,0
wiki,ae31bfc330451247,4,0.5388888888888889,0
wiki,955728a0ae1bac29,7,8.691944444444445,1
wiki,a250ce7779ef07a0,2,0.2841666666666667,1
wiki,bcc438e6e90259f9,184,86.86861111111111,53
wiki,007de627ee107b2f,9,84.25694444444444,0
wiki,42f251c3a87a8993,5,0.22361111111111112,1
wiki,4beac9c0e1f0c8db,3,0.004166666666666667,0
wiki,e91d307fde0607ae,15,77.28972222222222,2
wiki,bb029dad9d89d530,6,7.775277777777778,0
wiki,c6242d3e81d8fe88,3,0.4886111111111111,0
wiki,b07c987d72ad0978,2,0.050555555555555555,0
wiki,cd81d18f585f97b3,2,2.4130555555555557,0
wiki,bdb4779603f56b71,1,0.0,0
wiki,4d059e43f795eeee,1,0.0,0
wiki,9df23ad7d84a96b4,6,0.9475,2
wiki,1be6f88f84be7bba,2,0.3313888888888889,0
wiki,c8b382f986b0eee9,8,21.33138888888889,3
wiki,a6b0855bd519796a,8,33.016666666666666,3
wiki,aef636522b3d02fc,3,0.9419444444444445,1
wiki,c0ec464d958c7792,3,4.601666666666667,0
wiki,3714ef8674d059b6,50,503.70416666666665,0
wiki,e0c8af33d8b40f1c,2,0.0033333333333333335,0
wiki,594ab6e6aea5ac93,14,1.1319444444444444,2
wiki,3769848963077e6b,1,0.0,0
wiki,43c53ed6b9dc723a,12,0.9791666666666666,0
wiki,2b5d78885f4de6b6,3,0.6497222222222222,0
wiki,15ba1ff7dbb5475c,1,0.0,0
wiki,c56d5f317055d3a2,3,0.1825,0
wiki,6d9d633ec6000b85,2,80.14111111111112,1
wiki,6e9dd60b26dd27e0,1,0.0,0
wiki,dbe7273a7d93ce07,3,1.146111111111111,1
wiki,b6d25764c9ca4659,6,2.4408333333333334,0
wiki,4b0f6cb1d9b8d94a,1,0.0,0
wiki,d1f1f739b327fbf5,3,1.6494444444444445,0
wiki,0daad2d2e548c55e,4,80.38333333333334,0
wiki,5880c1f3bc1ff0b1,2,0.0019444444444444444,0
wiki,312f939a7e73cdab,27,81.9486111111111,2
wiki,7c33215b89ff76bc,57,81.16416666666667,11
wiki,5a8077db93b7e7de,7,0.7958333333333333,2
wiki,651d9b2b006ee245,4,0.6438888888888888,0
wiki,99adb32a9a87c417,15,6.140555555555555,0
wiki,80f28d64315fad86,3,7.159722222222222,1
wiki,970f0e8a4326eba1,7,1.6752777777777779,1
wiki,a165ce68615e42eb,5,0.32972222222222225,0
wiki,deaa592bb110f359,6,4.523333333333333,0
wiki,678e7ef8a74231d2,4,0.10333333333333333,1
wiki,38da8da8b0157a31,1,0.0,1
wiki,56b79c85d2fd1192,3,5.503611111111111,2
wiki,aeac0dab05cf6296,1,0.0,0
wiki,feb7ac516ae4339d,2,0.07055555555555555,0
wiki,fa8cf5c7cb493833,2,14.771666666666667,0
wiki,6d259ed4847074bd,3,1.1211111111111112,0
wiki,6560065789df623c,7,42.522222222222226,0
wiki,184dbdbd3d034efb,4,1.7641666666666667,0
wiki,31a15749d102c906,1,0.0,1
wiki,866a04d9c57e14b8,5,0.11944444444444445,0
wiki,0cd3efb5ffcdfe28,6,0.4563888888888889,0
wiki,715e4eda687b6ead,1,0.0,0
wiki,d7c7eddb2c16798a,1,0.0,0
wiki,cd05eff1bfd970f4,1,0.0,0
wiki,fda9ea052ccaa237,1,0.0,0
wiki,032fe20e56f18767,1,0.0,0
wiki,308461ef057219f0,8,4.833611111111111,1
wiki,3f0cac5092e673a9,1,0.0,1
wiki,cbe1ee22bccecebf,2,0.10222222222222223,0
wiki,b3f88240a16d0f67,1,0.0,0
wiki,d880bc5f3d585e0a,1,0.0,0
wiki,81e7145d4e330fca,10,80.61777777777777,3
wiki,42c8775be02a14ea,1,0.0,0
wiki,dea8be0529cbf159,3,0.028055555555555556,0
wiki,8524d2dfee8485f9,7,0.42388888888888887,1
wiki,bc432f60e55de6de,3,0.11166666666666666,0
wiki,d1787e02c5d0f520,19,2.1169444444444445,2
wiki,aa9f49ba2dc7932a,2,0.9491666666666667,0
wiki,aef0c76ff19202d0,10,0.07805555555555556,3
wiki,4d818d483447d62d,1,0.0,0
wiki,9b458d45659bd736,3,0.6644444444444444,0
wiki,fbdea78b8e8e2b97,1,0.0,0
wiki,d666d10305216e66,2,0.004722222222222222,0
wiki,4923c81bdfe3aeb2,1,0.0,0
wiki,13361781ee9c2e0e,1,0.0,0
wiki,1dd5c68ec0dcbf5d,1,0.0,0
wiki,0b10e54d15382b87,2,0.05555555555555555,1
wiki,997137f83780b169,12,0.20722222222222222,1
wiki,534d35072e1fbc07,1,0.0,0
wiki,4c474c4eda20fae5,1,0.0,0
wiki,ee081032bebeb62c,1,0.0,1
wiki,20814cb0300c89e6,2,0.2816666666666667,0
wiki,08564d7425513cf1,9,1.8558333333333332,4
wiki,2e2f63632b9fbece,1,0.0,0
wiki,a1d37fe0629c565c,12,2.1605555555555553,3
wiki,080ff08cee5568a1,12,14.803888888888888,3
wiki,9b5eaf4711fcd4eb,8,4.8775,2
wiki,252fa75238374da5,14,16.846944444444443,1
wiki,6cb20e95e4f0c634,1,0.0,1
wiki,60a9c75b49fe603f,20,5.267777777777778,3
wiki,7e3e13ad3a27da80,7,1.9744444444444444,0
wiki,0ba4ceffe8b5f29e,1,0.0,0
wiki,888c20a473e7b062,6,1.1272222222222221,0
wiki,82683851faba3a46,1,0.0,0
wiki,eb79139324e9115b,11,20.001944444444444,2
wiki,e58f811a6cbb3a0d,20,32.931666666666665,1
wiki,fef5597b3d949b87,2,0.3586111111111111,0
wiki,a6b38ab20cb3f9d4,3,2.2597222222222224,0
wiki,3c44652966f3c6dc,1,0.0,0
wiki,c0aeed829a9d970e,1,0.0,0
wiki,a3cf84bf6fde610a,3,5.900833333333333,1
wiki,b7d6eea19f368d68,7,1.0997222222222223,0
wiki,0510fa5093bbd997,16,33.53777777777778,0
wiki,4db0adfe4134e8f6,22,27.059444444444445,7
wiki,6854fdefecc3eb11,1,0.0,0
wiki,da2ffdeaa647f31c,1,0.0,1
wiki,8d8c420e60fd59cd,3,9.720833333333333,2
wiki,1f3eee9c7294a807,4,6.131388888888889,0
wiki,faad77134412f350,1,0.0,1
wiki,caa7c09a24632dd8,1,0.0,0
wiki,3cdbaec829734da6,4,0.2638888888888889,1
wiki,17128251f2b6ea0a,1,0.0,1
wiki,2849a32eb0769937,9,1.1455555555555557,4
wiki,5b88c7d526455de9,2,8.423333333333334,1
wiki,47fcf6d3ce2226f2,11,1.5602777777777779,4
wiki,1c11cab9ae14edba,6,2.500277777777778,1
wiki,19e553b851365dee,5,10.4875,0
wiki,f48e1fddecdf7f37,8,4.824166666666667,0
wiki,90e6622806a1aaf3,2,0.06944444444444445,0
wiki,cb510c299505ebd3,2,5.0175,1
wiki,451c6f65a4099ef6,1,0.0,0
wiki,0b01f773dbfed61a,8,4.997222222222222,0
wiki,24dac1f295b74049,3,2.033333333333333,0
wiki,e2abc9558d061737,1,0.0,0
wiki,5d5e20268cc3139e,4,5.498055555555555,1
wiki,c53eade92dc019cf,1,0.0,0
wiki,2bec84f22f9c4907,6,13.181944444444444,5
wiki,090ca3aeadb509ee,1,0.0,1
wiki,8c4f37459e8e32c1,6,12.364166666666666,1
wiki,b007e59f2608cf44,5,1.035,0
wiki,42e4d80dae9f549e,3,1.0197222222222222,0
wiki,2bb669d0aa5492be,4,0.5944444444444444,0
wiki,8e03c4bc4f50bd50,1,0.0,1
wiki,e3fa0a83a3df8634,5,1.4166666666666667,2
wiki,4d175fabbb47f03f,2,0.021666666666666667,0
wiki,0116237ef8e93f36,6,1.0447222222222223,0
wiki,abba892e0d95a6a2,6,11.241111111111111,3
wiki,120a337436520de0,2,0.05444444444444444,0
wiki,fbab0954b2322c6d,4,12.078888888888889,0
wiki,c7f5ae608bcd2dd3,2,6.101944444444444,0
wiki,86c5d1d07e8116de,8,5.673611111111111,1
wiki,34aecfb33ec46542,1,0.0,0
wiki,42d3996df8b6f8ed,2,0.5072222222222222,1
wiki,13c01e139bee7777,1,0.0,0
wiki,86a3214394350b35,1,0.0,0
wiki,a18d22e5bcfab5bb,2,0.2125,0
wiki,976df74b554bcc82,1,0.0,0
wiki,2bed2dec24043d82,5,7.220555555555555,2
wiki,b45b9ee8c74d2a3d,13,5.983611111111111,1
wiki,fbe439f2586cb050,8,3.828888888888889,1
wiki,9755726170ddf3be,3,8.169166666666667,0
wiki,9cec86b03a1ba820,9,6.416666666666667,2
wiki,143c501b8e4ac04e,2,0.004166666666666667,0
wiki,d8f9bb8c8ef4ae7a,2,0.11777777777777777,0
wiki,de38b2d80cc15513,1,0.0,0
wiki,d9fbab1a3514ab7c,2,4.885555555555555,0
wiki,d7d1413170dec414,1,0.0,0
wiki,8eeaddb2c212fb6e,4,1.7658333333333334,2
wiki,2df555c1379cf4dc,1,0.0,0
wiki,1806815b27d1766b,2,0.11305555555555556,0
wiki,f6bfcb4c24b560eb,1,0.0,1
wiki,e91653a9f8ffb993,3,2.5216666666666665,0
wiki,6d8eaeac9a193678,5,34.96805555555556,0
wiki,c89518b0e683fc76,1,0.0,0
wiki,59167aaadb5e38c6,9,9.136388888888888,1
wiki,51daeae6e3d90dd2,5,3.9163888888888887,0
wiki,b4cd17918932444b,1,0.0,0
wiki,8c9d4b89b3435689,1,0.0,0
wiki,37999f7d11655a8e,4,7.392777777777778,0
wiki,467093ff65b512c4,4,4.808611111111111,0
wiki,2d7ab2a9908145df,4,43.5475,2
wiki,e0916cadd18d21ff,1,0.0,0
wiki,ace8370dc6d0034a,11,8.186944444444444,0
wiki,53a626c73b8397c0,11,10.648888888888889,0
wiki,08bd05cad430ffae,2,0.2727777777777778,1
wiki,0ac022f1d0f53ccb,8,30.711944444444445,0
wiki,35f4a62155efcfb6,2,0.055,0
wiki,dc39a29c13ba2297,6,7.192222222222222,1
wiki,26977d0445a2661a,2,0.07194444444444445,0
wiki,d047b0944fa50a26,1,0.0,0
wiki,f63cc58609d4b716,1,0.0,0
wiki,2cfdad9426b5d37b,5,3.850277777777778,0
wiki,370abe53f0c0fa14,1,0.0,0
wiki,3de0ae86974b0e1b,1,0.0,0
wiki,a366be7cab506e70,4,1.0883333333333334,4
wiki,1812ff604db70cc8,1,0.0,0
wiki,3d3beecfc4b2f0b3,6,1.6797222222222221,1
wiki,8d6b64adeb26ba7c,5,10.96888888888889,0
wiki,0e0e20fa7b6dc8be,1,0.0,0
wiki,ea8119867528a744,2,0.6427777777777778,1
wiki,68255c76f1919fe1,3,1.3525,1
wiki,f5a5cea61d2f59ae,1,0.0,0
wiki,21e447832b5a11fc,1,0.0,0
wiki,553191c4f12cf821,7,0.5288888888888889,1
wiki,d7c9e5db4ca8a357,4,8.758333333333333,0
wiki,9452d9f5d9bbaed0,1,0.0,1
wiki,88532e716c8c4656,1,0.0,1
wiki,9961b8fe492c7c52,1,0.0,1
wiki,6a33249d98fe3a2e,5,1.1222222222222222,2
wiki,e734fb9a51e31b97,1,0.0,1
wiki,721d0fd62b732f02,7,9.223333333333333,0
wiki,069332be316506aa,1,0.0,1
wiki,87cbb5f355870565,2,0.06305555555555556,0
wiki,3c63e3a6cfcc39e9,2,0.9225,2
wiki,5ac262249a3f55d5,5,2.246111111111111,3
wiki,4fd41b6a59aa1b6d,1,0.0,0
wiki,f1b58ca2fbadf0da,1,0.0,0
wiki,b9bc48eafa8498d9,1,0.0,0
wiki,66002c51acf20e83,1,0.0,1
wiki,4386f670f3f50aee,8,2.593888888888889,1
wiki,f74752c651e6e190,1,0.0,1
wiki,b3d7bdef1be21cbd,4,0.9697222222222223,0
wiki,295fc1d75b44b5df,4,0.4986111111111111,0
wiki,835e2364d78754ce,1,0.0,0
wiki,e72dcd6a7c1d6fe7,8,28.798055555555557,0
wiki,d922b178b18cdbed,1,0.0,0
wiki,5b29c912116c9258,3,0.0425,1
wiki,c5355304f72cfc9a,2,0.03,1
wiki,38557a787740a299,1,0.0,0
wiki,4bcf935472099206,3,0.1125,0
wiki,e9967df9f99e65c6,4,1.3791666666666667,0
wiki,fe175fc83d50ef7a,4,0.32805555555555554,0
wiki,6feeed6a43dba699,3,6.813611111111111,0
wiki,f826f8839f8e2372,1,0.0,0
wiki,bce65e1bf0ac954e,23,81.0075,9
wiki,dcacc97fa6dabaf8,1,0.0,0
wiki,5f1505fd14b60d46,1,0.0,0
wiki,e43b11e563b4c33d,2,12.473888888888888,0
wiki,077bc1cc91aafc8c,1,0.0,1
wiki,c15c3c59a3205878,1,0.0,0
wiki,1147913ce872df5b,1,0.0,0
wiki,1aac4713b88e0ddf,2,1.3119444444444444,0
wiki,ec388348de0c8208,1,0.0,0
wiki,f8fc6c5d5c93c700,3,1.3652777777777778,0
wiki,a3a4d469403d3821,20,18.296666666666667,3
wiki,562b168344ef987a,3,0.31666666666666665,0
wiki,4a7fe0dfc671d1a1,10,3.8605555555555555,0
wiki,2b456420b2fec01e,3,0.23,0
wiki,8065165341a8b734,3,1.506388888888889,1
wiki,69afcc16f28381a8,3,0.48277777777777775,2
wiki,e99347350f728542,5,3.631111111111111,0
wiki,daa4cb922fd01deb,2,0.015555555555555555,0
wiki,dd530b41b09b1ede,3,0.5113888888888889,0
wiki,3eae29ecc31e3cd1,8,8.336666666666666,1
wiki,e153d2a00d9ea653,1,0.0,0
wiki,0924fa7019226794,2,0.04638888888888889,1
wiki,4047b1025f32fc6f,2,0.36916666666666664,1
wiki,2235b43b538e7d80,2,0.11444444444444445,0
wiki,d16d398b39ee4548,1,0.0,0
wiki,9f9a9659f65f545d,61,84.81555555555556,19
wiki,25dee1509d72a711,1,0.0,0
wiki,9836fbafa4959b51,1,0.0,0
wiki,e47cbd54f31d4650,1,0.0,0
wiki,476ff663c7ed6344,4,13.524444444444445,0
wiki,a1459decc40a6b2f,5,5.554166666666666,0
wiki,79bf13bec365910a,9,6.0525,1
wiki,aa38e69010775c8c,6,7.294444444444444,0
wiki,a3915a1e40c92ad7,36,82.05083333333333,8
wiki,723b8be86b3a0cdf,2,0.42833333333333334,0
wiki,09064b12620e3cc7,1,0.0,0
wiki,ce1c3bce1f77cf39,4,0.3313888888888889,0
wiki,5ca6057af0e04ea6,3,0.5972222222222222,1
wiki,5eb3c298bdb06a2e,3,0.10444444444444445,0
wiki,b5f9048c86ef8faa,6,3.605277777777778,0
wiki,563ac9c7f327415d,3,2.2655555555555558,2
wiki,5d8604d9ef427c18,2,1.0125,0
wiki,e8077ebb1a55f022,1,0.0,0
wiki,a91de892a6bffc41,4,18.204444444444444,0
wiki,dba7d5b95d8bfb7f,2,0.03944444444444444,0
wiki,91c77998e44f7e21,1,0.0,0
wiki,7d9c9578ff787044,22,17.508055555555554,6
wiki,c40b9ce4923a99f0,5,0.2136111111111111,0
wiki,80434eabcca8b1aa,16,2.595833333333333,0
wiki,8e179d96a8a05090,2,0.2783333333333333,0
wiki,c49450e3cd35fff5,6,2.089166666666667,0
wiki,698061b904514291,1,0.0,1
wiki,9f7e5eab4b052d65,9,4.768055555555556,0
wiki,1586e0ddb7316f72,5,0.6316666666666667,0
wiki,b5eaead90d652741,2,1.4536111111111112,1
wiki,5055ab8ced073711,2,0.3947222222222222,0
wiki,1881d7373a13f960,1,0.0,1
wiki,3568be825616e68d,5,1.0069444444444444,5
wiki,12a1394f1dcf13af,3,0.7355555555555555,0
wiki,ca0551b5794b8daf,1,0.0,0
wiki,b3430ecf747d4e93,3,2.2275,0
wiki,9364ecab71fac1e7,2,0.4672222222222222,0
wiki,4004533ffd4227d3,1,0.0,0
wiki,b984370691785dae,7,2.0994444444444444,7
wiki,313e389570971a6c,3,0.13583333333333333,0
wiki,9990c8a76040b1a3,1,0.0,0
wiki,a9243bc86fc111cc,5,1.8347222222222221,1
wiki,7c8ffa17da4fc85a,1,0.0,0
wiki,332ebb735506a7fa,1,0.0,0
wiki,33fae9fc77e74a44,1,0.0,0
wiki,8be9ced0bbef2140,1,0.0,0
wiki,a80b48b2e1b3a05c,18,3.091388888888889,1
wiki,6e27d044bb18c02b,1,0.0,0
wiki,ce5a95b78f53993f,1,0.0,0
wiki,165377d11f37e9f4,3,0.011666666666666667,1
wiki,769fbdbcf35f7cd9,2,0.5180555555555556,0
wiki,86cce65e031808a1,2,0.06166666666666667,0
wiki,87109d4f8cf618c5,1,0.0,0
wiki,06b5a48c28d813c0,3,1.5183333333333333,0
wiki,0cfb478b53192421,3,0.9513888888888888,1
wiki,26a18511838d5938,1,0.0,1
wiki,50788dc3138652d0,1,0.0,0
wiki,2c33ceb06505274f,2,2.316666666666667,1
wiki,1d67ad41da1f97e7,1,0.0,1
wiki,be12dc430701bfad,7,33.85527777777778,1
wiki,9c070ce231b1c3bf,1,0.0,0
wiki,6cf906db32919fb9,1,0.0,0
wiki,3d0ee4b569e24c22,1,0.0,1
wiki,9eb61f5d057c8129,1,0.0,0
wiki,ed21a6805ec6d0b6,1,0.0,0
wiki,2c18bcb4bb6fd403,1,0.0,0
wiki,cc2cecf2abd89019,1,0.0,0
wiki,b8451f4985a0ae56,1,0.0,0
wiki,ac9edfad1ca8c3d5,12,15.650833333333333,5
wiki,58cd6e185cd6a5e5,1,0.0,0
wiki,da832f1136233b9a,1,0.0,0
wiki,620d5b7213123085,1,0.0,0
wiki,1524023a41156262,1,0.0,0
wiki,75965bd77f7011fd,3,0.9177777777777778,0
wiki,3b96219680edb639,1,0.0,0
wiki,ece5fac720a8b37c,1,0.0,0
wiki,a8ac5d4d2b04fc9f,1,0.0,0
wiki,c3a2e2e74b9abf04,6,4.775555555555556,0
wiki,1c83921e4c7afb9c,8,12.2525,1
wiki,81f98b5dfec3b574,3,1.8469444444444445,0
wiki,9bb066bd816489bc,4,5.623055555555555,0
wiki,d3932b8787b08b72,3,2.218611111111111,0
wiki,1edd16b5a5d1fdf9,3,1.7758333333333334,0
wiki,1df5460b0826c294,5,10.1,0
wiki,607aee413795f1ab,10,3.7158333333333333,0
wiki,27b59ce4978f37d7,4,4.447222222222222,0
wiki,5b53812de38f6aeb,14,16.395555555555557,0
wiki,e6a96756e70d168e,2,0.5761111111111111,0
wiki,55dc75a0b3f10aed,1,0.0,0
wiki,e67f9eea5dba13ca,10,13.82638888888889,0
wiki,b9bedce99df01906,3,3.7266666666666666,0
wiki,4cfe5fd51d786299,8,7.421111111111111,0
wiki,334a5eb81d1bcbc9,4,4.567777777777778,0
wiki,18368e355cb4d0c9,17,112.03888888888889,1
wiki,4fd226d4d0da8e30,1,0.0,0
wiki,32abe54b1f33342f,1,0.0,1
wiki,a243abebbc3a49af,3,77.79388888888889,1
wiki,e1aebafa0ff800cf,1,0.0,0
wiki,a6b1deb8fb3b69c7,1,0.0,1
wiki,155b9900f395a174,3,75.29388888888889,1
wiki,0a56306551eedbee,11,80.04138888888889,1
wiki,736f6e1bdfa1a7a2,2,4.405833333333334,0
wiki,587e53dc04f5b80a,2,0.010555555555555556,0
wiki,5fab459d6f5feaad,1,0.0,0
wiki,9442b3ca4a0a76d4,15,23.711388888888887,3
wiki,e8e615f01862c160,9,2.7225,5
wiki,c125f1829fe4b446,1,0.0,0
wiki,0da8e6a350211f8e,4,0.5413888888888889,0
wiki,f96564ae5486e60d,1,0.0,1
wiki,9e351087de404ecc,1,0.0,1
wiki,6325c9eb0b5d45d9,4,78.38027777777778,2
wiki,9dc69efae3dd76cc,1,0.0,0
wiki,4fef755504c95ba7,5,36.843333333333334,1
wiki,209bd63187d83b29,1,0.0,0
wiki,5ae51fdbf333116b,20,6.975555555555555,0
wiki,631b9baf422dc423,1,0.0,0
wiki,31ee8f1cf05a563f,1,0.0,0
wiki,7c9c0896f98f797f,3,0.20027777777777778,0
wiki,cbb01c255a1b8a7e,1,0.0,0
wiki,55754440752aef28,1,0.0,0
wiki,c8a6735379d30435,1,0.0,0
wiki,a76b196bd30cbe8e,3,0.7177777777777777,0
wiki,dd6e9fda2b3e0f65,2,0.39555555555555555,0
wiki,11b23d1146d81472,8,88.1288888888889,2
wiki,8c7ddabb6dbfd1f5,2,0.005277777777777778,1
wiki,58ce5c94e200838e,3,1.4552777777777777,1
wiki,b60b9afa10b4e356,6,8.678055555555556,5
wiki,8421f7a59399b464,8,3.564722222222222,2
wiki,ca49c4692c8edddc,9,19.86916666666667,0
wiki,e59109e289b71f7b,1,0.0,0
wiki,e197de4524fe5f95,1,0.0,1
wiki,e1a36fefadb780fd,2,0.009722222222222222,0
wiki,7e4f14522b29f39d,4,3.163611111111111,0
wiki,5280d329d0a43c73,10,4.830555555555556,1
wiki,44556af5c10310a7,12,4.0475,3
wiki,452a458bb86f7029,8,3.4344444444444444,2
wiki,64e09a1a7347ca1a,2,0.6236111111111111,2
wiki,1c1d6b2276082921,1,0.0,0
wiki,3c7e5f9b651a79b2,1,0.0,1
wiki,a490eaa718b84667,2,0.10916666666666666,2
wiki,d9252b04121950be,6,34.21861111111111,0
wiki,c7dd43b2c16e37b9,5,0.10472222222222222,0
wiki,0694083f26998aef,6,2.3136111111111113,1
wiki,f380b7778fa5f4a6,2,0.3438888888888889,0
wiki,e64d42b2154c9354,9,1.3447222222222222,1
wiki,f2c982eb357e2bcb,1,0.0,0
wiki,e251b919682fce72,3,0.008611111111111111,0
wiki,06396ada31980e7a,2,0.08388888888888889,0
wiki,a2c2d188e7701530,1,0.0,0
wiki,6567b2dbb6c04913,3,0.5286111111111111,0
wiki,a1a2fb51152f19ef,1,0.0,0
wiki,32c317465244604d,4,8.84,0
wiki,f7f89bafd29cb7f1,1,0.0,0
wiki,b44a49a12c55bcf8,1,0.0,0
wiki,3351661a3ee8c2ba,4,0.2811111111111111,0
wiki,cdb44b2f68c82352,1,0.0,1
wiki,7dd1c2b1bc9ae4cc,1,0.0,0
wiki,72dc22b79d3dbc1a,5,16.641666666666666,0
wiki,64fa97812bad26ea,3,6.570833333333334,0
wiki,747c645f438ae0c3,8,2.5544444444444445,1
wiki,603b63498e3a4b59,14,10.961388888888889,2
wiki,2fdb36a5a809f5dc,4,0.5355555555555556,0
wiki,1cbf482fc8367174,2,0.25805555555555554,1
wiki,0373126e99c11cc8,1,0.0,1
wiki,a50085ee07e51dae,2,1.4913888888888889,0
wiki,9aabc1e4cff2c778,2,0.07722222222222222,1
wiki,47ca996e4faae695,5,3.8894444444444445,2
wiki,24ef0dd2dad198e8,1,0.0,1
wiki,1dc378e52c729243,4,1.4969444444444444,0
wiki,932418edce3bec9e,2,0.15638888888888888,0
wiki,e79502e5ab40b2e4,4,6.126111111111111,1
wiki,c5ec1de310dea956,1,0.0,1
wiki,4b8d9d8eeb3f9c8c,10,86.43972222222222,4
wiki,a803a78ff1a16837,4,0.1922222222222222,3
wiki,f35e71c0ace46974,4,0.2802777777777778,2
wiki,edda3baddbad9a73,1,0.0,0
wiki,0c54d71e6ee9fd1a,11,4.048333333333333,1
wiki,8b6280a96eb8ea07,1,0.0,0
wiki,869c41298e457624,5,2.943888888888889,4
wiki,47f0c64c5ea2b2db,4,0.17277777777777778,0
wiki,895e762dfd4a2763,2,1.2558333333333334,0
wiki,f777d2794bd1b7a3,3,1.0180555555555555,0
wiki,107a64000d35a078,7,3.5861111111111112,0
wiki,d8ab5ecaef41bd73,1,0.0,1
wiki,d6c41385e250d055,1,0.0,0
wiki,551042ae22afa88e,5,1.0486111111111112,1
wiki,0f6f7a7e23c62650,5,0.8436111111111111,0
wiki,8cd14ebb95332c8d,7,1.32,3
wiki,f7764de365035560,3,0.39916666666666667,0
wiki,954e726d2b748334,6,7.3375,1
wiki,b4632629f78900b8,1,0.0,0
wiki,44faa6a22a507d6c,3,1.2786111111111111,0
wiki,24c111f6757e3db0,8,1.7177777777777778,2
wiki,dca1a3782360f0f1,1,0.0,0
wiki,0f20f7d00c809990,5,0.8777777777777778,1
wiki,93409794706c2a72,13,36.388888888888886,1
wiki,af3121533cd93cf9,1,0.0,1
wiki,2df788a878776b1b,28,20.843888888888888,7
wiki,bf311728a6926d57,2,0.03222222222222222,1
wiki,8b7afda754282c9c,3,1.6769444444444443,0
wiki,06fa6d37813a5697,1,0.0,0
wiki,f80af3f69b159d78,1,0.0,0
wiki,9c588ee7d0c4ec5a,5,17.063055555555554,0
wiki,b5cc0db68c0add8f,8,1.2358333333333333,1
wiki,c3d10bcda6e52726,1,0.0,0
wiki,931050ccadfb86f7,2,0.7669444444444444,0
wiki,18835949a237391f,5,10.075555555555555,0
wiki,a79e830f5806304a,4,2.839166666666667,1
wiki,d63e25d19b2a7e50,9,5.051111111111111,1
wiki,52bf6bbfa4dbf91c,4,0.5044444444444445,2
wiki,cec04802b963a9c0,2,0.3005555555555556,0
wiki,a163d84279c16c9f,2,0.015,2
wiki,8959107bbdfb78ae,4,0.5775,3
wiki,7719e37dcd7ed3ac,2,1.1880555555555556,0
wiki,b2451899be7c55ea,3,1.3052777777777778,0
wiki,a6f619eb37e30981,4,22.662222222222223,0
wiki,2083ca5e261c9955,3,1.0705555555555555,0
wiki,0ec420738501b23a,3,1.2152777777777777,0
wiki,94fe199a6946e1b1,1,0.0,0
wiki,ff3f5f47203276a9,2,0.17833333333333334,0
wiki,73a0dfee34ea8525,3,1.5986111111111112,1
wiki,3241e9538570807e,1,0.0,0
wiki,28b877bef985bd7e,1,0.0,0
wiki,a4ee5ad0f9ad5325,1,0.0,0
wiki,eed841bf60bcfb75,6,3.3105555555555557,0
wiki,d7b0fa523b3e7cd7,47,76.73666666666666,6
wiki,11e5bd4b64fcd185,2,0.0025,0
wiki,c35b2024d1bdaab5,4,2.9780555555555557,0
wiki,12dc7f80108d8985,1,0.0,0
wiki,a9fafca2c4ac15bf,4,3.7675,0
wiki,1975b1c10ec563f5,13,2.2577777777777777,0
wiki,1ff9a221fa41de8b,2,0.6061111111111112,0
wiki,37b60f1eef133c3d,13,8.491111111111111,1
wiki,e872bf44718ca2b6,1,0.0,1
wiki,120107f395e938d4,3,0.7975,0
wiki,bb3f7e2c5ee82748,1,0.0,0
wiki,00d7ac48cf9a1c23,1,0.0,0
wiki,78a7eb0b5e827a65,2,28.41888888888889,0
wiki,9b02bc06ac9c0b7f,10,1.481111111111111,3
wiki,d7aea68cc378fbc4,2,0.3836111111111111,0
wiki,a9b5d674973e4911,3,18.1675,0
wiki,25390c1693711e32,2,8.436666666666667,0
wiki,20cf5b2bd81c8d3c,8,4.6947222222222225,0
wiki,213f5e84853cdab1,1,0.0,0
wiki,33bcf16709a03f93,4,8.538611111111111,0
wiki,e5c55d6a6a06a3d0,1,0.0,1
wiki,04fd67543f24182d,2,0.9241666666666667,0
wiki,62568aecc1f35599,4,0.29944444444444446,0
wiki,fa92c0387e11d97d,8,6.0925,0
wiki,c88cdf3c07ac64af,8,6.684444444444445,4
wiki,65092892770ced07,3,1.3211111111111111,0
wiki,12e27acf60433f40,3,0.8955555555555555,1
wiki,c5b1ca4ee9c5993d,22,21.070555555555554,0
wiki,9d98aaf100233444,2,1.1608333333333334,0
wiki,001afdf96105fdeb,4,5.6177777777777775,0
wiki,b5048e2311b4f47b,1,0.0,0
wiki,59235ab82fbf1df2,1,0.0,0
wiki,0aea3b08ce4d5de2,3,3.0044444444444443,0
wiki,e73e0c6e9c5ea2dc,2,1.406111111111111,0
wiki,51fff0bb3c2bbe87,4,0.3661111111111111,1
wiki,c6ff94ffca3641bb,1,0.0,0
wiki,348b4f602ba71709,5,0.8433333333333334,0
wiki,ec2516afdbaaea3c,1,0.0,0
wiki,a250df30cb44bd10,2,0.0002777777777777778,1
wiki,dd0b63ab33ad0471,1,0.0,0
wiki,fa9d5117abd57277,1,0.0,1
wiki,04a2bb08727e9561,1,0.0,1
wiki,1006d424d68b85cd,2,1.6711111111111112,2
wiki,8c7de16a1f6af46c,7,20.101388888888888,0
wiki,13e295cf5d700edb,2,0.6108333333333333,1
wiki,0c546f601c12b2b0,1,0.0,0
wiki,298a51a4c36a2e30,1,0.0,0
wiki,b45ab8004c83307e,2,50.310833333333335,0
wiki,d55810d3d4c9f6ce,1,0.0,0
wiki,33e3e1c8bb1699b0,1,0.0,0
wiki,753a7cada47c1270,15,24.087777777777777,1
wiki,55496fdb7fe3f245,6,4.585833333333333,1
wiki,e1f2dd9b00e56f6f,1,0.0,1
wiki,7f89d4ce136abe34,4,0.43194444444444446,0
wiki,a48b3b6539e8d45f,1,0.0,0
wiki,36ae2f50c02bb9bb,7,42.57083333333333,0
wiki,5ac468a5271649b6,1,0.0,0
wiki,b12098fdc949de7b,2,0.5086111111111111,0
wiki,37e5ca21ad2cdec9,9,12.962222222222222,0
wiki,7d52d9e261e2e1ad,3,1.6611111111111112,0
wiki,c0d417f6689a440b,1,0.0,0
wiki,332857177934cc06,3,1.0533333333333332,2
wiki,9882c245a8c9ff32,1,0.0,0
wiki,1078c99a4bfa0405,1,0.0,0
wiki,fee7937626764ee5,1,0.0,1
wiki,c5c85e315341ca0d,17,17.353055555555557,2
wiki,31807d7f09af2a11,10,3.4227777777777777,0
wiki,836ec155b5728e5c,6,5.3597222222222225,1
wiki,2c21759a51ef5952,10,2.9922222222222223,1
wiki,743ffef783566f87,2,0.9438888888888889,0
wiki,e26439a855cf0c8d,1,0.0,0
wiki,efb31e4899ba191f,3,0.24583333333333332,1
wiki,477e0b8dfc09befe,1,0.0,0
wiki,f720c6c104695703,9,10.91388888888889,4
wiki,7fb16f5a8ec27175,1,0.0,0
wiki,5aea9e17e0c3051e,3,0.3213888888888889,0
wiki,3ac4a332abc93aaf,3,3.46,1
wiki,6c8e2450e4d444ca,6,1.9719444444444445,1
wiki,d374bb1b64628998,3,49.500277777777775,1
wiki,10c2aac5192e77bf,1,0.0,1
wiki,8e50bf0fcb3f6aee,1,0.0,0
wiki,8ab4b6ba63c982d6,4,1.9655555555555555,0
wiki,79b28d9437fdee30,5,1.1736111111111112,0
wiki,d82d2ca582c9d6a3,3,1.4316666666666666,1
wiki,be6f51f7cc0d2404,4,2.2086111111111113,2
wiki,2ab959a9c294d002,1,0.0,0
wiki,c5457a31be4cf097,22,22.322222222222223,3
wiki,b9721025a038ccc3,1,0.0,0
wiki,27f4c3a541d272e3,1,0.0,1
wiki,122a2642fcae0f4d,1,0.0,1
wiki,84e44f17ee24e627,1,0.0,0
wiki,5d9f71b4c9379319,1,0.0,0
wiki,098b841a26568aff,4,1.583611111111111,1
wiki,3a229d51fa8f56c9,11,121.79444444444445,3
wiki,49c5c3f867291dc2,1,0.0,0
wiki,ed7f850753c6e920,1,0.0,0
wiki,316151ff7e8951dc,1,0.0,0
wiki,04ca092386e9d0f3,2,0.049166666666666664,1
wiki,439bb1cc88137dd7,9,5.169444444444444,1
wiki,9aa5ad091a5c3b25,1,0.0,1
wiki,3efc1aec679f8f68,8,3.2941666666666665,3
wiki,d07766b8fb922f76,1,0.0,0
wiki,47f419ea154e9534,1,0.0,0
wiki,79e7da4d42d9edca,1,0.0,0
wiki,9e4475f836bf2402,1,0.0,0
wiki,4d9ae57feb8ac5f4,1,0.0,0
wiki,733e3787dbace3a7,1,0.0,0
wiki,d3d9c48774e6d74d,1,0.0,0
wiki,0e99d58c9d925cff,1,0.0,0
wiki,32628eee14b580fe,1,0.0,0
wiki,5186ee1bebd02124,2,0.03638888888888889,0
wiki,b4bb5439e34efca8,5,0.8783333333333333,0
wiki,4ad82e5db4ca1904,5,1.4691666666666667,0
wiki,b3430ae34cab11c0,5,1.2502777777777778,2
wiki,352bcdc94629994e,1,0.0,1
wiki,1ea0e3b295e890b5,1,0.0,1
wiki,3b12f46f6e4fd1ee,1,0.0,1
wiki,dfcea1882ae7d21e,3,4.535277777777778,0
wiki,5eee7d253b276635,2,5.0569444444444445,2
wiki,ee72e0f23a7dd8a4,4,0.14333333333333334,1
wiki,fa14bdd9e974b77a,2,0.12555555555555556,1
wiki,527dfd47694c2c31,3,0.11388888888888889,0
wiki,cd7a3a66de1a1457,1,0.0,0
wiki,e03ec1bda4a98fb0,2,0.09972222222222223,0
wiki,6431e0de3e4a8c82,7,34.83083333333333,1
wiki,548488339fa60ab9,10,5.911388888888889,1
wiki,d6bc2e1b954fb7af,7,1.355,1
wiki,de2685a518c649b3,6,33.22638888888889,0
wiki,216c4ebcea8a0aa0,1,0.0,0
wiki,610d9c3843600e8d,5,0.6130555555555556,2
wiki,df5c30292b90cc76,6,3.0825,1
wiki,490ce13a603f5487,1,0.0,0
wiki,01d233e33c64e004,1,0.0,0
wiki,cadbaaa36fdcd3ca,9,6.166388888888889,5
wiki,62bc895ffce719ef,17,3.8944444444444444,2
wiki,526b462fb813e429,1,0.0,0
wiki,966c7c9846cf63db,3,0.07194444444444445,0
wiki,d9fc9891f3ded49d,5,3.1847222222222222,0
wiki,a9867c62dc7c5e67,1,0.0,0
wiki,173412e5ee6295ad,4,0.265,1
wiki,b6affdd3835493fc,1,0.0,1
wiki,69cf0c0845c794bc,5,0.8783333333333333,2
wiki,718f0101995bd43e,8,2.0733333333333333,6
wiki,e3af38bfce796e62,1,0.0,1
wiki,fabec54e04309cd9,3,12.045833333333333,1
wiki,12355aa6427a7324,5,1.0452777777777778,0
wiki,dadfba733c33cbc6,8,1.5719444444444444,7
wiki,aeb3db17fa024786,4,0.8330555555555555,1
wiki,1f5b6a12bdc2885f,1,0.0,0
wiki,664ca27ce0914bb7,3,6.348333333333334,1
wiki,f87501c59f7c01b8,1,0.0,0
wiki,a1f99a336156c8e7,1,0.0,0
wiki,5cda87f555e10b2c,1,0.0,0
wiki,22b5cb2c6d54327e,2,0.04833333333333333,0
wiki,bade38e09b1295e9,5,10.921111111111111,0
wiki,9d31cb57624b1ff6,4,1.3747222222222222,0
wiki,17d4c1fcaa615845,3,0.1436111111111111,0
wiki,7a7a7f4291f3524f,3,0.8558333333333333,2
wiki,2dd3a822adea16bc,66,4.920833333333333,4
wiki,68f4b2b55834cccf,93,87.70944444444444,14
wiki,961def719f66c8eb,8,10.054722222222223,0
wiki,159673b0d70906b9,1,0.0,0
wiki,bbc9c4d3dab06f60,2,2.0411111111111113,1
wiki,8f8aac9718f4266e,6,7.054444444444444,0
wiki,5ac3e74041c6815a,4,0.87,0
wiki,9ca2c7ecf436ab00,10,5.524166666666667,0
wiki,1b1a30b97327e2d0,3,0.07472222222222222,1
wiki,0e090fc49ecd0455,9,17.65388888888889,2
wiki,5f61ca57d22e2ade,2,1.1322222222222222,0
wiki,d8dd259a9549a4d8,9,1.9077777777777778,0
wiki,c6f17fcfedc86332,2,0.005277777777777778,0
wiki,bc651c9e9233fe43,4,0.2238888888888889,1
wiki,13118db2b8d149bc,1,0.0,0
wiki,e6c83dd34f7921c0,1,0.0,0
wiki,d90c7a92021914d0,3,0.4361111111111111,0
wiki,0caf22df06c40366,3,0.0125,3
wiki,b8bb71ffe8c40be3,1,0.0,0
wiki,a0ce0cdc51e95d6b,2,0.014444444444444444,0
wiki,f9fc6421e16f02a8,2,0.019444444444444445,1
wiki,992c1df5c31dbb91,1,0.0,0
wiki,af72b256db6450e1,1,0.0,0
wiki,5d6b6887a45f5947,1,0.0,0
wiki,b0b04d44312c0b4e,1,0.0,0
wiki,dd07db11349ded7f,2,1.2091666666666667,0
wiki,f426020b1af69465,68,89.255,7
wiki,1fdffe2ab3c2442f,2,0.042222222222222223,0
wiki,6750f8348e1b3712,1,0.0,0
wiki,7a330deee7456010,2,0.23555555555555555,1
wiki,24922ccf393e29c3,1,0.0,0
wiki,62ae0bf7256bb632,2,0.10333333333333333,0
wiki,cb76081b556798ee,1,0.0,0
wiki,92e43b964be5f2b1,1,0.0,0
wiki,b0a34bbfc55359f8,3,0.3233333333333333,0
wiki,c2cf931cb7d2069f,1,0.0,0
wiki,c5c65d7dc4d645c5,1,0.0,1
wiki,ad1e4c2095f1a93f,13,15.733333333333333,2
wiki,59b7d7dd8b6b16c8,5,0.2644444444444444,0
wiki,4181118a3329b1cd,3,0.7466666666666667,1
wiki,c18081b72736a97a,1,0.0,0
wiki,9cb96f2d4409cb7e,1,0.0,0
wiki,14fea62c64d8d543,1,0.0,0
wiki,156b19f8462ce602,2,1.3233333333333333,0
wiki,a1e75539195c7702,1,0.0,0
wiki,eab52547194d3298,7,144.905,2
wiki,7c16518b597a0bb3,6,21.09138888888889,2
wiki,e807d37ca8724d65,2,0.02,0
wiki,a9f830503bd80089,3,6.046666666666667,2
wiki,f7d3a156de5c7d31,2,0.3947222222222222,0
wiki,910a53c9e407e691,5,1.6255555555555556,0
wiki,c6f061aa76f85ef4,5,0.8027777777777778,0
wiki,20bdbf5e3668c619,1,0.0,0
wiki,eb8fb91527540ca2,1,0.0,1
wiki,617229c1b14ae5f6,2,0.6794444444444444,0
wiki,84c16e6c92d31a16,9,7.653888888888889,1
wiki,8f783b3f1a03c4c7,2,0.5602777777777778,0
wiki,60047988f3a6e371,1,0.0,0
wiki,7e2fe01205d2a630,1,0.0,0
wiki,bbf8f6c6da23a6b2,6,2.756666666666667,2
wiki,7d09115b7674438c,4,0.5813888888888888,0
wiki,a5d04bc2d41ddaa0,1,0.0,0
wiki,16e9b50e34ce1840,16,22.921944444444446,2
wiki,dbe298386bff07d3,3,0.8677777777777778,0
wiki,0135ac559edfdaea,2,55.8225,0
wiki,f97bf370412454b7,3,0.5294444444444445,0
wiki,5b3137527a1edf37,7,12.004722222222222,2
wiki,494132198a65fc83,17,4.786944444444444,2
wiki,02cd188ce75223ba,2,0.020555555555555556,0
wiki,16e6e37e8129ec43,2,0.020277777777777777,0
wiki,8f8d718f49a819fe,4,0.5527777777777778,0
wiki,6527a8e2d0565963,1,0.0,0
wiki,458d735d1c62f1bd,3,2.641111111111111,1
wiki,a845f9c72ac67456,3,0.08361111111111111,2
wiki,a80be4e41451dc83,14,102.27833333333334,4
wiki,783483d3cfb4e47b,1,0.0,0
wiki,7171f9fe295749a5,13,9.361944444444445,7
wiki,1e3a22d80e9afeed,7,9.995,4
wiki,27307b570858cb4a,2,2.5302777777777776,0
wiki,8bab42fba114759e,1,0.0,1
wiki,476ab86250118d02,1,0.0,0
wiki,8cb09646dafe92f9,1,0.0,0
wiki,df6b3f3fddbf4f27,20,1.0786111111111112,5
wiki,2eb7e149a2fbbb29,3,1.1802777777777778,1
wiki,73ce8d8189485309,10,0.12166666666666667,4
wiki,4fadf2b485c5b06a,1,0.0,0
wiki,eb040a53392bd2e1,1,0.0,0
wiki,b3233bed8e7ea145,3,0.12694444444444444,0
wiki,b1c2e075e7455ccf,2,0.06555555555555556,0
wiki,3b68844d1fc7d952,3,2.591388888888889,0
wiki,8c83283c30f982d7,1,0.0,1
wiki,12e1d5f5644f8289,5,1.283611111111111,1
wiki,7c13e03f53655f02,4,0.45166666666666666,2
wiki,3848560c96ea44ab,7,2.9402777777777778,0
wiki,6f5d0e5568bb0e74,10,1.5808333333333333,0
wiki,9feae858e645de97,23,1.895,4
wiki,01d2574f5a8412b5,1,0.0,0
wiki,8db763ffda0c9456,7,0.24805555555555556,1
wiki,b5cb6040f619622c,1,0.0,0
wiki,93ac24e3894b1a30,12,0.5338888888888889,2
wiki,062cefa65d94a75a,1,0.0,0
wiki,4195a3feb0e81c89,4,0.32944444444444443,1
wiki,dbac6fa6df43153d,2,0.04583333333333333,1
wiki,c56f72f9976b8463,6,1.9866666666666666,0
wiki,451678c686d3a454,4,0.49527777777777776,1
wiki,e7419ccbe2fb37b3,6,4.229166666666667,1
wiki,8c750d44de5009d3,2,0.004166666666666667,0
wiki,1a0ba0d0d981570e,2,0.10333333333333333,0
wiki,c30aa668dbc4c009,1,0.0,1
wiki,963d7cec66767966,1,0.0,0
wiki,eb10c9fe90c03c96,1,0.0,0
wiki,40fc61a2f9e9c762,7,1.456388888888889,2
wiki,b4c1472bf91e891e,6,2.8761111111111113,0
wiki,cb7ded783d3e1c6a,4,4.414166666666667,0
wiki,c3b39c42713a13f0,17,26.205277777777777,0
wiki,69d2b4922046f59d,9,6.808888888888889,1
wiki,31856d0a19925aad,2,2.928611111111111,0
wiki,75c09d38fd20c7c0,10,0.03027777777777778,2
wiki,ebc3bcaf018f6657,7,2.175,0
wiki,3ca997db7465b965,1,0.0,0
wiki,7886f84fba7d22cc,2,0.3244444444444444,0
wiki,14d03be1e58c832c,2,0.26222222222222225,1
wiki,10e9dd3c0226303c,2,0.05611111111111111,0
wiki,9bad482b60d4d957,1,0.0,0
wiki,14ec66d05cffb73e,2,0.09555555555555556,0
wiki,601184fa875ed609,4,0.1338888888888889,1
wiki,cd4aa457f0097770,10,11.28138888888889,3
wiki,90b9040a5c16bb2d,2,0.020833333333333332,0
wiki,e2668b47209fe95b,5,0.09861111111111111,1
wiki,7b68bc96eb8913d0,7,1.02,0
wiki,2609d88cdfa8e8e7,28,2.1905555555555556,12
wiki,c4b25a45322b0cb5,5,0.3202777777777778,2
wiki,23eee3aad32b7926,14,0.5161111111111111,0
wiki,3677e7aac2a272f8,1,0.0,1
wiki,3850381879498494,8,0.8905555555555555,1
wiki,192d19165bbd6ad4,1,0.0,0
wiki,f6083a240fd050d4,2,0.10805555555555556,1
wiki,d7a44ba5a5efe94f,9,0.9255555555555556,2
wiki,5b0d372a7465c9a6,1,0.0,0
wiki,fa3abe26cffbd8d1,1,0.0,0
wiki,e3088c1cf0f854b9,2,1.0372222222222223,0
wiki,6c54bc5bd5fc2294,2,0.02861111111111111,0
wiki,f5adad4a7bd4236c,11,4.135277777777778,0
wiki,80c5580b54a29b4f,27,74.52888888888889,10
wiki,a59a90e455c4f41c,7,1.596111111111111,3
wiki,fb41ceabc7c22bb8,1,0.0,0
wiki,a04fa9e20b6d30ca,4,5.6875,1
wiki,6a6a38ebc8f0fb28,2,0.12305555555555556,0
wiki,c1ca8ecc01bf7d0b,1,0.0,0
wiki,c3673beadaef3c0c,1,0.0,0
wiki,319e559876a14324,1,0.0,0
wiki,63e1fb8deb1b9030,5,3.165,0
wiki,b3dfa32df348b888,1,0.0,0
wiki,b58d806623078b83,1,0.0,0
wiki,34ec5082b2775af3,1,0.0,0
wiki,f9d837d1adad3d65,1,0.0,0
wiki,274c3b9c1d552c81,2,0.0016666666666666668,0
wiki,3d5f0971867db2cd,1,0.0,0
wiki,0359eb207f197fbd,32,140.53055555555557,1
wiki,6c38ecb24de78686,2,35.11666666666667,0
wiki,b5bd37bfb2e2e82f,1,0.0,0
wiki,608af7bac5d768e4,2,0.01,0
wiki,440ce9248c0d9d09,3,0.1322222222222222,1
wiki,6ac50d4f784ea725,1,0.0,0
wiki,d6bc430f92a344d3,4,0.4225,2
wiki,0d4e188ac74c7974,11,1.8736111111111111,4
wiki,0eb5a750dce6a519,1,0.0,0
wiki,67c5cbf41734a1e0,3,0.013055555555555556,0
wiki,1d1ddcf2e32a2e5e,1,0.0,1
wiki,b156e93ea56b0814,1,0.0,0
wiki,7bb7e71e5ea2bf2e,3,1.4211111111111112,0
wiki,69eaf5ad338a26eb,1,0.0,0
wiki,019568b1fd6b850e,1,0.0,0
wiki,950a55cccd2a1a62,2,0.017777777777777778,0
wiki,429a772e557c0484,3,0.2886111111111111,1
wiki,c383bfbc045bff2c,5,34.159166666666664,2
wiki,d6098982787db4e5,3,8.3375,2
wiki,4ef13afbdb13e965,1,0.0,0
wiki,b4cf553522207c2f,8,10.442777777777778,4
wiki,ae48e3ad80cad33d,64,76.90527777777778,7
wiki,7855df8a800ecea7,1,0.0,1
wiki,ac77e89f74e81d8d,6,3.1255555555555556,0
wiki,bbcc982e3ac07043,1,0.0,0
wiki,df42b4247c05d2f2,1,0.0,1
wiki,79e31f16dd227fb4,18,3.3891666666666667,3
wiki,a8fa5b6f6cfdbad6,5,6.628333333333333,1
wiki,08424b4fc39c2a17,6,3.3272222222222223,0
wiki,4f3c0463d4c0a795,1,0.0,0
wiki,7de84a2ef30a29d4,7,0.8511111111111112,4
wiki,b3a0bc9adb2c62c9,2,0.12055555555555555,0
wiki,3320eb4da2520ea9,2,0.0077777777777777776,0
wiki,776f312706e74816,1,0.0,0
wiki,c8a591bfe5a0d7a9,2,174.48638888888888,0
wiki,8a632f2fa25c8377,1,0.0,0
wiki,ad8a0a965447d5ef,4,0.0325,1
wiki,4c022cf8170f77d2,1,0.0,0
wiki,637cc36d6dd99541,1,0.0,0
wiki,c53ed05116e1a488,3,1.693888888888889,1
wiki,4fda4a14c428c88e,7,1.0972222222222223,0
wiki,c5496db5225db102,1,0.0,0
wiki,5f4d8bdc98e9a082,1,0.0,0
wiki,658567766c477154,1,0.0,0
wiki,1dbdd5cfd50bbea7,2,0.9022222222222223,0
wiki,3401c10efe8e147e,1,0.0,0
wiki,ac9a4834b96d4083,5,588.7013888888889,1
wiki,5f51d95b5ee161c3,1,0.0,1
wiki,5730816bdbb08f78,1,0.0,0
wiki,0c63daeb51767de8,3,8.258888888888889,0
wiki,95deaf3a008cd54d,5,6.429444444444444,0
wiki,14bcc0e4d02e7127,1,0.0,0
wiki,1d48897363415f7d,1,0.0,0
wiki,d502754a130d282e,1,0.0,1
wiki,b7c4c9ab1b96014c,1,0.0,0
wiki,86d7369ede67f015,3,0.5786111111111111,1
wiki,aa0fccf9179d61bc,1,0.0,0
wiki,8b331d15c36c6d9b,1,0.0,0
wiki,04ca62462f6811b5,2,0.0636111111111111,0
wiki,dbf2514fd653d1b2,3,0.0030555555555555557,0
wiki,c8fb536491a766aa,1,0.0,0
wiki,4a5cf8c1cd1e9476,4,0.7616666666666667,0
wiki,2a5c77da746f876a,3,0.3313888888888889,0
wiki,99b657bd0e363dee,1,0.0,0
wiki,d11ffc3ab5cddb5e,8,553.6522222222222,0
wiki,3ad8b6c83c0f93d9,1,0.0,0
wiki,a1797626d1b0956b,4,0.011111111111111112,0
wiki,90cf6fb48c10997a,1,0.0,0
wiki,eca9638602096af6,1,0.0,0
wiki,5563383aac5d7433,1,0.0,0
wiki,f8612040f7923cf9,2,0.059444444444444446,0
wiki,f172934ae661d85a,3,0.8763888888888889,2
wiki,3a00cc1f8b77e9d0,1,0.0,0
wiki,5b683f10f995e632,1,0.0,0
wiki,7d7c2d387e126e03,1,0.0,0
wiki,47c00dbdbe4223c3,1,0.0,0
wiki,4a1f587f275da032,1,0.0,0
wiki,587474f687a1b5d2,2,1.678611111111111,0
wiki,aa5c00628e51f52c,5,2.2152777777777777,3
wiki,1d7ae9bb2d92b276,3,2.0530555555555554,0
wiki,38d1ad89ce2a60ad,2,0.2363888888888889,0
wiki,45efe0f418340424,3,1.7152777777777777,0
wiki,2c0d23f64c9be325,1,0.0,0
wiki,e3a5db5de77490e4,2,0.3825,0
wiki,bb288f2ab0e6f292,6,2.158888888888889,1
wiki,3b143b88858a8e8e,4,4.4863888888888885,1
wiki,2402cf0f6a753c07,2,0.13555555555555557,0
wiki,08cfae513e416480,1,0.0,0
wiki,187e0209f2e00079,2,0.2619444444444444,0
wiki,10d8f35ed568d551,2,43.00888888888889,0
wiki,42ed8d16cb033526,36,0.30527777777777776,0
wiki,9fa3aec4847ec20c,1,0.0,0
wiki,41e69c305d4cb8a0,1,0.0,0
wiki,498222f229eab850,1,0.0,0
wiki,83c6901c906db1a2,1,0.0,0
wiki,cc73be2ec7e21243,1,0.0,0
wiki,9f05ddf82d2e9490,1,0.0,0
wiki,387a74ac2d3fe9b1,1,0.0,0
wiki,13c4ae3748e01f88,1,0.0,0
wiki,7fa9af975f4c1e50,1,0.0,0
wiki,9704a29bd9249d43,1,0.0,0
wiki,f41ec87b94b387af,2,1.515,1
wiki,d6f6c0db8074a600,1,0.0,0
wiki,8eaea747e910ee05,2,10.800277777777778,0
wiki,5c5ec1b09bed2745,3,0.5905555555555555,0
wiki,4de348fdc970b31d,1,0.0,0
wiki,938063673eb5c360,1,0.0,0
wiki,a87d94cec5737dd6,2,500.2577777777778,1
wiki,3457a74643f1c8e4,2,0.0033333333333333335,0
wiki,dd8574c9ec1ace30,1,0.0,1
wiki,1de51d01f703e9a7,1,0.0,0
wiki,dba38296da6eb3af,1,0.0,1
wiki,9af38e94862e051a,3,1.6641666666666666,1
wiki,f5bfc63b071a7215,1,0.0,0
wiki,0f53c1afd6569ba5,2,0.37,0
wiki,2dbeedff6970b7bd,4,1.6380555555555556,0
wiki,7ffede489dbd7506,2,0.5533333333333333,2
wiki,1c007fab0c6cb20b,1,0.0,0
wiki,56dd07d3d09f885f,1,0.0,0
wiki,ca94647adc35cc04,1,0.0,0
wiki,13199b3eb4331cc3,2,0.021388888888888888,0
wiki,bed5e471421bf8d6,1,0.0,0
wiki,5529cce9571e7c2e,1,0.0,0
wiki,372237f5d2e670c7,1,0.0,0
wiki,cb24cf8ad7e5a963,2,2.7741666666666664,0
wiki,96c739d316622b26,3,1.2930555555555556,1
wiki,599b5e9d57068f35,1,0.0,0
wiki,87c874ccf1a1098f,44,642.2888888888889,5
wiki,435e278719303c50,1,0.0,0
wiki,989ab17fc4b28c44,1,0.0,0
wiki,7eaa8526d9b11b59,10,14.035833333333333,1
wiki,a0966d9acca86bd2,2,0.02,0
wiki,3119b593bfe0edc0,1,0.0,0
wiki,47a56586972f192d,10,4.146111111111111,4
wiki,066e9121a6ea2127,2,7.338333333333333,0
wiki,23121801b99ee776,10,11.766666666666667,3
wiki,ee0c8e89d0053e0f,2,0.04638888888888889,0
wiki,0b5fa5497dd4a931,7,5.7491666666666665,0
wiki,52b3463532b25f79,1,0.0,0
wiki,2b4d8cb77b0b5223,1,0.0,0
wiki,891bec214a6ccafd,1,0.0,0
wiki,a23254d566336d22,4,6.458333333333333,0
wiki,96bf145d9fcff4c2,1,0.0,0
wiki,d38243541619a681,2,1.35,1
wiki,f148409d45c4518f,4,4.555,1
wiki,553fb915a4ddb806,4,8.298055555555555,0
wiki,d1a2c529574ca3a5,3,0.46305555555555555,2
wiki,fdf8b11578ec56d1,3,0.08583333333333333,0
wiki,94fd61e14f163126,1,0.0,0
wiki,3a76880b39ddb4a1,1,0.0,0
wiki,0a029e944ed035df,1,0.0,0
wiki,38cd9d3e60fb61e3,6,2.3291666666666666,0
wiki,7c6e7d4431144d30,1,0.0,1
wiki,1a608af5496a3c2b,5,0.43166666666666664,0
wiki,c95c7213e6d2406d,2,0.04861111111111111,0
wiki,80cd8dd21d0c96f8,2,0.05333333333333334,0
wiki,ea8567def3ea7565,3,0.0625,2
wiki,b69ad879f3109fa4,7,0.9336111111111111,3
wiki,6800d80af19ecdbb,1,0.0,1
wiki,91510e5341cb0362,1,0.0,0
wiki,4aad65ccb48dfc85,2,0.06111111111111111,0
wiki,60c6d3b92a1ce0be,1,0.0,0
wiki,4e2b438ea874598f,1,0.0,0
wiki,f119038e83572ce0,2,45.531666666666666,0
wiki,f59504bb92c90788,1,0.0,0
wiki,fcec682a615417e6,2,0.24583333333333332,1
wiki,9340b41d41215431,1,0.0,0
wiki,62a77ff9b884c695,1,0.0,0
wiki,ea1594e441d5c5c0,1,0.0,0
wiki,26fc3ab3fc445b8c,1,0.0,1
wiki,2e845e6b280926f5,1,0.0,1
wiki,89a0dc3a9d2e9eb8,1,0.0,0
wiki,2dc8ce12b42b866a,34,562.0705555555555,5
wiki,3be8e8da3ab1aeb6,6,130.69222222222223,0
wiki,5bcfb56f96e75200,4,63.452222222222225,1
wiki,a55915d11606b895,7,1.8755555555555556,0
wiki,8c89e1d64d47c2a5,2,2.258611111111111,0
wiki,b3fdb23b4ed4e312,1,0.0,1
wiki,333fdd93625332a9,3,1.4008333333333334,0
wiki,f8f47d9d860279d6,2,0.0011111111111111111,0
wiki,5da32e053abf9d60,3,0.5097222222222222,0
wiki,e9f8ece7f8bba0dd,6,1.8552777777777778,1
wiki,a55a416dd18fb602,1,0.0,1
wiki,4b7e6e4dde72a5da,6,6.849166666666667,0
wiki,ee3b8539311522a4,1,0.0,0
wiki,7a8dc6789f552270,1,0.0,0
wiki,01ec6154221e67e0,1,0.0,0
wiki,a41029d8947d9af4,1,0.0,0
wiki,615104f387fbed14,1,0.0,0
wiki,62f7ebb0e2c51b7c,1,0.0,0
wiki,cd4455b8d1828a64,1,0.0,0
wiki,53587a1ab6d87095,1,0.0,0
wiki,a75315db495ed92f,4,0.82,0
wiki,0ad6365e63fc6f16,1,0.0,0
wiki,69d2ed54754c7a50,1,0.0,1
wiki,795932be71e9a452,3,134.04861111111111,0
wiki,68924faeef0013e1,1,0.0,0
wiki,4c4e49a74a5e3063,1,0.0,0
wiki,a3621c40d0b7919e,1,0.0,0
wiki,8fa8801180b231fd,6,2.5605555555555557,1
wiki,613f48173f222777,1,0.0,0
wiki,05673ede7b99a60b,2,0.08166666666666667,0
wiki,f711430dc492219c,2,14.06638888888889,1
wiki,b623c0485c2d6ae7,1,0.0,0
wiki,8fe1833ce905a6de,1,0.0,0
wiki,3ad6a47c2802a436,1,0.0,0
wiki,cca56fd4bb61c66f,1,0.0,0
wiki,b36688534038a9f6,2,0.0008333333333333334,0
wiki,23e2269d08af3181,1,0.0,0
wiki,9daae0a476fe79c7,5,0.5555555555555556,0
wiki,65f3358593b3b59e,1,0.0,0
wiki,da30078b76ef58d7,3,43.7475,1
wiki,4d35175f1a781f03,34,32.981944444444444,8
wiki,b31e3dc750b71b83,1,0.0,0
wiki,199cb05da1930e0e,1,0.0,0
wiki,0d163a2a3559c441,4,557.6383333333333,0
wiki,6fe75de83a012ebc,1,0.0,0
wiki,7c979f908e673ac0,1,0.0,1
wiki,757ac742a868f947,4,0.19666666666666666,2
wiki,6b3d37ebb9d8b5d2,6,0.1775,1
wiki,2a5772b70938cb89,1,0.0,0
wiki,5a9008582dfe0a88,3,0.2375,0
wiki,4aaa831827837147,4,0.6025,1
wiki,0caf43c2568f4f7d,5,1.8155555555555556,2
wiki,cbf10584f4ecc902,5,0.6383333333333333,0
wiki,6ab890e1862bc3e3,2,0.08416666666666667,0
wiki,3a3b677e632054d1,1,0.0,0
wiki,a8e7a7f8dc603c2a,2,0.6091666666666666,0
wiki,a0952a4868e9c9f0,1,0.0,1
wiki,2913f274eb233ab3,2,0.47333333333333333,0
wiki,f9ad9d3d1e3ae322,2,5.9255555555555555,0
wiki,fb0cbf92c87b018c,2,0.09944444444444445,0
wiki,a540d1ee4e87c886,12,85.58916666666667,3
wiki,b0837ce81ebf6f63,1,0.0,0
wiki,9506e7ef557323f9,6,1.5997222222222223,0
wiki,e64b5e8a6a2d11fd,3,1.721111111111111,0
wiki,50674f8a5e15628f,2,31.93777777777778,1
wiki,3e8472d2ddf7e0d6,13,3.374722222222222,1
wiki,ec24110a93e845a2,1,0.0,0
wiki,0a131bd16d27b7ea,2,0.06833333333333333,0
wiki,8d035ceea383f008,109,682.4263888888889,23
wiki,535ea6df6b23f89c,1,0.0,1
wiki,98901a6d81b9d276,1,0.0,0
wiki,8a8172dcc63dae0f,1,0.0,0
wiki,0756560979eef7b6,3,79.82583333333334,0
wiki,f65de498b1171ad0,1,0.0,1
wiki,a73e8b426bdfb864,1,0.0,0
wiki,18a36b43ff0b4c9b,2,0.9444444444444444,0
wiki,2ec84dc6d58fc7ba,5,0.125,2
wiki,bc51d125c417544c,9,0.21416666666666667,1
wiki,e720d5a73df61575,3,78.2175,0
wiki,98d40725a0572546,4,0.31416666666666665,2
wiki,4ef0f1a355c8ee9d,1,0.0,0
wiki,a5618c21be2a2c33,2,77.66055555555556,0
wiki,11e2aaa5c9852bbc,3,77.64083333333333,0
wiki,2ec8132968ff47ff,1,0.0,0
wiki,782a0b418a9dc852,1,0.0,0
wiki,1d3f0a32086fa83f,6,74.85888888888888,1
wiki,a89d2f64cf0860b2,3,0.31472222222222224,0
wiki,42ba0f545b9ee1e0,3,1.8377777777777777,1
wiki,2ecab69c8674faf7,1,0.0,0
wiki,cd689e74cd7a000a,1,0.0,0
wiki,84221b19e7b4be5b,1,0.0,0
wiki,a87a6818bed3918f,1,0.0,0
wiki,db88d8fb75f21c1b,1,0.0,0
wiki,69b5aa8b19f338a3,1,0.0,0
wiki,ec3a88a3ce9f9b5b,1,0.0,1
wiki,6973fd947319cf45,1,0.0,0
wiki,2ce2ce406fb7b224,1,0.0,0
wiki,151b3035f7d2916e,1,0.0,0
wiki,ea79dee8e26a5d38,1,0.0,0
wiki,fd0558de6214f194,1,0.0,0
wiki,00f29ba5c280b6ba,1,0.0,0
wiki,e723ea9c732b9cd5,6,1.5725,0
wiki,0bcefe28233967dd,1,0.0,1
wiki,9bb9464d932bda25,2,1.475,0
wiki,6769df869cf75834,5,79.56194444444445,0
wiki,490d0110995fa102,5,593.3466666666667,0
wiki,074990a7686cb93f,2,0.02861111111111111,1
wiki,a7954f1fe2e681fb,12,0.4033333333333333,1
wiki,821d59da597f325a,8,4.052222222222222,2
wiki,14ed841d895f894f,4,1.0341666666666667,1
wiki,633c09eca10614ed,1,0.0,0
wiki,08c5ca82a6780e5b,48,173.8213888888889,0
wiki,7e054eb042da4de9,3,1.436388888888889,0
wiki,6d5c1673eff69fb6,1,0.0,0
wiki,e638d24e62b5669d,12,2.765,1
wiki,d5fa4822357eb20c,1,0.0,0
wiki,cbfcd853a9af7838,1,0.0,0
wiki,59fcd7e08eaa3402,5,174.2463888888889,2
wiki,c695c6f433052386,2,0.0008333333333333334,0
wiki,7d0298cf4368506b,1,0.0,0
wiki,4e9fa6b359fdb816,1,0.0,0
wiki,8ab25ff93448472d,6,1.7686111111111111,2
wiki,07580d0425799a79,4,1.1922222222222223,2
wiki,f6474ec947590e01,2,0.35888888888888887,1
wiki,a89ad7d017b7f052,1,0.0,0
wiki,7d34b700d1918392,1,0.0,0
wiki,19320c6d4f8ca9c2,1,0.0,0
wiki,0c29d101b0164539,7,17.797777777777778,0
wiki,610cbd3a98a1ccb0,1,0.0,1
wiki,e45cb4ac4b7e430e,4,0.3038888888888889,1
wiki,eee4377b4a075651,1,0.0,1
wiki,bb227b22cc243675,3,2.0169444444444444,1
wiki,d48cd46189c87765,1,0.0,1
wiki,320e5e3f810e5500,1,0.0,0
wiki,68305b6c52d332b1,1,0.0,0
wiki,78ff05d3418ee03d,1,0.0,1
wiki,a89e12d9443d9104,3,0.42277777777777775,1
wiki,f08c8322ae408c99,2,0.4011111111111111,0
wiki,a4ee06a0799f33b1,2,0.03972222222222222,0
wiki,7bb8a18da64ebb3a,1,0.0,1
wiki,b5c0435ee2dab58a,4,144.85472222222222,3
wiki,3dadba17c4b664e7,1,0.0,0
wiki,d916aa6ce58d3570,2,0.15611111111111112,0
wiki,033f1ea5633c1d7a,1,0.0,0
wiki,ff014b5a77f47e46,2,0.3277777777777778,0
wiki,718f43f67177ad1e,1,0.0,0
wiki,ff4ebfae0fd3b123,1,0.0,0
wiki,d9b5e95764a2cbcd,3,0.9088888888888889,3
wiki,591658e9e5188c4d,10,2.631666666666667,3
wiki,3589e8c164406412,1,0.0,0
wiki,0d368dea669bd315,2,3.6069444444444443,0
wiki,20ba373ccd0460ea,1,0.0,0
wiki,5b5174358163d072,4,0.025,1
wiki,33bd1d6592a799de,5,0.0375,4
wiki,e03b8db0b711bd28,2,0.12694444444444444,0
wiki,8a8ffcdb332c1cb4,19,7.638888888888889,2
wiki,39a827c90e992aa1,1,0.0,0
wiki,23e6700ee4559e8e,19,4.920555555555556,0
wiki,016477137096ac0a,1,0.0,1
wiki,6fd84f4f5b6379e3,4,17.278333333333332,0
wiki,b3ac6e756ebf5103,4,0.2563888888888889,4
wiki,a78d29b0a57ae5af,1,0.0,0
wiki,27e9c681b3eed39b,14,80.39472222222223,1
wiki,dbf725c39907eca9,5,56.47972222222222,0
wiki,268574e13bcea504,1,0.0,0
wiki,42802e862fe98562,1,0.0,0
wiki,12ee9414d322d735,2,172.92888888888888,0
wiki,b001e5bec4e45f67,1,0.0,1
wiki,b052c3d8206b697c,1,0.0,0
wiki,e9eb7349620d52bf,6,8.213333333333333,0
wiki,8ee3fc5f528ca483,6,11.858055555555556,1
wiki,1756f6844115c691,3,0.1525,0
wiki,5b69aeac7916fe20,2,0.6952777777777778,1
wiki,183c8ec2aaf57dcb,1,0.0,0
wiki,86906e620307bc90,1,0.0,0
wiki,4ccb32859ccaf690,1,0.0,0
wiki,e939192b5440c0ca,3,0.8858333333333334,0
wiki,e0eecadaabb63fd2,2,133.74583333333334,0
wiki,4d978759b0c5a3ee,1,0.0,0
wiki,da088af1b496dacb,1,0.0,0
wiki,f0b58a5539c0829e,15,0.5755555555555556,2
wiki,8e07827b94fdae67,2,0.025,1
wiki,b3c28dacdcd85220,3,52.090833333333336,0
wiki,1a8824aded88be43,8,25.67361111111111,0
wiki,9916458bca88af37,6,1.4941666666666666,0
wiki,888c6380635d9fb8,1,0.0,0
wiki,4747817e172a8afc,15,595.2855555555556,2
wiki,c74123e75681d15d,2,0.06638888888888889,0
wiki,56e17d610c4d1ec4,3,4.064444444444445,1
wiki,b883544d0148ffae,4,8.038333333333334,0
wiki,c90f1c794168e3b2,2,1.6011111111111112,1
wiki,dbbd4fb76b574449,7,112.2825,4
wiki,6ae54500270428e7,1,0.0,0
wiki,fc4e17fb65fe8cae,1,0.0,0
wiki,a94d2c1b8c321e91,1,0.0,1
wiki,3a06ce6d8d5921c9,10,3.732222222222222,1
wiki,1d6a87883a83576c,1,0.0,0
wiki,2fea97d3e39bec62,14,10.861944444444445,4
wiki,8ddbffdad4f845b6,3,0.3461111111111111,0
wiki,f88e045ca9f0364a,1,0.0,0
wiki,f198eb23ab33c948,4,0.21888888888888888,0
wiki,99b592bc078dda0d,2,5.396111111111111,0
wiki,056d4b94e87b08d3,1,0.0,0
wiki,8b900b2cdd52817f,1,0.0,0
wiki,5e1439bff41241d2,3,80.00833333333334,1
wiki,84a1342f43cfa971,3,148.87472222222223,0
wiki,943d4a780bc42de9,1,0.0,0
wiki,6583ef19b67f8c63,2,0.21777777777777776,0
wiki,b39822ae970ee80f,2,0.21694444444444444,1
wiki,ce39aa691057c16e,1,0.0,0
wiki,21c7ee4140fc295a,1,0.0,0
wiki,992f1226fdcea945,1,0.0,0
wiki,2efd1e610db4ca2f,1,0.0,0
wiki,0a5b7d61ac35a904,1,0.0,0
wiki,36f20ac2c52fa5a6,1,0.0,0
wiki,c18bce80b8a9f1cb,1,0.0,0
wiki,4e4a09bd148a9e93,1,0.0,0
wiki,e5d78f1d063a1820,1,0.0,0
wiki,f9a55c1279607acb,1,0.0,0
wiki,ab6db07d6b5e60ff,19,23.087777777777777,2
wiki,a941ec2bf761dbee,1,0.0,0
wiki,33a7403a372ca996,4,0.7172222222222222,0
wiki,ba12cca5e470adac,2,0.045,1
wiki,f8b758fa08332183,4,2.318611111111111,0
wiki,58ba37120758046f,2,0.24638888888888888,0
wiki,2bcafd7d99ce13b3,1,0.0,1
wiki,087d5d9f68c52adc,2,0.1913888888888889,0
wiki,95761937c966cfb5,15,6.2825,1
wiki,93e3c3cb897fe149,3,4.671944444444445,0
wiki,0dfcb32fed59387d,1,0.0,0
wiki,aaf440602f739d48,1,0.0,0
wiki,2e91ba0d25edc364,1,0.0,0
wiki,e9cfbd8b29a26596,1,0.0,0
wiki,fef3f09b7a152d0d,2,1.3908333333333334,1
wiki,f46915eb3772aa92,1,0.0,0
wiki,b3ccb082d02e671d,1,0.0,1
wiki,937d10c53d21defe,93,451.9975,1
wiki,721f8c3a4fcf3699,2,0.9147222222222222,1
wiki,146a7161c9388794,1,0.0,1
wiki,551b10d265123950,2,122.49055555555556,1
wiki,3cb4c5793a241935,1,0.0,0
wiki,65a1755af4116125,4,556.4625,2
wiki,4dc5cc3e00090772,2,0.015833333333333335,0
wiki,e3a06a1f6c0e294b,4,0.0030555555555555557,4
wiki,2bbc75f5cde5033f,1,0.0,0
wiki,d25e35d9b79cddf6,5,635.6655555555556,0
wiki,7b565551ef86d882,4,0.18388888888888888,1
wiki,9721182aef8d923c,1,0.0,0
wiki,dfa9e7d3aab18e25,2,0.03111111111111111,0
wiki,2766ee6dd3480744,1,0.0,0
wiki,7bb7a91f28d91c25,1,0.0,0
wiki,2308e20df9a2823c,5,80.25361111111111,0
wiki,69970049b68fcef5,13,1.6194444444444445,5
wiki,1352f7b8f2b45ccf,1,0.0,0
wiki,fd62be4b9d018356,1,0.0,0
wiki,6a8d1cc67e28be74,1,0.0,0
wiki,0ee6f292d3ad4658,1,0.0,0
wiki,00a12b35da60b03a,6,630.5902777777778,1
wiki,67886c1cd41d5b13,1,0.0,0
wiki,e5447db7a22c1695,1,0.0,0
wiki,55850f49dc370ecf,2,0.13416666666666666,0
wiki,198f7ea9114101f8,1,0.0,0
wiki,434768a9f8f66996,7,1.6397222222222223,0
wiki,5f223a6acbc71a98,5,1.8944444444444444,0
wiki,61152ae2e2688f30,1,0.0,1
wiki,7275f59a9dd0e7c9,2,0.08277777777777778,0
wiki,247d13dd9ebfc603,1,0.0,0
wiki,a6c3b8105d946aea,1,0.0,1
wiki,778b85b06c88e527,1,0.0,0
wiki,8fe24ea97cd3d87c,6,253.8202777777778,1
wiki,7e850e1c494397e6,2,0.09166666666666666,0
wiki,5c26bf593f18a422,1,0.0,0
wiki,b4906016097c029b,4,0.07138888888888889,0
wiki,c166bbbffccc4ade,2,558.8405555555555,1
wiki,3295b8e6d020bb0a,1,0.0,1
wiki,3cf2986c66e0bcfd,1,0.0,0
wiki,2aebb89f877a9619,1,0.0,0
wiki,93ca4c0007577cab,1,0.0,0
wiki,2ae6c026cecd3676,9,25.81138888888889,1
wiki,c0f22210b1850505,1,0.0,0
wiki,8cb94b3092fad498,2,0.025,0
wiki,bf525e2d6971977f,5,0.04694444444444444,2
wiki,14bae875073df54f,3,0.03333333333333333,3
wiki,8fb7ffa481eb8b70,1,0.0,1
wiki,eaa7b486f278df97,11,55.46527777777778,1
wiki,7b04f067e9d10054,1,0.0,0
wiki,840118c013b2ad9b,8,1.2066666666666668,3
wiki,afdeb332e42a62e0,1,0.0,0
wiki,0bdc1e0309edf5ac,1,0.0,0
wiki,faeb1f1ed58ef213,2,0.001388888888888889,2
wiki,6751140d118a7a49,13,300.8280555555556,0
wiki,535e30e82a4732af,1,0.0,0
wiki,3dee456dd3bce4bd,1,0.0,0
wiki,a35e16af49ad07ca,1,0.0,0
wiki,229c45b30031cbc5,1,0.0,0
wiki,78ce9f140e74a20f,3,0.09527777777777778,2
wiki,0fde23b00c38f654,3,0.03305555555555555,1
wiki,a2a077de6385cdff,2,0.020277777777777777,1
wiki,b3c0a2622010f9ad,1,0.0,0
wiki,173c4439a1677062,1,0.0,0
wiki,9710a8ba4c264665,3,1.4391666666666667,0
wiki,b6b3e2fe5d977a28,1,0.0,0
wiki,361e1a756b615aa6,2,0.1511111111111111,1
wiki,50579202bdf1244b,12,7.331111111111111,3
wiki,a51ce7c739f684fd,17,22.108333333333334,6
wiki,57f40d5d0a284244,1,0.0,1
wiki,6760a0813259205e,17,7.243888888888889,1
wiki,dff8b541cc1e6364,1,0.0,0
wiki,bbe79564de06b392,1,0.0,0
wiki,4735c8ae5c3f7c6f,7,9.345833333333333,2
wiki,ac3f24478ffffe0c,7,0.6655555555555556,3
wiki,68018b0d2a069b45,2,0.07555555555555556,1
wiki,8580fb23ee26ae8a,5,20.650277777777777,1
wiki,d993ad13cc717a3f,1,0.0,0
wiki,1057d72a2961ac0e,4,14.943888888888889,1
wiki,a8d732186dc439c0,4,1.665,1
wiki,47597247636355ab,3,1.8827777777777779,1
wiki,e71ae045b7b10214,11,3.33,4
wiki,19da227436a0ac56,5,0.15611111111111112,0
wiki,88f66c02c3017b20,13,2.006666666666667,4
wiki,54601bab8c397d5d,3,21.720833333333335,0
wiki,925868f6aefd5b32,3,2.2447222222222223,1
wiki,844554905fea46a9,2,0.6658333333333334,0
wiki,2e62884d43ab1c6b,1,0.0,0
wiki,af9c434eff16d42d,6,0.5758333333333333,0
wiki,04a6ef7d7db14e1e,9,2.837222222222222,0
wiki,a7acefbb4147c4d1,3,11.165,1
wiki,30cb00b09b0a1068,2,0.01972222222222222,0
wiki,ecee370b44c736d5,1,0.0,0
wiki,0755b17d9aa8ba3e,1,0.0,0
wiki,1cc05323624fe1a2,5,2.1661111111111113,2
wiki,64354bd3016b0fbc,1,0.0,0
wiki,109d3cb45b7db5bc,1,0.0,0
wiki,c5ca56928bd86741,1,0.0,1
wiki,db5fffb8b596d3ad,1,0.0,0
wiki,cd0acc4253e54304,1,0.0,0
wiki,cc5f01aaec3de34d,1,0.0,0
wiki,e0168410f943be48,1,0.0,0
wiki,c3d31594e0391abe,1,0.0,0
wiki,242d147f9495e9d9,2,0.2288888888888889,2
wiki,897ddb246eb204ea,1,0.0,0
wiki,2b4e69a4b49bc12a,1,0.0,0
wiki,2634eab3997a57c3,1,0.0,0
wiki,552bfa5a9739de4d,1,0.0,0
wiki,4a3d439e3d345d54,1,0.0,0
wiki,18d96d2dbb13a3c1,1,0.0,0
wiki,017b7e66d98eea8e,1,0.0,0
wiki,416cbd4e05b2851f,1,0.0,0
wiki,4e767f790ea32895,1,0.0,0
wiki,df8697a3a5dd4639,1,0.0,0
wiki,2ab2e71e99ed1b87,4,0.16305555555555556,0
wiki,ed7a36340de3148a,4,0.5625,0
wiki,ec2dd08da9adb884,9,9.856111111111112,1
wiki,3cee36f28e340d62,16,7.435833333333333,0
wiki,0ee226a8a9afdb2a,14,7.623611111111111,3
wiki,ae6b998053cd1db7,2,5.841388888888889,0
wiki,abd391b211678c92,3,0.21805555555555556,1
wiki,241b15d846e9c9a9,3,0.27444444444444444,0
wiki,0a98c713fa5eb099,3,1.9994444444444444,0
wiki,c799fe94ae8d118c,3,50.3425,0
wiki,235d5fbac722ec9b,5,2.1997222222222224,0
wiki,901163d9480c734e,14,10.668611111111112,2
wiki,83b8a9ff6f2d9daf,11,0.9533333333333334,1
wiki,a4f5a20287c53da4,3,0.24027777777777778,0
wiki,345c192a871545d4,1,0.0,0
wiki,9b852a58df976e4b,1,0.0,0
wiki,ad2be2558213b602,2,5.02,0
wiki,225fd423360dc052,1,0.0,0
wiki,6440d31169bed9a5,1,0.0,0
wiki,5f735298d4857d25,1,0.0,0
wiki,894a548f256ed334,1,0.0,0
wiki,535db7a4494bf8a5,1,0.0,0
wiki,72a37f7d68012ed5,1,0.0,1
wiki,43a5c960bff14999,2,78.70833333333333,0
wiki,eed0bf35aaeac27d,7,0.4013888888888889,2
wiki,798d9595ece79c04,1,0.0,0
wiki,bdebd8a4f4fa3a44,4,0.9430555555555555,0
wiki,abb5f8ba354834ec,2,12.113055555555556,1
wiki,785f7859f82f4a84,4,11.041944444444445,1
wiki,c6002d1778b5c2da,2,0.0019444444444444444,0
wiki,2a17c096aa44c4fd,1,0.0,0
wiki,d3530ef8bcb144b3,1,0.0,0
wiki,ceb26e9e7d9f18e0,1,0.0,0
wiki,cdb4c10c49fdfdde,5,2.0180555555555557,0
wiki,b15529333ec50bfa,1,0.0,0
wiki,6c7c1c1b67af18dc,1,0.0,0
wiki,7ec528ee23e06b7d,3,0.22805555555555557,1
wiki,4afee800c3e953a8,1,0.0,0
wiki,6301c47d9f1cd023,1,0.0,0
wiki,0a59d641a9fed83b,4,2.3652777777777776,0
wiki,db25f5e37436103a,1,0.0,0
wiki,b28e9ab660aa4c26,6,0.1597222222222222,0
wiki,b6c714d23efe59f5,1,0.0,0
wiki,72b02a66787d035e,1,0.0,0
wiki,49bd9aa9b5136a2c,13,645.3663888888889,0
wiki,c0cc1a847c9d461f,4,536.8680555555555,0
wiki,40c720ad376bb71f,1,0.0,0
wiki,7f9c51cb4c25bcc5,6,44.654444444444444,1
wiki,d306a9091854377a,1,0.0,0
wiki,d9962ac82cbff78f,1,0.0,0
wiki,52b5a8fb1a542350,1,0.0,0
wiki,c2cabbcd8787fdd4,1,0.0,0
wiki,2de61fda8035c957,3,0.2338888888888889,1
wiki,089999f64901603d,4,0.01888888888888889,0
wiki,fd9edeba600c5b07,1,0.0,0
wiki,e865475eb082c52d,1,0.0,0
wiki,d7d78065c05cceee,8,0.245,2
wiki,6f741debb48f3266,1,0.0,0
wiki,9d72fc938637e001,1,0.0,0
wiki,3b22e4832171d5a4,1,0.0,0
wiki,5df91e0e079eebb4,2,0.3925,0
wiki,c16eb04c81ddf507,3,0.008333333333333333,0
wiki,9c9f01b9d7bc078d,3,556.3786111111111,1
wiki,d3c5a9542a316220,2,0.21944444444444444,0
wiki,5b3f9e771216b913,3,509.7775,2
wiki,b4934fcc6eb2b451,3,61.88666666666666,0
wiki,2531122da4a3171f,1,0.0,0
wiki,ec2a03e8d0c3bda9,2,0.15138888888888888,0
wiki,1f6d43c2a6074c9e,1,0.0,0
wiki,c8e321f2203e4c6b,2,0.5494444444444444,0
wiki,0defa27d0d30bc3f,5,80.05277777777778,1
wiki,2a4389fda66e2fea,6,557.1808333333333,1
wiki,5a13d46bf377d8a4,2,1.2816666666666667,0
wiki,19ba08929fb65a42,2,0.3136111111111111,0
wiki,9ca1848cab1cc2d8,5,0.7086111111111111,1
wiki,7fccfbdfea01a79f,1,0.0,0
wiki,b7a70f7aa688f6af,1,0.0,0
wiki,735ead55367c55aa,1,0.0,0
wiki,4f8c09f57c360afc,6,80.57583333333334,0
wiki,fa4ad411c7703cf7,6,0.06305555555555556,0
wiki,9dd82091da0e6b8e,1,0.0,0
wiki,2606edc48369e80c,1,0.0,0
wiki,f0ee28481900e422,2,0.21722222222222223,1
wiki,f7b9feb0c738c35c,6,0.006111111111111111,1
wiki,04c90e3115462621,1,0.0,0
wiki,b973eda003a82fc2,1,0.0,0
wiki,65496c4b73d3f770,2,0.06916666666666667,0
wiki,75bcdec177a7441d,2,1.893888888888889,0
wiki,059737646694e9a5,4,0.2727777777777778,1
wiki,975b599c004d64db,2,1.4297222222222221,1
wiki,3e74269063925eb8,5,0.10805555555555556,2
wiki,5170805a33e8e083,1,0.0,1
wiki,b8917b2d371c5fe0,1,0.0,0
wiki,b74e3c06d0efb77e,1,0.0,0
wiki,0d5c9df26b0747d0,2,0.0125,0
wiki,a18541dcbc4aef3b,1,0.0,0
wiki,53642f1ea33017ed,1,0.0,1
wiki,88b9359e6d8b7c56,1,0.0,0
wiki,f1393fc406856cef,2,2.0927777777777776,0
wiki,74f2b598fcc31aca,1,0.0,0
wiki,700e2da08d2203bd,1,0.0,0
wiki,6ce1e29a4bb35d91,1,0.0,0
wiki,8dadbff2b2eca862,1,0.0,0
wiki,8c290ed142344e0e,8,0.0525,2
wiki,6ce5cfa988ce8fa5,1,0.0,0
wiki,714a978cc4a99db6,1,0.0,0
wiki,82ba014ddea750cc,1,0.0,0
wiki,b5a28e0738158eee,3,85.45611111111111,0
wiki,45ea374f51eecd0f,1,0.0,0
wiki,b03f4e582ca963d9,2,0.1386111111111111,0
wiki,cd7cbfdce2e8c4cf,4,0.8411111111111111,1
wiki,aa224073d2e65280,1,0.0,0
wiki,20d759be67d4b72a,5,1.1047222222222222,0
wiki,65fd553d6ff29b4a,2,0.09527777777777778,0
wiki,cd64ab66c081a6bf,3,0.41083333333333333,1
wiki,79738d85dd03d896,9,1.5338888888888889,3
wiki,99ca4736557e3640,3,0.10861111111111112,0
wiki,87d713f56a63770d,2,0.06972222222222223,1
wiki,92d51315348d29cb,1,0.0,0
wiki,2c2f61ee9d01cb97,2,0.06388888888888888,0
wiki,129246d668d23ed4,2,0.15694444444444444,0
wiki,e67601dfe64bea11,1,0.0,0
wiki,cb8bc15e4cef5b0b,2,0.058055555555555555,0
wiki,7b85873b2cb11bce,2,0.03138888888888889,0
wiki,5e6d3f727d2eeb70,2,0.24166666666666667,0
wiki,e0dfea1ef089c157,4,3.2311111111111113,1
wiki,5c4a30fb8bce0e59,11,0.8958333333333334,0
wiki,09f062631ff99e5c,7,0.5222222222222223,0
wiki,7718309950eb121f,1,0.0,0
wiki,2b8cc7e1823d7865,1,0.0,0
wiki,0296018cdac98e28,5,0.7658333333333334,0
wiki,73e1bd2400c38e5d,1,0.0,0
wiki,e9d1a6fd06117ebe,2,0.26,0
wiki,d83b99ef9e23253f,1,0.0,0
wiki,74790947f77937f6,12,78.43111111111111,2
wiki,dda48d3b25f978d3,5,0.04472222222222222,1
wiki,e97da19015424a2d,2,0.020833333333333332,0
wiki,e1bdbbfd3fce4f3a,1,0.0,0
wiki,aa5c945d5a3d6535,1,0.0,1
wiki,8057c09356f129d5,5,88.69666666666667,0
wiki,b884ab2b617b99a3,1,0.0,0
wiki,c344a4405f583adf,5,0.014722222222222222,1
wiki,560659dfed5a1a06,1,0.0,1
wiki,f95770973498c695,6,0.03,3
wiki,59623fe8b47f6d59,1,0.0,1
wiki,5a70881a869313d6,2,0.005277777777777778,0
wiki,bc340495a5e89b74,2,1.1413888888888888,0
wiki,4d391748bc64e066,1,0.0,0
wiki,1d1cd5e05d1288ac,10,0.01,1
wiki,16334a46aeae6c90,1,0.0,0
wiki,78c50e07aaeadf43,6,4.768055555555556,3
wiki,93c204fcc5f7b49d,4,7.643611111111111,1
wiki,24fbdbb24ef9d44b,1,0.0,0
wiki,951f82bf35435034,1,0.0,0
wiki,35beccfaa5e943e1,2,11.988611111111112,1
wiki,74c88d567add17d7,8,41.21527777777778,0
wiki,3d8dcb64a15070be,1,0.0,0
wiki,3a6650da66b81587,1,0.0,0
wiki,f51938e4e45eff7e,3,2.2269444444444444,0
wiki,0ce72203e9f09e79,10,38.34527777777778,0
wiki,d11e1e529e7c2f75,2,0.018333333333333333,0
wiki,84a946e88a15f60e,12,1.0555555555555556,1
wiki,c70b6b81533673ad,1,0.0,1
wiki,f3385a4a6921d2b4,2,85.23138888888889,1
wiki,42b470e552a6f3b1,3,0.021666666666666667,0
wiki,8e30463608cfe9fe,10,83.33944444444444,4
wiki,fb058ec1eeb7f00f,4,0.5733333333333334,0
wiki,d0284d67d5df8dd6,2,0.3,1
wiki,dfef2c7e50a04d6c,1,0.0,0
wiki,fd4fda62760da0cf,9,0.5836111111111111,0
wiki,641b280739138451,2,0.35638888888888887,0
wiki,df384e0811d781a9,2,83.15694444444445,0
wiki,2c93b2cbf1025483,26,1.6433333333333333,1
wiki,c102c57cac46e4b6,3,0.6327777777777778,0
wiki,0c621989fdfcfe82,26,517.6333333333333,1
wiki,b88607ce3081c9d0,4,555.0905555555555,1
wiki,9b26c1d21f736ad1,1,0.0,0
wiki,7cc19c1c3976f05a,9,537.0058333333334,1
wiki,e54e3ab632c3bba6,1,0.0,0
wiki,80523b20514d90e5,2,0.34805555555555556,0
wiki,fb63e2b830eed4e3,6,47.45472222222222,0
wiki,b0fbb42e6fe5ab9d,1,0.0,0
wiki,b32ef77a8862c1e7,3,0.03916666666666667,0
wiki,223d24cd67576388,3,1.173888888888889,2
wiki,4678957b93550663,2,0.40444444444444444,0
wiki,13a3235547cca30f,20,651.3297222222222,4
wiki,7a787eff4c1654c0,4,498.0158333333333,0
wiki,60ff51aec86877ef,1,0.0,1
wiki,ae578cdc86a4cc1d,3,0.8502777777777778,0
wiki,e72af980720c061e,1,0.0,0
wiki,7607602214becd74,3,103.30972222222222,0
wiki,10ff33f641f25b09,3,79.67083333333333,1
wiki,6d9c162df44531a3,2,0.01138888888888889,0
swarm_lab,890207c068b881fe,2,1.2916666666666667,0
swarm_lab,6d36bfb08c1fc0eb,6,5.651388888888889,0
swarm_lab,a3af2fef4fd89d0c,2,0.02666666666666667,0
swarm_lab,e1f458f79081c2c3,1,0.0,0
swarm_lab,2665c6eb6d03687b,4,0.1661111111111111,0
swarm_lab,8436d66a93923dee,1,0.0,0
swarm_lab,86d93ddba991bb8c,1,0.0,0
swarm_lab,4d9b8c6187ecbfe0,1,0.0,0
swarm_lab,6565589787f4a30e,6,3.2519444444444443,0
swarm_lab,888af91c54a39a98,5,0.48583333333333334,0
swarm_lab,28d925417cb7bb34,2,1.2925,0
swarm_lab,9132d6f00d6bd409,2,1.2933333333333332,0
swarm_lab,5a92224b64722427,2,1.2925,0
swarm_lab,3c6bf718e32726c0,28,2.7777777777777777,0
swarm_lab,875765c2cb79f809,2,1.293611111111111,0
swarm_lab,4ad010394fbb29be,2,1.2941666666666667,0
swarm_lab,71155c1dd66e6f6e,5,0.5141666666666667,0
swarm_lab,6456321aa16cb2a9,6,0.17916666666666667,0
swarm_lab,653fac59b39288e6,25,5.915277777777778,0
swarm_lab,47ae5a563ae45049,47,3.578333333333333,0
swarm_lab,9c298d93e3272ef5,52,2.664722222222222,0
swarm_lab,f9c3b67f679bb480,1,0.0,0
swarm_lab,3dcab8aa791d81b1,14,2.1147222222222224,0
swarm_lab,c56014c671566c32,8,8.755277777777778,1
swarm_lab,70346bf1a59e0b2a,5,2.841388888888889,0
swarm_lab,49276e2d2913bc91,2,0.09888888888888889,0
swarm_lab,24678c1869281e9f,2,0.1125,0
swarm_lab,342a9367b29b79d0,2,0.10972222222222222,0
swarm_lab,b932f0a46ba7476c,1,0.0,0
swarm_lab,147bc80c14039e27,3,2.1216666666666666,0
swarm_lab,21f194495bc9502b,2,0.10805555555555556,0
swarm_lab,cc0cec077cc01dce,1,0.0,0
swarm_lab,20b6d311adaf2541,2,0.11972222222222222,0
swarm_lab,d877942719257b29,2,0.12277777777777778,0
swarm_lab,013509a1fe1d5a5a,2,0.11305555555555556,0
swarm_lab,78854a094a1ff153,2,0.12611111111111112,0
swarm_lab,10a534367c17ab82,2,0.11888888888888889,0
swarm_lab,df7d16796db08126,1,0.0,0
swarm_lab,714b8fa191fa952c,1,0.0,0
swarm_lab,095d067831fbed20,8,1.343888888888889,0
swarm_lab,ad2284e1e6473e65,16,0.8705555555555555,0
swarm_lab,84751f0ba0be1b36,2,1.305,0
swarm_lab,1a7998d8c678a0ea,2,1.3047222222222221,0
swarm_lab,31263636bdd3cf85,81,5.517222222222222,0
swarm_lab,0480c8106673a0fb,3,1.3130555555555556,0
swarm_lab,3e0ec48360a14e01,8,2.568611111111111,0
swarm_lab,0f94c75d4bf8ad4f,2,1.3055555555555556,0
swarm_lab,f5c1d22807d4de37,4,1.083888888888889,0
swarm_lab,2d542da2a0cf6f2f,7,1.8725,0
swarm_lab,818fc5712feff586,4,0.44222222222222224,0
swarm_lab,8f7b4f94e3cd2216,31,7.371111111111111,1
swarm_lab,544979376cdda4b0,3,1.801388888888889,0
swarm_lab,a9dd0fe3a0971e5e,41,3.0805555555555557,0
swarm_lab,15262f82e0282979,1,0.0,0
swarm_lab,2aa4c70ba5346894,1,0.0,0
swarm_lab,cbc1abc146367d7e,32,4.791111111111111,0
swarm_lab,374b827107631b89,4,2.678611111111111,0
swarm_lab,250b29ec70e8503c,15,2.1633333333333336,0
swarm_lab,62a2078c1dba9537,6,1.341388888888889,0
swarm_lab,3c4447531dfe7df9,13,3.451111111111111,2
swarm_lab,38b9dad6e8f45b59,4,0.19444444444444445,0
swarm_lab,c78f09c1ee4c8448,19,4.418333333333333,3
swarm_lab,702638905ba37f80,7,0.2822222222222222,0
swarm_lab,046b7fa8dc68a832,18,2.1530555555555555,1
swarm_lab,53d705ac3b957074,1,0.0,1
swarm_lab,1661fe1adbb90374,27,3.213611111111111,0
swarm_lab,76352c520b6543b6,1,0.0,0
swarm_lab,c534ef7f6abdb16c,2,0.9202777777777778,0
swarm_lab,b5cd5d482a39607d,5,0.11361111111111111,0
swarm_lab,ed4b3bfb9c0b0899,31,2.928611111111111,0
swarm_lab,dada5c5b3b9f7413,3,0.12916666666666668,0
swarm_lab,dcfdba0a310c45be,8,3.6125,0
swarm_lab,42fe9ea818c3cee5,5,1.7816666666666667,0
swarm_lab,f2a0e12283f947a0,17,4.007777777777778,2
swarm_lab,3a96b6d75633400f,4,2.0952777777777776,1
swarm_lab,920ab0ee522afca5,6,0.6844444444444444,0
swarm_lab,0968464604ea8d83,6,0.615,0
swarm_lab,1a38c97d052b5d80,7,0.7038888888888889,0
swarm_lab,b4ccd579914e8a1e,5,0.09472222222222222,0
swarm_lab,cf01bac9087f2452,7,0.5941666666666666,0
swarm_lab,fff079738ed59060,11,0.6219444444444444,0
swarm_lab,8580ffd7fac1c7c5,8,0.5575,0
swarm_lab,ec538cdc998e8560,17,0.33694444444444444,0
swarm_lab,366a8180b10ed38c,10,0.6933333333333334,0
swarm_lab,f7e25d319bcdd78b,1,0.0,0
swarm_lab,53a28abb83e1599d,8,0.8488888888888889,0
swarm_lab,2f8072a7270498f0,7,2.368333333333333,0
swarm_lab,38b2a2ff7abf516e,1,0.0,0
swarm_lab,f99706737900a499,5,0.07083333333333333,0
swarm_lab,e12db7c1b08cea52,7,1.2105555555555556,1
swarm_lab,9afff1bc615a2f16,10,2.131111111111111,1
swarm_lab,57813b2ad29e02cb,1,0.0,0
swarm_lab,f9a202488d8e7cc4,2,1.3108333333333333,0
swarm_lab,3f641448a3fb539b,2,1.311388888888889,0
swarm_lab,db41a1e00d605788,2,1.3111111111111111,0
swarm_lab,d906bd055f41f661,8,2.180277777777778,0
swarm_lab,393026e75d714e2a,1,0.0,0
swarm_lab,5a8d61cd543ac443,2,0.2986111111111111,0
swarm_lab,14887e6349460a11,1,0.0,0
swarm_lab,82e7e3b3c1f9bd38,1,0.0,0
swarm_lab,8398abdede142e87,2,0.31027777777777776,0
swarm_lab,dfc9c3b332c175ff,2,0.30777777777777776,0
swarm_lab,cb288171e1a709c2,2,0.3075,0
swarm_lab,49e17c17985f0254,2,0.31194444444444447,0
swarm_lab,e1ba73b59b16aac3,65,5.354444444444445,0
swarm_lab,0747e4c34e135f7b,2,1.3180555555555555,0
swarm_lab,86ad344d7cea9474,8,0.9786111111111111,0
swarm_lab,457c3c4a46a7d2a8,7,3.7083333333333335,0
swarm_lab,cfd12ceee2f5ff05,7,0.45444444444444443,0
swarm_lab,3ced8c1e6eba1845,2,3.3830555555555555,0
swarm_lab,6e83e41cf79dbfe5,2,0.13083333333333333,0
swarm_lab,fd1f01a238d494a2,25,10.044722222222223,0
swarm_lab,a97ae95ed802b3c4,2,0.028888888888888888,0
swarm_lab,a2a3ff0cb3cd7a0e,5,0.52,0
swarm_lab,e0ca9918028a586f,12,0.7455555555555555,0
swarm_lab,a65ac9dea62ca6f2,2,0.017777777777777778,0
swarm_lab,d39f036dca5819c3,7,0.16083333333333333,0
swarm_lab,ab428a723a250e46,1,0.0,0
swarm_lab,da542b693bd22938,3,1.395,0
swarm_lab,a8c4f38a70e3e3e3,6,0.06722222222222222,0
swarm_lab,ec7ff6229b659701,2,0.1125,0
swarm_lab,85ecf02102d95116,9,0.2861111111111111,0
swarm_lab,a12da8db26e4272a,1,0.0,0
swarm_lab,d0aedcd129c5524a,3,0.22527777777777777,0
swarm_lab,bc971c7cbad1ee0b,12,0.5236111111111111,0
swarm_lab,6e0a53c403d38342,13,0.6022222222222222,0
swarm_lab,4a5d3a233bed515c,7,0.35555555555555557,0
swarm_lab,1203ff54f468653a,4,0.6413888888888889,0
swarm_lab,719ce3f17dbb353a,12,3.4283333333333332,0
swarm_lab,00a58241cba9a93f,13,1.8905555555555555,0
swarm_lab,c9ccd136fcb5ed07,6,0.2980555555555556,0
swarm_lab,b14ceb6c94a7f65d,4,0.10333333333333333,0
swarm_lab,72eec9329fef6c41,3,0.7244444444444444,0
swarm_lab,ad7a580a1d6572d2,4,0.17888888888888888,0
swarm_lab,0898a5302e01b2b4,15,0.9052777777777777,0
swarm_lab,83eb4669909de432,3,0.3616666666666667,0
swarm_lab,8a86c809b690f6ec,19,1.3788888888888888,0
swarm_lab,eda2fdb8ba3d5713,17,0.8052777777777778,0
swarm_lab,26688bb78a831324,16,1.0911111111111111,0
swarm_lab,c98507db047cb882,7,0.8436111111111111,0
swarm_lab,82527038621bbb81,12,0.4036111111111111,0
swarm_lab,6ae2016102aeb561,15,0.8411111111111111,1
swarm_lab,e2c66bfdfa0158b7,5,0.21083333333333334,0
swarm_lab,a37629fd22d80579,2,0.0175,0
swarm_lab,11e3b62db06c34e4,76,6.7175,1
swarm_lab,65f9282bdbef80a4,2,0.0,0
swarm_lab,cea1e8f65844b579,70,9.246666666666666,0
swarm_lab,e8340c9aa7be859a,50,6.918888888888889,0
swarm_lab,8c5f69253e744b2a,64,7.219722222222222,0
swarm_lab,b66e7d07f59174c3,34,5.2425,0
swarm_lab,ac2e9b35c82148f1,16,1.7922222222222222,0
swarm_lab,42a9e9e40275efbf,8,1.0141666666666667,0
swarm_lab,a636e065b3e3f36b,133,11.501666666666667,0
swarm_lab,60b34495b144cac7,57,5.588611111111111,0
swarm_lab,85dc0349a043a370,34,10.894166666666667,0
swarm_lab,d2b08a702dd75665,65,5.252777777777778,1
swarm_lab,43663e7a858ce5c5,56,7.760833333333333,0
swarm_lab,b562743b97fc3dbf,5,0.04555555555555556,0
swarm_lab,f8347bca3cbad5f2,69,7.990555555555556,0
swarm_lab,943d78cdf4c14ea3,5,0.06583333333333333,0
swarm_lab,64284836f0b0f525,8,3.0575,0
